transaction_id,is_fraud,is_spike_injected,injected_spike_event_id,benign_event_id,is_within_spike_window,active_spike_event_id,fraud_scenario_family,false_positive_cost_if_blocked_inr,fraud_loss_if_missed_inr
T000001,0,0,,,0,,,177.26,0.0
T000002,0,0,,,0,,,182.44,0.0
T000003,0,0,,,0,,,172.68,0.0
T000004,0,0,,,0,,,80.32,0.0
T000005,0,0,,,0,,,201.85,0.0
T000006,0,0,,,0,,,339.12,0.0
T000007,0,0,,,0,,,587.28,0.0
T000008,1,0,,,0,,,0.0,8852.15
T000009,0,0,,,0,,,402.01,0.0
T000010,0,0,,,0,,,594.35,0.0
T000011,0,0,,,0,,,327.56,0.0
T000012,0,0,,,0,,,254.97,0.0
T000013,0,0,,,0,,,209.35,0.0
T000014,0,0,,,0,,,333.93,0.0
T000015,0,0,,,0,,,171.44,0.0
T000016,0,0,,,0,,,149.91,0.0
T000017,0,0,,,0,,,184.65,0.0
T000018,0,0,,,0,,,150.62,0.0
T000019,0,0,,,0,,,136.51,0.0
T000020,0,0,,,0,,,269.02,0.0
T000021,0,0,,,0,,,542.38,0.0
T000022,0,0,,,0,,,164.67,0.0
T000023,0,0,,,0,,,162.22,0.0
T000024,0,0,,,0,,,418.05,0.0
T000025,0,0,,,0,,,198.73,0.0
T000026,0,0,,,0,,,185.68,0.0
T000027,0,0,,,0,,,270.88,0.0
T000028,0,0,,,0,,,213.35,0.0
T000029,0,0,,,0,,,587.37,0.0
T000030,0,0,,,0,,,245.87,0.0
T000031,0,0,,,0,,,166.95,0.0
T000032,0,0,,,0,,,161.85,0.0
T000033,0,0,,,0,,,154.56,0.0
T000034,0,0,,,0,,,118.76,0.0
T000035,0,0,,,0,,,202.23,0.0
T000036,0,0,,,0,,,203.31,0.0
T000037,0,0,,,0,,,469.87,0.0
T000038,0,0,,,0,,,272.95,0.0
T000039,0,0,,,0,,,1159.26,0.0
T000040,0,0,,,0,,,202.15,0.0
T000041,0,0,,,0,,,324.3,0.0
T000042,0,0,,,0,,,199.61,0.0
T000043,0,0,,,0,,,224.45,0.0
T000044,0,0,,,0,,,246.92,0.0
T000045,0,0,,,0,,,252.15,0.0
T000046,0,0,,,0,,,229.88,0.0
T000047,0,0,,,0,,,203.11,0.0
T000048,0,0,,,0,,,177.96,0.0
T000049,0,0,,,0,,,165.16,0.0
T000050,0,0,,,0,,,448.39,0.0
T000051,0,0,,,0,,,176.46,0.0
T000052,0,0,,,0,,,552.69,0.0
T000053,0,0,,,0,,,387.59,0.0
T000054,0,0,,,0,,,158.73,0.0
T000055,0,0,,,0,,,241.09,0.0
T000056,0,0,,,0,,,241.2,0.0
T000057,0,0,,,0,,,159.09,0.0
T000058,0,0,,,0,,,183.69,0.0
T000059,0,0,,,0,,,325.49,0.0
T000060,0,0,,,0,,,110.67,0.0
T000061,0,0,,,0,,,143.16,0.0
T000062,0,0,,,0,,,244.06,0.0
T000063,0,0,,,0,,,239.7,0.0
T000064,0,0,,,0,,,114.38,0.0
T000065,0,0,,,0,,,322.49,0.0
T000066,0,0,,,0,,,157.67,0.0
T000067,0,0,,,0,,,408.11,0.0
T000068,0,0,,,0,,,219.44,0.0
T000069,0,0,,,0,,,189.07,0.0
T000070,0,0,,,0,,,160.89,0.0
T000071,0,0,,,0,,,192.32,0.0
T000072,0,0,,,0,,,211.84,0.0
T000073,0,0,,,0,,,152.3,0.0
T000074,0,0,,,0,,,171.99,0.0
T000075,0,0,,,0,,,232.85,0.0
T000076,0,0,,,0,,,130.65,0.0
T000077,0,0,,,0,,,249.38,0.0
T000078,0,0,,,0,,,402.45,0.0
T000079,0,0,,,0,,,260.17,0.0
T000080,0,0,,,0,,,169.15,0.0
T000081,0,0,,,0,,,446.55,0.0
T000082,0,0,,,0,,,281.82,0.0
T000083,0,0,,,0,,,155.84,0.0
T000084,0,0,,,0,,,203.04,0.0
T000085,0,0,,,0,,,450.37,0.0
T000086,0,0,,,0,,,366.89,0.0
T000087,0,0,,,0,,,540.96,0.0
T000088,0,0,,,0,,,145.67,0.0
T000089,0,0,,,0,,,57.42,0.0
T000090,0,0,,,0,,,173.67,0.0
T000091,0,0,,,0,,,264.56,0.0
T000092,0,0,,,0,,,675.04,0.0
T000093,0,0,,,0,,,176.65,0.0
T000094,0,0,,,0,,,208.89,0.0
T000095,0,0,,,0,,,206.7,0.0
T000096,0,0,,,0,,,373.69,0.0
T000097,0,0,,,0,,,341.05,0.0
T000098,0,0,,,0,,,161.15,0.0
T000099,0,0,,,0,,,180.3,0.0
T000100,0,0,,,0,,,167.64,0.0
T000101,0,0,,,0,,,283.66,0.0
T000102,0,0,,,0,,,180.2,0.0
T000103,0,0,,,0,,,765.93,0.0
T000104,0,0,,,0,,,211.14,0.0
T000105,0,0,,,0,,,135.1,0.0
T000106,0,0,,,0,,,298.57,0.0
T000107,0,0,,,0,,,261.84,0.0
T000108,0,0,,,0,,,194.19,0.0
T000109,0,0,,,0,,,177.36,0.0
T000110,0,0,,,0,,,262.4,0.0
T000111,0,0,,,0,,,162.69,0.0
T000112,0,0,,,0,,,154.7,0.0
T000113,0,0,,,0,,,226.09,0.0
T000114,0,0,,,0,,,223.22,0.0
T000115,0,0,,,0,,,141.66,0.0
T000116,0,0,,,0,,,265.98,0.0
T000117,0,0,,,0,,,263.46,0.0
T000118,0,0,,,0,,,167.05,0.0
T000119,0,0,,,0,,,169.75,0.0
T000120,0,0,,,0,,,547.99,0.0
T000121,0,0,,,0,,,75.05,0.0
T000122,0,0,,,0,,,214.58,0.0
T000123,0,0,,,0,,,164.95,0.0
T000124,0,0,,,0,,,193.3,0.0
T000125,0,0,,,0,,,178.85,0.0
T000126,0,0,,,0,,,182.16,0.0
T000127,0,0,,,0,,,293.17,0.0
T000128,0,0,,,0,,,154.92,0.0
T000129,0,0,,,0,,,222.35,0.0
T000130,0,0,,,0,,,202.06,0.0
T000131,0,0,,,0,,,174.87,0.0
T000132,0,0,,,0,,,265.13,0.0
T000133,0,0,,,0,,,209.62,0.0
T000134,0,0,,,0,,,152.14,0.0
T000135,0,0,,,0,,,231.14,0.0
T000136,0,0,,,0,,,203.81,0.0
T000137,0,0,,,0,,,283.22,0.0
T000138,0,0,,,0,,,413.22,0.0
T000139,0,0,,,0,,,303.63,0.0
T000140,0,0,,,0,,,334.49,0.0
T000141,0,0,,,0,,,405.84,0.0
T000142,0,0,,,0,,,152.54,0.0
T000143,0,0,,,0,,,217.99,0.0
T000144,0,0,,,0,,,232.52,0.0
T000145,0,0,,,0,,,152.57,0.0
T000146,0,0,,,0,,,379.34,0.0
T000147,0,0,,,0,,,196.03,0.0
T000148,0,0,,,0,,,209.04,0.0
T000149,0,0,,,0,,,157.01,0.0
T000150,0,0,,,0,,,327.1,0.0
T000151,0,0,,,0,,,120.15,0.0
T000152,0,0,,,0,,,248.47,0.0
T000153,0,0,,,0,,,296.46,0.0
T000154,0,0,,,0,,,165.62,0.0
T000155,0,0,,,0,,,171.21,0.0
T000156,0,0,,,0,,,381.73,0.0
T000157,0,0,,,0,,,205.11,0.0
T000158,0,0,,,0,,,332.03,0.0
T000159,0,0,,,0,,,608.41,0.0
T000160,0,0,,,0,,,176.25,0.0
T000161,0,0,,,0,,,112.13,0.0
T000162,0,0,,,0,,,698.99,0.0
T000163,0,0,,,0,,,169.16,0.0
T000164,0,0,,,0,,,208.69,0.0
T000165,0,0,,,0,,,358.69,0.0
T000166,0,0,,,0,,,374.31,0.0
T000167,0,0,,,0,,,168.85,0.0
T000168,0,0,,,0,,,410.8,0.0
T000169,0,0,,,0,,,1301.03,0.0
T000170,0,0,,,0,,,295.21,0.0
T000171,0,0,,,0,,,371.83,0.0
T000172,0,0,,,0,,,449.46,0.0
T000173,0,0,,,0,,,174.52,0.0
T000174,0,0,,,0,,,176.69,0.0
T000175,0,0,,,0,,,267.67,0.0
T000176,0,0,,,0,,,254.08,0.0
T000177,0,0,,,0,,,426.94,0.0
T000178,0,0,,,0,,,1589.66,0.0
T000179,0,0,,,0,,,190.35,0.0
T000180,0,0,,,0,,,182.56,0.0
T000181,0,0,,,0,,,197.17,0.0
T000182,0,0,,,0,,,155.7,0.0
T000183,0,0,,,0,,,233.43,0.0
T000184,0,0,,,0,,,285.04,0.0
T000185,0,0,,,0,,,176.94,0.0
T000186,0,0,,,0,,,167.61,0.0
T000187,0,0,,,0,,,170.02,0.0
T000188,0,0,,,0,,,291.45,0.0
T000189,0,0,,,0,,,186.99,0.0
T000190,0,0,,,0,,,208.69,0.0
T000191,0,0,,,0,,,166.85,0.0
T000192,0,0,,,0,,,493.18,0.0
T000193,0,0,,,0,,,214.08,0.0
T000194,0,0,,,0,,,166.38,0.0
T000195,0,0,,,0,,,175.47,0.0
T000196,0,0,,,0,,,264.3,0.0
T000197,0,0,,,0,,,250.15,0.0
T000198,0,0,,,0,,,130.67,0.0
T000199,0,0,,,0,,,243.79,0.0
T000200,0,0,,,0,,,222.29,0.0
T000201,0,0,,,0,,,208.1,0.0
T000202,0,0,,,0,,,183.44,0.0
T000203,1,0,,,0,,,0.0,4217.98
T000204,0,0,,,0,,,664.97,0.0
T000205,0,0,,,0,,,241.92,0.0
T000206,0,0,,,0,,,242.08,0.0
T000207,0,0,,,0,,,232.14,0.0
T000208,0,0,,,0,,,215.01,0.0
T000209,0,0,,,0,,,222.69,0.0
T000210,0,0,,,0,,,214.66,0.0
T000211,0,0,,,0,,,315.98,0.0
T000212,0,0,,,0,,,361.66,0.0
T000213,0,0,,,0,,,279.55,0.0
T000214,0,0,,,0,,,194.47,0.0
T000215,0,0,,,0,,,91.52,0.0
T000216,0,0,,,0,,,533.92,0.0
T000217,0,0,,,0,,,378.37,0.0
T000218,0,0,,,0,,,238.1,0.0
T000219,0,0,,,0,,,178.21,0.0
T000220,0,0,,,0,,,234.22,0.0
T000221,0,0,,,0,,,293.58,0.0
T000222,0,0,,,0,,,206.95,0.0
T000223,0,0,,,0,,,202.5,0.0
T000224,0,0,,,0,,,203.17,0.0
T000225,0,0,,,0,,,141.2,0.0
T000226,0,0,,,0,,,273.39,0.0
T000227,0,0,,,0,,,309.99,0.0
T000228,0,0,,,0,,,212.81,0.0
T000229,0,0,,,0,,,429.8,0.0
T000230,0,0,,,0,,,205.05,0.0
T000231,0,0,,,0,,,155.06,0.0
T000232,0,0,,,0,,,529.56,0.0
T000233,0,0,,,0,,,149.0,0.0
T000234,1,0,,,0,,,0.0,676.39
T000235,0,0,,,0,,,118.28,0.0
T000236,0,0,,,0,,,87.17,0.0
T000237,0,0,,,0,,,136.1,0.0
T000238,0,0,,,0,,,215.69,0.0
T000239,0,0,,,0,,,182.01,0.0
T000240,0,0,,,0,,,177.93,0.0
T000241,0,0,,,0,,,160.1,0.0
T000242,0,0,,,0,,,239.79,0.0
T000243,0,0,,,0,,,120.63,0.0
T000244,0,0,,,0,,,829.17,0.0
T000245,0,0,,,0,,,154.23,0.0
T000246,0,0,,,0,,,1151.65,0.0
T000247,0,0,,,0,,,444.25,0.0
T000248,0,0,,,0,,,187.11,0.0
T000249,0,0,,,0,,,175.79,0.0
T000250,0,0,,,0,,,241.41,0.0
T000251,0,0,,,0,,,169.31,0.0
T000252,0,0,,,0,,,176.04,0.0
T000253,0,0,,,0,,,188.36,0.0
T000254,0,0,,,0,,,295.93,0.0
T000255,0,0,,,0,,,177.31,0.0
T000256,0,0,,,0,,,199.96,0.0
T000257,0,0,,,0,,,423.58,0.0
T000258,0,0,,,0,,,443.15,0.0
T000259,0,0,,,0,,,236.28,0.0
T000260,0,0,,,0,,,146.06,0.0
T000261,0,0,,,0,,,811.56,0.0
T000262,0,0,,,0,,,230.29,0.0
T000263,0,0,,,0,,,170.25,0.0
T000264,0,0,,,0,,,326.71,0.0
T000265,0,0,,,0,,,238.11,0.0
T000266,0,0,,,0,,,207.56,0.0
T000267,0,0,,,0,,,159.36,0.0
T000268,0,0,,,0,,,212.51,0.0
T000269,0,0,,,0,,,206.2,0.0
T000270,0,0,,,0,,,183.54,0.0
T000271,0,0,,,0,,,235.02,0.0
T000272,0,0,,,0,,,192.27,0.0
T000273,0,0,,,0,,,561.79,0.0
T000274,0,0,,,0,,,280.87,0.0
T000275,0,0,,,0,,,215.38,0.0
T000276,0,0,,,0,,,212.68,0.0
T000277,0,0,,,0,,,132.48,0.0
T000278,0,0,,,0,,,545.0,0.0
T000279,0,0,,,0,,,201.5,0.0
T000280,0,0,,,0,,,366.53,0.0
T000281,0,0,,,0,,,196.15,0.0
T000282,0,0,,,0,,,158.63,0.0
T000283,0,0,,,0,,,548.28,0.0
T000284,0,0,,,0,,,228.69,0.0
T000285,0,0,,,0,,,150.88,0.0
T000286,0,0,,,0,,,204.81,0.0
T000287,0,0,,,0,,,338.56,0.0
T000288,0,0,,,0,,,297.53,0.0
T000289,0,0,,,0,,,183.95,0.0
T000290,0,0,,,0,,,243.14,0.0
T000291,0,0,,,0,,,392.15,0.0
T000292,0,0,,,0,,,208.95,0.0
T000293,1,0,,,0,,,0.0,677.54
T000294,0,0,,,0,,,303.43,0.0
T000295,0,0,,,0,,,193.12,0.0
T000296,0,0,,,0,,,289.67,0.0
T000297,0,0,,,0,,,166.98,0.0
T000298,0,0,,,0,,,199.2,0.0
T000299,0,0,,,0,,,164.85,0.0
T000300,0,0,,,0,,,143.7,0.0
T000301,0,0,,,0,,,178.27,0.0
T000302,0,0,,,0,,,307.5,0.0
T000303,0,0,,,0,,,551.47,0.0
T000304,0,0,,,0,,,228.88,0.0
T000305,0,0,,,0,,,151.72,0.0
T000306,0,0,,,0,,,417.69,0.0
T000307,0,0,,,0,,,175.21,0.0
T000308,0,0,,,0,,,206.67,0.0
T000309,0,0,,,0,,,258.1,0.0
T000310,0,0,,,0,,,406.47,0.0
T000311,0,0,,,0,,,167.33,0.0
T000312,0,0,,,0,,,387.4,0.0
T000313,0,0,,,0,,,456.31,0.0
T000314,0,0,,,0,,,302.69,0.0
T000315,0,0,,,0,,,271.1,0.0
T000316,0,0,,,0,,,160.04,0.0
T000317,0,0,,,0,,,197.27,0.0
T000318,0,0,,,0,,,295.04,0.0
T000319,0,0,,,0,,,195.81,0.0
T000320,0,0,,,0,,,190.27,0.0
T000321,0,0,,,0,,,174.59,0.0
T000322,0,0,,,0,,,247.57,0.0
T000323,0,0,,,0,,,164.66,0.0
T000324,0,0,,,0,,,244.07,0.0
T000325,0,0,,,0,,,1117.42,0.0
T000326,0,0,,,0,,,215.0,0.0
T000327,0,0,,,0,,,134.71,0.0
T000328,0,0,,,0,,,240.2,0.0
T000329,1,0,,,0,,,0.0,824.55
T000330,0,0,,,0,,,189.57,0.0
T000331,0,0,,,0,,,281.43,0.0
T000332,0,0,,,0,,,282.29,0.0
T000333,0,0,,,0,,,234.6,0.0
T000334,0,0,,,0,,,134.31,0.0
T000335,0,0,,,0,,,406.83,0.0
T000336,0,0,,,0,,,186.57,0.0
T000337,0,0,,,0,,,163.93,0.0
T000338,0,0,,,0,,,177.63,0.0
T000339,0,0,,,0,,,189.32,0.0
T000340,0,0,,,0,,,167.74,0.0
T000341,0,0,,,0,,,214.52,0.0
T000342,0,0,,,0,,,205.87,0.0
T000343,0,0,,,0,,,215.79,0.0
T000344,0,0,,,0,,,282.57,0.0
T000345,0,0,,,0,,,187.1,0.0
T000346,0,0,,,0,,,335.96,0.0
T000347,0,0,,,0,,,108.66,0.0
T000348,0,0,,,0,,,197.34,0.0
T000349,0,0,,,0,,,221.17,0.0
T000350,0,0,,,0,,,194.29,0.0
T000351,0,0,,,0,,,236.59,0.0
T000352,1,0,,,0,,,0.0,1682.75
T000353,0,0,,,0,,,1167.54,0.0
T000354,0,0,,,0,,,200.15,0.0
T000355,0,0,,,0,,,392.72,0.0
T000356,0,0,,,0,,,510.72,0.0
T000357,0,0,,,0,,,308.53,0.0
T000358,0,0,,,0,,,186.38,0.0
T000359,0,0,,,0,,,162.62,0.0
T000360,0,0,,,0,,,192.58,0.0
T000361,0,0,,,0,,,207.32,0.0
T000362,0,0,,,0,,,440.56,0.0
T000363,0,0,,,0,,,561.93,0.0
T000364,0,0,,,0,,,307.43,0.0
T000365,0,0,,,0,,,217.48,0.0
T000366,0,0,,,0,,,917.88,0.0
T000367,0,0,,,0,,,186.96,0.0
T000368,0,0,,,0,,,897.28,0.0
T000369,0,0,,,0,,,174.75,0.0
T000370,0,0,,,0,,,201.03,0.0
T000371,0,0,,,0,,,227.75,0.0
T000372,0,0,,,0,,,212.51,0.0
T000373,0,0,,,0,,,249.31,0.0
T000374,0,0,,,0,,,292.2,0.0
T000375,0,0,,,0,,,328.62,0.0
T000376,0,0,,,0,,,251.87,0.0
T000377,0,0,,,0,,,215.32,0.0
T000378,0,0,,,0,,,159.33,0.0
T000379,0,0,,,0,,,381.77,0.0
T000380,0,0,,,0,,,200.22,0.0
T000381,0,0,,,0,,,214.21,0.0
T000382,0,0,,,0,,,203.2,0.0
T000383,0,0,,,0,,,179.25,0.0
T000384,0,0,,,0,,,176.21,0.0
T000385,0,0,,,0,,,388.88,0.0
T000386,0,0,,,0,,,191.93,0.0
T000387,0,0,,,0,,,229.57,0.0
T000388,0,0,,,0,,,308.8,0.0
T000389,0,0,,,0,,,652.69,0.0
T000390,0,0,,,0,,,357.9,0.0
T000391,0,0,,,0,,,1295.59,0.0
T000392,0,0,,,0,,,184.24,0.0
T000393,0,0,,,0,,,153.26,0.0
T000394,0,0,,,0,,,164.2,0.0
T000395,0,0,,,0,,,331.97,0.0
T000396,0,0,,,0,,,247.7,0.0
T000397,1,0,,,0,,,0.0,3110.66
T000398,0,0,,,0,,,184.53,0.0
T000399,0,0,,,0,,,584.12,0.0
T000400,0,0,,,0,,,178.83,0.0
T000401,0,0,,,0,,,197.56,0.0
T000402,0,0,,,0,,,172.57,0.0
T000403,0,0,,,0,,,156.12,0.0
T000404,0,0,,,0,,,170.54,0.0
T000405,0,0,,,0,,,628.66,0.0
T000406,0,0,,,0,,,154.79,0.0
T000407,0,0,,,0,,,163.32,0.0
T000408,0,0,,,0,,,405.28,0.0
T000409,0,0,,,0,,,328.88,0.0
T000410,0,0,,,0,,,165.7,0.0
T000411,0,0,,,0,,,179.76,0.0
T000412,0,0,,,0,,,173.57,0.0
T000413,0,0,,,0,,,316.02,0.0
T000414,0,0,,,0,,,165.85,0.0
T000415,0,0,,,0,,,225.89,0.0
T000416,0,0,,,0,,,662.02,0.0
T000417,0,0,,,0,,,321.59,0.0
T000418,0,0,,,0,,,352.17,0.0
T000419,0,0,,,0,,,93.98,0.0
T000420,0,0,,,0,,,206.74,0.0
T000421,0,0,,,0,,,345.39,0.0
T000422,0,0,,,0,,,152.3,0.0
T000423,0,0,,,0,,,193.31,0.0
T000424,0,0,,,0,,,756.7,0.0
T000425,0,0,,,0,,,782.46,0.0
T000426,0,0,,,0,,,294.15,0.0
T000427,0,0,,,0,,,179.34,0.0
T000428,0,0,,,0,,,296.2,0.0
T000429,0,0,,,0,,,167.93,0.0
T000430,0,0,,,0,,,415.22,0.0
T000431,0,0,,,0,,,316.8,0.0
T000432,0,0,,,0,,,594.63,0.0
T000433,0,0,,,0,,,154.77,0.0
T000434,0,0,,,0,,,240.96,0.0
T000435,0,0,,,0,,,186.41,0.0
T000436,0,0,,,0,,,246.74,0.0
T000437,0,0,,,0,,,503.9,0.0
T000438,0,0,,,0,,,475.74,0.0
T000439,0,0,,,0,,,141.76,0.0
T000440,0,0,,,0,,,403.06,0.0
T000441,0,0,,,0,,,281.9,0.0
T000442,0,0,,,0,,,182.8,0.0
T000443,0,0,,,0,,,216.7,0.0
T000444,0,0,,,0,,,173.05,0.0
T000445,0,0,,,0,,,257.62,0.0
T000446,0,0,,,0,,,182.66,0.0
T000447,0,0,,,0,,,217.38,0.0
T000448,0,0,,,0,,,337.4,0.0
T000449,0,0,,,0,,,683.58,0.0
T000450,0,0,,,0,,,177.72,0.0
T000451,0,0,,,0,,,184.83,0.0
T000452,0,0,,,0,,,294.98,0.0
T000453,0,0,,,0,,,595.7,0.0
T000454,0,0,,,0,,,148.71,0.0
T000455,0,0,,,0,,,194.18,0.0
T000456,0,0,,,0,,,441.18,0.0
T000457,0,0,,,0,,,137.18,0.0
T000458,0,0,,,0,,,172.87,0.0
T000459,0,0,,,0,,,235.04,0.0
T000460,0,0,,,0,,,203.24,0.0
T000461,0,0,,,0,,,381.63,0.0
T000462,0,0,,,0,,,132.55,0.0
T000463,0,0,,,0,,,463.68,0.0
T000464,0,0,,,0,,,546.87,0.0
T000465,0,0,,,0,,,2133.14,0.0
T000466,0,0,,,0,,,300.62,0.0
T000467,0,0,,,0,,,381.71,0.0
T000468,0,0,,,0,,,233.99,0.0
T000469,0,0,,,0,,,174.31,0.0
T000470,0,0,,,0,,,211.86,0.0
T000471,0,0,,,0,,,549.82,0.0
T000472,0,0,,,0,,,200.59,0.0
T000473,0,0,,,0,,,237.48,0.0
T000474,0,0,,,0,,,228.04,0.0
T000475,0,0,,,0,,,188.23,0.0
T000476,0,0,,,0,,,302.45,0.0
T000477,0,0,,,0,,,138.11,0.0
T000478,0,0,,,0,,,417.7,0.0
T000479,0,0,,,0,,,334.86,0.0
T000480,0,0,,,0,,,505.56,0.0
T000481,0,0,,,0,,,196.26,0.0
T000482,0,0,,,0,,,949.59,0.0
T000483,0,0,,,0,,,733.66,0.0
T000484,0,0,,,0,,,165.69,0.0
T000485,0,0,,,0,,,264.23,0.0
T000486,0,0,,,0,,,214.36,0.0
T000487,0,0,,,0,,,289.97,0.0
T000488,0,0,,,0,,,232.86,0.0
T000489,0,0,,,0,,,220.81,0.0
T000490,0,0,,,0,,,830.66,0.0
T000491,0,0,,,0,,,176.73,0.0
T000492,0,0,,,0,,,241.18,0.0
T000493,0,0,,,0,,,171.08,0.0
T000494,0,0,,,0,,,303.52,0.0
T000495,0,0,,,0,,,62.58,0.0
T000496,0,0,,,0,,,184.62,0.0
T000497,0,0,,,0,,,637.34,0.0
T000498,0,0,,,0,,,170.14,0.0
T000499,0,0,,,0,,,415.46,0.0
T000500,0,0,,,0,,,175.02,0.0
T000501,0,0,,,0,,,227.59,0.0
T000502,0,0,,,0,,,442.97,0.0
T000503,0,0,,,0,,,252.07,0.0
T000504,0,0,,,0,,,117.05,0.0
T000505,0,0,,,0,,,542.35,0.0
T000506,0,0,,,0,,,383.96,0.0
T000507,0,0,,,0,,,365.59,0.0
T000508,0,0,,,0,,,332.09,0.0
T000509,0,0,,,0,,,428.46,0.0
T000510,1,0,,,0,,,0.0,864.68
T000511,0,0,,,0,,,267.99,0.0
T000512,0,0,,,0,,,183.34,0.0
T000513,0,0,,,0,,,510.38,0.0
T000514,0,0,,,0,,,171.41,0.0
T000515,0,0,,,0,,,194.21,0.0
T000516,0,0,,,0,,,158.4,0.0
T000517,0,0,,,0,,,178.43,0.0
T000518,0,0,,,0,,,458.29,0.0
T000519,0,0,,,0,,,417.95,0.0
T000520,0,0,,,0,,,180.75,0.0
T000521,0,0,,,0,,,244.58,0.0
T000522,0,0,,,0,,,168.7,0.0
T000523,0,0,,,0,,,75.22,0.0
T000524,0,0,,,0,,,388.99,0.0
T000525,0,0,,,0,,,745.29,0.0
T000526,0,0,,,0,,,215.93,0.0
T000527,0,0,,,0,,,205.99,0.0
T000528,0,0,,,0,,,328.63,0.0
T000529,0,0,,,0,,,158.37,0.0
T000530,0,0,,,0,,,184.49,0.0
T000531,0,0,,,0,,,860.32,0.0
T000532,0,0,,,0,,,202.86,0.0
T000533,0,0,,,0,,,455.29,0.0
T000534,0,0,,,0,,,160.91,0.0
T000535,0,0,,,0,,,181.46,0.0
T000536,0,0,,,0,,,327.34,0.0
T000537,0,0,,,0,,,494.75,0.0
T000538,0,0,,,0,,,166.92,0.0
T000539,0,0,,,0,,,266.09,0.0
T000540,0,0,,,0,,,538.34,0.0
T000541,0,0,,,0,,,193.04,0.0
T000542,0,0,,,0,,,222.38,0.0
T000543,0,0,,,0,,,182.13,0.0
T000544,0,0,,,0,,,155.19,0.0
T000545,0,0,,,0,,,225.12,0.0
T000546,0,0,,,0,,,315.59,0.0
T000547,0,0,,,0,,,502.11,0.0
T000548,0,0,,,0,,,210.33,0.0
T000549,0,0,,,0,,,287.66,0.0
T000550,0,0,,,0,,,122.61,0.0
T000551,0,0,,,0,,,287.89,0.0
T000552,0,0,,,0,,,117.68,0.0
T000553,0,0,,,0,,,385.66,0.0
T000554,0,0,,,0,,,558.05,0.0
T000555,0,0,,,0,,,191.2,0.0
T000556,0,0,,,0,,,439.7,0.0
T000557,0,0,,,0,,,185.87,0.0
T000558,0,0,,,0,,,298.84,0.0
T000559,0,0,,,0,,,97.47,0.0
T000560,0,0,,,0,,,224.54,0.0
T000561,0,0,,,0,,,304.16,0.0
T000562,0,0,,,0,,,167.73,0.0
T000563,0,0,,,0,,,177.52,0.0
T000564,0,0,,,0,,,410.1,0.0
T000565,0,0,,,0,,,343.1,0.0
T000566,0,0,,,0,,,90.93,0.0
T000567,1,0,,,0,,,0.0,13999.22
T000568,0,0,,,0,,,277.94,0.0
T000569,0,0,,,0,,,301.22,0.0
T000570,0,0,,,0,,,201.52,0.0
T000571,0,0,,,0,,,523.9,0.0
T000572,0,0,,,0,,,383.68,0.0
T000573,0,0,,,0,,,414.93,0.0
T000574,0,0,,,0,,,981.16,0.0
T000575,0,0,,,0,,,152.31,0.0
T000576,0,0,,,0,,,465.62,0.0
T000577,0,0,,,0,,,379.92,0.0
T000578,0,0,,,0,,,427.96,0.0
T000579,0,0,,,0,,,124.36,0.0
T000580,0,0,,,0,,,325.27,0.0
T000581,0,0,,,0,,,367.13,0.0
T000582,0,0,,,0,,,347.31,0.0
T000583,0,0,,,0,,,266.45,0.0
T000584,0,0,,,0,,,274.02,0.0
T000585,0,0,,,0,,,182.29,0.0
T000586,0,0,,,0,,,512.0,0.0
T000587,0,0,,,0,,,264.85,0.0
T000588,0,0,,,0,,,393.21,0.0
T000589,0,0,,,0,,,456.47,0.0
T000590,0,0,,,0,,,212.7,0.0
T000591,0,0,,,0,,,224.2,0.0
T000592,0,0,,,0,,,232.07,0.0
T000593,0,0,,,0,,,364.92,0.0
T000594,0,0,,,0,,,241.88,0.0
T000595,0,0,,,0,,,223.55,0.0
T000596,0,0,,,0,,,251.83,0.0
T000597,0,0,,,0,,,344.63,0.0
T000598,0,0,,,0,,,139.81,0.0
T000599,0,0,,,0,,,229.3,0.0
T000600,0,0,,,0,,,158.25,0.0
T000601,0,0,,,0,,,166.09,0.0
T000602,0,0,,,0,,,290.89,0.0
T000603,0,0,,,0,,,243.22,0.0
T000604,0,0,,,0,,,149.41,0.0
T000605,0,0,,,0,,,157.47,0.0
T000606,0,0,,,0,,,188.5,0.0
T000607,0,0,,,0,,,42.93,0.0
T000608,0,0,,,0,,,181.68,0.0
T000609,0,0,,,0,,,408.27,0.0
T000610,0,0,,,0,,,205.11,0.0
T000611,0,0,,,0,,,238.36,0.0
T000612,0,0,,,0,,,210.32,0.0
T000613,0,0,,,0,,,157.59,0.0
T000614,0,0,,,0,,,308.61,0.0
T000615,0,0,,,0,,,177.47,0.0
T000616,0,0,,,0,,,748.44,0.0
T000617,0,0,,,0,,,335.85,0.0
T000618,0,0,,,0,,,153.38,0.0
T000619,0,0,,,0,,,211.66,0.0
T000620,0,0,,,0,,,168.27,0.0
T000621,0,0,,,0,,,79.22,0.0
T000622,0,0,,,0,,,225.37,0.0
T000623,0,0,,,0,,,245.89,0.0
T000624,0,0,,,0,,,190.11,0.0
T000625,0,0,,,0,,,182.34,0.0
T000626,0,0,,,0,,,255.61,0.0
T000627,0,0,,,0,,,232.41,0.0
T000628,0,0,,,0,,,186.14,0.0
T000629,0,0,,,0,,,217.25,0.0
T000630,0,0,,,0,,,131.28,0.0
T000631,0,0,,,0,,,168.73,0.0
T000632,0,0,,,0,,,270.15,0.0
T000633,0,0,,,0,,,350.56,0.0
T000634,0,0,,,0,,,187.88,0.0
T000635,0,0,,,0,,,173.56,0.0
T000636,0,0,,,0,,,313.52,0.0
T000637,0,0,,,0,,,224.9,0.0
T000638,0,0,,,0,,,205.54,0.0
T000639,0,0,,,0,,,154.52,0.0
T000640,0,0,,,0,,,79.57,0.0
T000641,0,0,,,0,,,250.53,0.0
T000642,0,0,,,0,,,257.65,0.0
T000643,0,0,,,0,,,156.61,0.0
T000644,0,0,,,0,,,356.43,0.0
T000645,0,0,,,0,,,254.36,0.0
T000646,0,0,,,0,,,363.48,0.0
T000647,0,0,,,0,,,209.99,0.0
T000648,0,0,,,0,,,164.82,0.0
T000649,0,0,,,0,,,281.85,0.0
T000650,0,0,,,0,,,178.49,0.0
T000651,0,0,,,0,,,255.72,0.0
T000652,0,0,,,0,,,355.82,0.0
T000653,0,0,,,0,,,311.65,0.0
T000654,0,0,,,0,,,223.08,0.0
T000655,0,0,,,0,,,190.15,0.0
T000656,0,0,,,0,,,456.05,0.0
T000657,0,0,,,0,,,203.1,0.0
T000658,0,0,,,0,,,219.65,0.0
T000659,0,0,,,0,,,203.58,0.0
T000660,0,0,,,0,,,250.54,0.0
T000661,0,0,,,0,,,208.14,0.0
T000662,0,0,,,0,,,201.14,0.0
T000663,0,0,,,0,,,219.6,0.0
T000664,0,0,,,0,,,218.22,0.0
T000665,0,0,,,0,,,262.82,0.0
T000666,0,0,,,0,,,169.52,0.0
T000667,0,0,,,0,,,205.79,0.0
T000668,0,0,,,0,,,240.27,0.0
T000669,0,0,,,0,,,218.51,0.0
T000670,0,0,,,0,,,155.8,0.0
T000671,0,0,,,0,,,168.4,0.0
T000672,0,0,,,0,,,303.42,0.0
T000673,0,0,,,0,,,180.57,0.0
T000674,0,0,,,0,,,620.83,0.0
T000675,0,0,,,0,,,132.48,0.0
T000676,0,0,,,0,,,281.51,0.0
T000677,0,0,,,0,,,184.37,0.0
T000678,0,0,,,0,,,415.64,0.0
T000679,0,0,,,0,,,129.4,0.0
T000680,0,0,,,0,,,163.95,0.0
T000681,0,0,,,0,,,365.99,0.0
T000682,0,0,,,0,,,386.29,0.0
T000683,0,0,,,0,,,150.41,0.0
T000684,0,0,,,0,,,230.84,0.0
T000685,0,0,,,0,,,582.07,0.0
T000686,0,0,,,0,,,177.41,0.0
T000687,0,0,,,0,,,213.5,0.0
T000688,0,0,,,0,,,250.73,0.0
T000689,0,0,,,0,,,174.29,0.0
T000690,0,0,,,0,,,477.93,0.0
T000691,0,0,,,0,,,289.8,0.0
T000692,0,0,,,0,,,81.52,0.0
T000693,0,0,,,0,,,193.53,0.0
T000694,0,0,,,0,,,190.64,0.0
T000695,0,0,,,0,,,177.24,0.0
T000696,0,0,,,0,,,235.88,0.0
T000697,0,0,,,0,,,158.16,0.0
T000698,0,0,,,0,,,158.12,0.0
T000699,0,0,,,0,,,344.09,0.0
T000700,0,0,,,0,,,412.98,0.0
T000701,0,0,,,0,,,348.31,0.0
T000702,0,0,,,0,,,155.71,0.0
T000703,0,0,,,0,,,208.32,0.0
T000704,0,0,,,0,,,298.85,0.0
T000705,0,0,,,0,,,176.13,0.0
T000706,0,0,,,0,,,132.83,0.0
T000707,0,0,,,0,,,208.39,0.0
T000708,0,0,,,0,,,244.2,0.0
T000709,0,0,,,0,,,238.99,0.0
T000710,0,0,,,0,,,218.96,0.0
T000711,0,0,,,0,,,168.23,0.0
T000712,0,0,,,0,,,399.29,0.0
T000713,0,0,,,0,,,232.31,0.0
T000714,0,0,,,0,,,217.91,0.0
T000715,0,0,,,0,,,257.98,0.0
T000716,0,0,,,0,,,171.54,0.0
T000717,0,0,,,0,,,325.56,0.0
T000718,0,0,,,0,,,134.47,0.0
T000719,0,0,,,0,,,228.07,0.0
T000720,0,0,,,0,,,172.06,0.0
T000721,0,0,,,0,,,142.77,0.0
T000722,0,0,,,0,,,163.45,0.0
T000723,0,0,,,0,,,169.39,0.0
T000724,0,0,,,0,,,134.32,0.0
T000725,0,0,,,0,,,374.61,0.0
T000726,0,0,,,0,,,111.39,0.0
T000727,0,0,,,0,,,506.63,0.0
T000728,0,0,,,0,,,616.23,0.0
T000729,0,0,,,0,,,234.55,0.0
T000730,0,0,,,0,,,329.77,0.0
T000731,0,0,,,0,,,173.22,0.0
T000732,0,0,,,0,,,206.8,0.0
T000733,0,0,,,0,,,242.15,0.0
T000734,0,0,,,0,,,179.94,0.0
T000735,0,0,,,0,,,167.09,0.0
T000736,0,0,,,0,,,119.0,0.0
T000737,0,0,,,0,,,258.96,0.0
T000738,0,0,,,0,,,1659.03,0.0
T000739,0,0,,,0,,,311.83,0.0
T000740,0,0,,,0,,,312.31,0.0
T000741,0,0,,,0,,,329.32,0.0
T000742,0,0,,,0,,,287.64,0.0
T000743,0,0,,,0,,,221.15,0.0
T000744,0,0,,,0,,,163.24,0.0
T000745,0,0,,,0,,,221.53,0.0
T000746,0,0,,,0,,,180.95,0.0
T000747,0,0,,,0,,,339.66,0.0
T000748,1,0,,,0,,,0.0,2142.02
T000749,0,0,,,0,,,187.01,0.0
T000750,0,0,,,0,,,486.91,0.0
T000751,0,0,,,0,,,523.5,0.0
T000752,0,0,,,0,,,259.08,0.0
T000753,0,0,,,0,,,203.04,0.0
T000754,0,0,,,0,,,199.2,0.0
T000755,0,0,,,0,,,267.45,0.0
T000756,1,0,,,0,,,0.0,1006.39
T000757,0,0,,,0,,,445.67,0.0
T000758,0,0,,,0,,,91.22,0.0
T000759,0,0,,,0,,,214.92,0.0
T000760,0,0,,,0,,,188.63,0.0
T000761,0,0,,,0,,,187.45,0.0
T000762,0,0,,,0,,,153.89,0.0
T000763,0,0,,,0,,,381.32,0.0
T000764,0,0,,,0,,,348.92,0.0
T000765,0,0,,,0,,,159.47,0.0
T000766,0,0,,,0,,,144.42,0.0
T000767,0,0,,,0,,,452.72,0.0
T000768,0,0,,,0,,,625.77,0.0
T000769,1,0,,,0,,,0.0,17865.15
T000770,0,0,,,0,,,161.45,0.0
T000771,0,0,,,0,,,206.67,0.0
T000772,0,0,,,0,,,197.47,0.0
T000773,0,0,,,0,,,650.17,0.0
T000774,0,0,,,0,,,676.37,0.0
T000775,0,0,,,0,,,276.16,0.0
T000776,0,0,,,0,,,186.7,0.0
T000777,0,0,,,0,,,340.24,0.0
T000778,0,0,,,0,,,182.94,0.0
T000779,0,0,,,0,,,415.3,0.0
T000780,0,0,,,0,,,177.74,0.0
T000781,0,0,,,0,,,184.19,0.0
T000782,0,0,,,0,,,270.03,0.0
T000783,0,0,,,0,,,207.88,0.0
T000784,0,0,,,0,,,402.85,0.0
T000785,0,0,,,0,,,193.13,0.0
T000786,0,0,,,0,,,540.19,0.0
T000787,0,0,,,0,,,91.8,0.0
T000788,0,0,,,0,,,176.01,0.0
T000789,0,0,,,0,,,168.96,0.0
T000790,0,0,,,0,,,181.88,0.0
T000791,0,0,,,0,,,210.28,0.0
T000792,0,0,,,0,,,241.4,0.0
T000793,0,0,,,0,,,232.56,0.0
T000794,0,0,,,0,,,98.97,0.0
T000795,0,0,,,0,,,290.94,0.0
T000796,0,0,,,0,,,261.69,0.0
T000797,0,0,,,0,,,169.02,0.0
T000798,0,0,,,0,,,193.93,0.0
T000799,0,0,,,0,,,126.23,0.0
T000800,0,0,,,0,,,277.41,0.0
T000801,0,0,,,0,,,321.13,0.0
T000802,0,0,,,0,,,226.88,0.0
T000803,0,0,,,0,,,145.19,0.0
T000804,0,0,,,0,,,1198.84,0.0
T000805,0,0,,,0,,,138.06,0.0
T000806,0,0,,,0,,,176.27,0.0
T000807,0,0,,,0,,,407.31,0.0
T000808,0,0,,,0,,,161.66,0.0
T000809,0,0,,,0,,,478.99,0.0
T000810,0,0,,,0,,,160.88,0.0
T000811,0,0,,,0,,,232.03,0.0
T000812,0,0,,,0,,,206.77,0.0
T000813,0,0,,,0,,,232.06,0.0
T000814,0,0,,,0,,,185.25,0.0
T000815,0,0,,,0,,,121.7,0.0
T000816,0,0,,,0,,,660.51,0.0
T000817,0,0,,,0,,,164.1,0.0
T000818,0,0,,,0,,,379.67,0.0
T000819,0,0,,,0,,,155.69,0.0
T000820,0,0,,,0,,,325.69,0.0
T000821,0,0,,,0,,,195.61,0.0
T000822,0,0,,,0,,,220.99,0.0
T000823,0,0,,,0,,,442.46,0.0
T000824,1,0,,,0,,,0.0,1928.62
T000825,0,0,,,0,,,204.97,0.0
T000826,0,0,,,0,,,297.0,0.0
T000827,0,0,,,0,,,310.55,0.0
T000828,0,0,,,0,,,167.65,0.0
T000829,0,0,,,0,,,188.68,0.0
T000830,0,0,,,0,,,185.13,0.0
T000831,0,0,,,0,,,310.92,0.0
T000832,0,0,,,0,,,581.49,0.0
T000833,0,0,,,0,,,178.75,0.0
T000834,0,0,,,0,,,278.11,0.0
T000835,0,0,,,0,,,216.4,0.0
T000836,0,0,,,0,,,213.02,0.0
T000837,0,0,,,0,,,175.59,0.0
T000838,0,0,,,0,,,212.79,0.0
T000839,0,0,,,0,,,257.58,0.0
T000840,0,0,,,0,,,157.82,0.0
T000841,0,0,,,0,,,522.98,0.0
T000842,0,0,,,0,,,129.64,0.0
T000843,0,0,,,0,,,153.61,0.0
T000844,0,0,,,0,,,215.45,0.0
T000845,1,0,,,0,,,0.0,660.7
T000846,0,0,,,0,,,808.87,0.0
T000847,0,0,,,0,,,210.45,0.0
T000848,0,0,,,0,,,240.41,0.0
T000849,0,0,,,0,,,356.02,0.0
T000850,0,0,,,0,,,100.65,0.0
T000851,0,0,,,0,,,386.0,0.0
T000852,0,0,,,0,,,235.45,0.0
T000853,0,0,,,0,,,145.31,0.0
T000854,0,0,,,0,,,495.93,0.0
T000855,0,0,,,0,,,120.77,0.0
T000856,0,0,,,0,,,166.42,0.0
T000857,0,0,,,0,,,316.84,0.0
T000858,0,0,,,0,,,143.95,0.0
T000859,0,0,,,0,,,389.37,0.0
T000860,0,0,,,0,,,457.44,0.0
T000861,0,0,,,0,,,158.04,0.0
T000862,0,0,,,0,,,235.57,0.0
T000863,0,0,,,0,,,257.05,0.0
T000864,0,0,,,0,,,381.63,0.0
T000865,0,0,,,0,,,161.15,0.0
T000866,0,0,,,0,,,317.27,0.0
T000867,0,0,,,0,,,162.68,0.0
T000868,0,0,,,0,,,1056.81,0.0
T000869,0,0,,,0,,,209.39,0.0
T000870,0,0,,,0,,,164.44,0.0
T000871,0,0,,,0,,,187.83,0.0
T000872,0,0,,,0,,,191.79,0.0
T000873,0,0,,,0,,,164.15,0.0
T000874,0,0,,,0,,,223.14,0.0
T000875,0,0,,,0,,,171.83,0.0
T000876,0,0,,,0,,,205.61,0.0
T000877,0,0,,,0,,,283.27,0.0
T000878,0,0,,,0,,,153.11,0.0
T000879,0,0,,,0,,,317.37,0.0
T000880,0,0,,,0,,,189.46,0.0
T000881,0,0,,,0,,,198.88,0.0
T000882,0,0,,,0,,,482.41,0.0
T000883,0,0,,,0,,,236.95,0.0
T000884,0,0,,,0,,,145.15,0.0
T000885,1,0,,,0,,,0.0,1704.72
T000886,0,0,,,0,,,275.45,0.0
T000887,0,0,,,0,,,138.45,0.0
T000888,0,0,,,0,,,291.09,0.0
T000889,0,0,,,0,,,445.38,0.0
T000890,0,0,,,0,,,369.55,0.0
T000891,0,0,,,0,,,213.37,0.0
T000892,0,0,,,0,,,147.74,0.0
T000893,0,0,,,0,,,275.84,0.0
T000894,0,0,,,0,,,989.04,0.0
T000895,0,0,,,0,,,232.56,0.0
T000896,0,0,,,0,,,224.45,0.0
T000897,0,0,,,0,,,163.47,0.0
T000898,0,0,,,0,,,639.38,0.0
T000899,0,0,,,0,,,178.74,0.0
T000900,0,0,,,0,,,122.52,0.0
T000901,0,0,,,0,,,204.93,0.0
T000902,0,0,,,0,,,262.49,0.0
T000903,0,0,,,0,,,181.92,0.0
T000904,0,0,,,0,,,150.32,0.0
T000905,0,0,,,0,,,217.2,0.0
T000906,0,0,,,0,,,188.91,0.0
T000907,0,0,,,0,,,243.05,0.0
T000908,0,0,,,0,,,244.83,0.0
T000909,0,0,,,0,,,156.12,0.0
T000910,0,0,,,0,,,528.1,0.0
T000911,0,0,,,0,,,187.06,0.0
T000912,0,0,,,0,,,161.67,0.0
T000913,0,0,,,0,,,108.62,0.0
T000914,0,0,,,0,,,234.36,0.0
T000915,0,0,,,0,,,247.55,0.0
T000916,0,0,,,0,,,254.18,0.0
T000917,0,0,,,0,,,394.82,0.0
T000918,0,0,,,0,,,142.78,0.0
T000919,0,0,,,0,,,176.0,0.0
T000920,0,0,,,0,,,305.71,0.0
T000921,0,0,,,0,,,198.83,0.0
T000922,0,0,,,0,,,912.78,0.0
T000923,0,0,,,0,,,195.36,0.0
T000924,0,0,,,0,,,488.16,0.0
T000925,0,0,,,0,,,419.93,0.0
T000926,0,0,,,0,,,389.25,0.0
T000927,0,0,,,0,,,207.51,0.0
T000928,0,0,,,0,,,402.51,0.0
T000929,0,0,,,0,,,196.19,0.0
T000930,0,0,,,0,,,243.11,0.0
T000931,0,0,,,0,,,175.18,0.0
T000932,0,0,,,0,,,361.31,0.0
T000933,0,0,,,0,,,264.65,0.0
T000934,0,0,,,0,,,293.56,0.0
T000935,0,0,,,0,,,189.36,0.0
T000936,0,0,,,0,,,264.08,0.0
T000937,0,0,,,0,,,180.87,0.0
T000938,0,0,,,0,,,262.33,0.0
T000939,0,0,,,0,,,211.3,0.0
T000940,0,0,,,0,,,85.53,0.0
T000941,0,0,,,0,,,208.55,0.0
T000942,0,0,,,0,,,579.77,0.0
T000943,0,0,,,0,,,238.16,0.0
T000944,0,0,,,0,,,194.88,0.0
T000945,0,0,,,0,,,128.07,0.0
T000946,0,0,,,0,,,204.71,0.0
T000947,0,0,,,0,,,190.45,0.0
T000948,0,0,,,0,,,428.69,0.0
T000949,0,0,,,0,,,386.87,0.0
T000950,0,0,,,0,,,140.18,0.0
T000951,0,0,,,0,,,400.75,0.0
T000952,0,0,,,0,,,340.16,0.0
T000953,0,0,,,0,,,266.31,0.0
T000954,0,0,,,0,,,376.5,0.0
T000955,0,0,,,0,,,224.5,0.0
T000956,0,0,,,0,,,103.72,0.0
T000957,0,0,,,0,,,173.68,0.0
T000958,0,0,,,0,,,211.53,0.0
T000959,0,0,,,0,,,173.97,0.0
T000960,0,0,,,0,,,172.65,0.0
T000961,0,0,,,0,,,264.4,0.0
T000962,0,0,,,0,,,501.17,0.0
T000963,0,0,,,0,,,119.49,0.0
T000964,0,0,,,0,,,276.97,0.0
T000965,0,0,,,0,,,352.49,0.0
T000966,0,0,,,0,,,478.6,0.0
T000967,0,0,,,0,,,61.29,0.0
T000968,0,0,,,0,,,962.5,0.0
T000969,0,0,,,0,,,957.1,0.0
T000970,0,0,,,0,,,312.3,0.0
T000971,0,0,,,0,,,362.28,0.0
T000972,0,0,,,0,,,261.05,0.0
T000973,1,0,,,0,,,0.0,641.05
T000974,0,0,,,0,,,355.84,0.0
T000975,0,0,,,0,,,168.2,0.0
T000976,0,0,,,0,,,854.45,0.0
T000977,0,0,,,0,,,181.96,0.0
T000978,0,0,,,0,,,178.57,0.0
T000979,0,0,,,0,,,433.75,0.0
T000980,0,0,,,0,,,350.92,0.0
T000981,0,0,,,0,,,247.14,0.0
T000982,0,0,,,0,,,183.92,0.0
T000983,0,0,,,0,,,164.38,0.0
T000984,0,0,,,0,,,299.13,0.0
T000985,0,0,,,0,,,187.85,0.0
T000986,0,0,,,0,,,169.02,0.0
T000987,0,0,,,0,,,185.07,0.0
T000988,0,0,,,0,,,190.2,0.0
T000989,0,0,,,0,,,160.8,0.0
T000990,0,0,,,0,,,364.12,0.0
T000991,0,0,,,0,,,140.77,0.0
T000992,0,0,,,0,,,769.18,0.0
T000993,0,0,,,0,,,453.99,0.0
T000994,0,0,,,0,,,194.78,0.0
T000995,0,0,,,0,,,236.06,0.0
T000996,0,0,,,0,,,363.31,0.0
T000997,0,0,,,0,,,171.95,0.0
T000998,0,0,,,0,,,223.66,0.0
T000999,0,0,,,0,,,301.27,0.0
T001000,0,0,,,0,,,312.67,0.0
T001001,0,0,,,0,,,354.58,0.0
T001002,0,0,,,0,,,162.35,0.0
T001003,0,0,,,0,,,161.93,0.0
T001004,0,0,,,0,,,514.91,0.0
T001005,0,0,,,0,,,353.21,0.0
T001006,0,0,,,0,,,304.63,0.0
T001007,0,0,,,0,,,170.46,0.0
T001008,0,0,,,0,,,143.67,0.0
T001009,0,0,,,0,,,177.99,0.0
T001010,0,0,,,0,,,168.95,0.0
T001011,0,0,,,0,,,174.33,0.0
T001012,0,0,,,0,,,193.45,0.0
T001013,0,0,,,0,,,928.58,0.0
T001014,0,0,,,0,,,306.38,0.0
T001015,0,0,,,0,,,190.02,0.0
T001016,0,0,,,0,,,1341.31,0.0
T001017,0,0,,,0,,,191.37,0.0
T001018,0,0,,,0,,,132.25,0.0
T001019,0,0,,,0,,,149.2,0.0
T001020,0,0,,,0,,,164.29,0.0
T001021,0,0,,,0,,,217.64,0.0
T001022,1,0,,,0,,,0.0,486.03
T001023,0,0,,,0,,,729.71,0.0
T001024,0,0,,,0,,,179.07,0.0
T001025,0,0,,,0,,,242.85,0.0
T001026,0,0,,,0,,,232.77,0.0
T001027,0,0,,,0,,,286.67,0.0
T001028,0,0,,,0,,,384.66,0.0
T001029,0,0,,,0,,,299.23,0.0
T001030,0,0,,,0,,,202.99,0.0
T001031,0,0,,,0,,,153.84,0.0
T001032,0,0,,,0,,,115.25,0.0
T001033,0,0,,,0,,,217.02,0.0
T001034,0,0,,,0,,,364.11,0.0
T001035,0,0,,,0,,,399.49,0.0
T001036,0,0,,,0,,,216.86,0.0
T001037,0,0,,,0,,,169.64,0.0
T001038,0,0,,,0,,,200.81,0.0
T001039,0,0,,,0,,,223.07,0.0
T001040,0,0,,,0,,,269.54,0.0
T001041,0,0,,,0,,,224.85,0.0
T001042,0,0,,,0,,,272.51,0.0
T001043,0,0,,,0,,,154.09,0.0
T001044,0,0,,,0,,,83.61,0.0
T001045,0,0,,,0,,,205.57,0.0
T001046,0,0,,,0,,,171.23,0.0
T001047,0,0,,,0,,,167.21,0.0
T001048,0,0,,,0,,,244.99,0.0
T001049,0,0,,,0,,,276.72,0.0
T001050,0,0,,,0,,,285.44,0.0
T001051,0,0,,,0,,,477.05,0.0
T001052,0,0,,,0,,,110.79,0.0
T001053,0,0,,,0,,,426.02,0.0
T001054,0,0,,,0,,,182.93,0.0
T001055,0,0,,,0,,,134.36,0.0
T001056,0,0,,,0,,,497.27,0.0
T001057,0,0,,,0,,,221.15,0.0
T001058,0,0,,,0,,,161.89,0.0
T001059,0,0,,,0,,,266.05,0.0
T001060,0,0,,,0,,,257.36,0.0
T001061,0,0,,,0,,,165.42,0.0
T001062,0,0,,,0,,,149.09,0.0
T001063,0,0,,,0,,,185.15,0.0
T001064,0,0,,,0,,,176.38,0.0
T001065,0,0,,,0,,,95.68,0.0
T001066,0,0,,,0,,,204.77,0.0
T001067,0,0,,,0,,,143.68,0.0
T001068,0,0,,,0,,,309.1,0.0
T001069,0,0,,,0,,,221.01,0.0
T001070,0,0,,,0,,,112.53,0.0
T001071,0,0,,,0,,,166.03,0.0
T001072,0,0,,,0,,,436.97,0.0
T001073,0,0,,,0,,,303.5,0.0
T001074,0,0,,,0,,,170.71,0.0
T001075,0,0,,,0,,,173.46,0.0
T001076,0,0,,,0,,,280.63,0.0
T001077,0,0,,,0,,,282.27,0.0
T001078,0,0,,,0,,,189.26,0.0
T001079,0,0,,,0,,,215.76,0.0
T001080,0,0,,,0,,,230.96,0.0
T001081,0,0,,,0,,,169.81,0.0
T001082,0,0,,,0,,,150.89,0.0
T001083,0,0,,,0,,,167.22,0.0
T001084,0,0,,,0,,,335.32,0.0
T001085,0,0,,,0,,,303.08,0.0
T001086,0,0,,,0,,,260.8,0.0
T001087,0,0,,,0,,,165.67,0.0
T001088,0,0,,,0,,,813.4,0.0
T001089,0,0,,,0,,,175.99,0.0
T001090,1,0,,,0,,,0.0,2123.31
T001091,0,0,,,0,,,197.43,0.0
T001092,0,0,,,0,,,338.11,0.0
T001093,0,0,,,0,,,109.87,0.0
T001094,0,0,,,0,,,341.8,0.0
T001095,0,0,,,0,,,287.17,0.0
T001096,0,0,,,0,,,311.27,0.0
T001097,0,0,,,0,,,180.16,0.0
T001098,0,0,,,0,,,159.73,0.0
T001099,0,0,,,0,,,178.42,0.0
T001100,0,0,,,0,,,261.34,0.0
T001101,0,0,,,0,,,165.92,0.0
T001102,0,0,,,0,,,495.11,0.0
T001103,0,0,,,0,,,217.89,0.0
T001104,1,0,,,0,,,0.0,1836.83
T001105,0,0,,,0,,,187.85,0.0
T001106,0,0,,,0,,,379.24,0.0
T001107,0,0,,,0,,,254.98,0.0
T001108,0,0,,,0,,,216.04,0.0
T001109,0,0,,,0,,,160.62,0.0
T001110,0,0,,,0,,,284.22,0.0
T001111,0,0,,,0,,,415.59,0.0
T001112,0,0,,,0,,,450.9,0.0
T001113,0,0,,,0,,,210.36,0.0
T001114,0,0,,,0,,,244.08,0.0
T001115,0,0,,,0,,,178.48,0.0
T001116,0,0,,,0,,,183.86,0.0
T001117,0,0,,,0,,,172.48,0.0
T001118,0,0,,,0,,,372.25,0.0
T001119,0,0,,,0,,,164.72,0.0
T001120,0,0,,,0,,,223.14,0.0
T001121,0,0,,,0,,,337.47,0.0
T001122,1,0,,,0,,,0.0,1550.42
T001123,0,0,,,0,,,172.51,0.0
T001124,0,0,,,0,,,312.42,0.0
T001125,0,0,,,0,,,330.82,0.0
T001126,0,0,,,0,,,203.85,0.0
T001127,0,0,,,0,,,486.87,0.0
T001128,0,0,,,0,,,478.06,0.0
T001129,0,0,,,0,,,356.72,0.0
T001130,0,0,,,0,,,337.66,0.0
T001131,0,0,,,0,,,443.15,0.0
T001132,0,0,,,0,,,447.95,0.0
T001133,0,0,,,0,,,448.96,0.0
T001134,0,0,,,0,,,173.58,0.0
T001135,0,0,,,0,,,209.25,0.0
T001136,0,0,,,0,,,190.34,0.0
T001137,0,0,,,0,,,185.02,0.0
T001138,0,0,,,0,,,400.72,0.0
T001139,0,0,,,0,,,194.16,0.0
T001140,0,0,,,0,,,154.69,0.0
T001141,0,0,,,0,,,333.66,0.0
T001142,0,0,,,0,,,158.44,0.0
T001143,0,0,,,0,,,163.58,0.0
T001144,0,0,,,0,,,131.42,0.0
T001145,0,0,,,0,,,133.72,0.0
T001146,0,0,,,0,,,280.06,0.0
T001147,0,0,,,0,,,153.31,0.0
T001148,0,0,,,0,,,203.86,0.0
T001149,0,0,,,0,,,1181.13,0.0
T001150,0,0,,,0,,,241.78,0.0
T001151,0,0,,,0,,,1432.22,0.0
T001152,0,0,,,0,,,201.29,0.0
T001153,0,0,,,0,,,267.87,0.0
T001154,0,0,,,0,,,220.06,0.0
T001155,0,0,,,0,,,188.19,0.0
T001156,0,0,,,0,,,277.77,0.0
T001157,0,0,,,0,,,191.79,0.0
T001158,0,0,,,0,,,149.59,0.0
T001159,1,0,,,0,,,0.0,325.25
T001160,0,0,,,0,,,403.64,0.0
T001161,0,0,,,0,,,187.02,0.0
T001162,0,0,,,0,,,576.48,0.0
T001163,0,0,,,0,,,108.04,0.0
T001164,0,0,,,0,,,157.92,0.0
T001165,0,0,,,0,,,148.47,0.0
T001166,0,0,,,0,,,206.3,0.0
T001167,0,0,,,0,,,151.72,0.0
T001168,0,0,,,0,,,179.44,0.0
T001169,0,0,,,0,,,156.0,0.0
T001170,0,0,,,0,,,155.35,0.0
T001171,0,0,,,0,,,201.86,0.0
T001172,0,0,,,0,,,176.91,0.0
T001173,0,0,,,0,,,214.73,0.0
T001174,0,0,,,0,,,392.29,0.0
T001175,0,0,,,0,,,188.87,0.0
T001176,0,0,,,0,,,172.11,0.0
T001177,0,0,,,0,,,211.5,0.0
T001178,0,0,,,0,,,162.42,0.0
T001179,0,0,,,0,,,749.03,0.0
T001180,0,0,,,0,,,208.19,0.0
T001181,0,0,,,0,,,165.46,0.0
T001182,0,0,,,0,,,168.31,0.0
T001183,0,0,,,0,,,141.17,0.0
T001184,0,0,,,0,,,163.04,0.0
T001185,0,0,,,0,,,191.71,0.0
T001186,0,0,,,0,,,185.05,0.0
T001187,0,0,,,0,,,376.61,0.0
T001188,0,0,,,0,,,211.23,0.0
T001189,0,0,,,0,,,413.15,0.0
T001190,1,0,,,0,,,0.0,188.51
T001191,0,0,,,0,,,39.1,0.0
T001192,0,0,,,0,,,182.09,0.0
T001193,0,0,,,0,,,125.72,0.0
T001194,0,0,,,0,,,163.86,0.0
T001195,0,0,,,0,,,184.47,0.0
T001196,0,0,,,0,,,252.36,0.0
T001197,0,0,,,0,,,159.18,0.0
T001198,0,0,,,0,,,282.98,0.0
T001199,0,0,,,0,,,231.83,0.0
T001200,0,0,,,0,,,267.03,0.0
T001201,0,0,,,0,,,306.95,0.0
T001202,0,0,,,0,,,726.6,0.0
T001203,0,0,,,0,,,242.78,0.0
T001204,0,0,,,0,,,179.41,0.0
T001205,0,0,,,0,,,205.84,0.0
T001206,0,0,,,0,,,163.86,0.0
T001207,0,0,,,0,,,137.15,0.0
T001208,1,0,,,0,,,0.0,542.91
T001209,0,0,,,0,,,182.02,0.0
T001210,0,0,,,0,,,425.59,0.0
T001211,0,0,,,0,,,181.25,0.0
T001212,0,0,,,0,,,207.69,0.0
T001213,0,0,,,0,,,433.32,0.0
T001214,0,0,,,0,,,183.57,0.0
T001215,0,0,,,0,,,261.32,0.0
T001216,0,0,,,0,,,242.61,0.0
T001217,0,0,,,0,,,172.14,0.0
T001218,0,0,,,0,,,160.86,0.0
T001219,0,0,,,0,,,182.04,0.0
T001220,0,0,,,0,,,242.6,0.0
T001221,0,0,,,0,,,376.6,0.0
T001222,0,0,,,0,,,453.85,0.0
T001223,0,0,,,0,,,122.4,0.0
T001224,0,0,,,0,,,322.36,0.0
T001225,0,0,,,0,,,155.48,0.0
T001226,0,0,,,0,,,73.83,0.0
T001227,0,0,,,0,,,259.02,0.0
T001228,0,0,,,0,,,216.54,0.0
T001229,0,0,,,0,,,411.47,0.0
T001230,0,0,,,0,,,192.38,0.0
T001231,0,0,,,0,,,190.25,0.0
T001232,0,0,,,0,,,391.52,0.0
T001233,0,0,,,0,,,185.73,0.0
T001234,0,0,,,0,,,302.04,0.0
T001235,0,0,,,0,,,127.66,0.0
T001236,0,0,,,0,,,128.56,0.0
T001237,0,0,,,0,,,183.28,0.0
T001238,0,0,,,0,,,180.54,0.0
T001239,1,0,,,0,,,0.0,8153.62
T001240,0,0,,,0,,,260.16,0.0
T001241,0,0,,,0,,,192.64,0.0
T001242,0,0,,,0,,,198.73,0.0
T001243,0,0,,,0,,,223.64,0.0
T001244,0,0,,,0,,,125.91,0.0
T001245,0,0,,,0,,,263.06,0.0
T001246,1,0,,,0,,,0.0,2669.41
T001247,0,0,,,0,,,729.23,0.0
T001248,0,0,,,0,,,156.45,0.0
T001249,0,0,,,0,,,321.29,0.0
T001250,0,0,,,0,,,804.17,0.0
T001251,0,0,,,0,,,226.1,0.0
T001252,0,0,,,0,,,156.11,0.0
T001253,0,0,,,0,,,153.97,0.0
T001254,0,0,,,0,,,265.32,0.0
T001255,0,0,,,0,,,329.37,0.0
T001256,0,0,,,0,,,168.32,0.0
T001257,0,0,,,0,,,277.67,0.0
T001258,0,0,,,0,,,251.08,0.0
T001259,0,0,,,0,,,169.65,0.0
T001260,0,0,,,0,,,250.62,0.0
T001261,0,0,,,0,,,188.15,0.0
T001262,0,0,,,0,,,215.93,0.0
T001263,0,0,,,0,,,220.35,0.0
T001264,0,0,,,0,,,185.73,0.0
T001265,0,0,,,0,,,222.3,0.0
T001266,0,0,,,0,,,136.43,0.0
T001267,0,0,,,0,,,171.67,0.0
T001268,0,0,,,0,,,254.26,0.0
T001269,0,0,,,0,,,215.29,0.0
T001270,0,0,,,0,,,386.58,0.0
T001271,0,0,,,0,,,273.29,0.0
T001272,0,0,,,0,,,607.27,0.0
T001273,0,0,,,0,,,317.3,0.0
T001274,0,0,,,0,,,212.58,0.0
T001275,0,0,,,0,,,370.51,0.0
T001276,0,0,,,0,,,365.82,0.0
T001277,0,0,,,0,,,854.9,0.0
T001278,0,0,,,0,,,185.11,0.0
T001279,0,0,,,0,,,152.96,0.0
T001280,0,0,,,0,,,167.79,0.0
T001281,0,0,,,0,,,1259.43,0.0
T001282,0,0,,,0,,,85.66,0.0
T001283,0,0,,,0,,,302.67,0.0
T001284,0,0,,,0,,,350.8,0.0
T001285,0,0,,,0,,,373.14,0.0
T001286,0,0,,,0,,,240.15,0.0
T001287,0,0,,,0,,,204.82,0.0
T001288,0,0,,,0,,,259.13,0.0
T001289,0,0,,,0,,,183.41,0.0
T001290,0,0,,,0,,,393.89,0.0
T001291,0,0,,,0,,,153.41,0.0
T001292,0,0,,,0,,,151.94,0.0
T001293,0,0,,,0,,,167.77,0.0
T001294,0,0,,,0,,,248.83,0.0
T001295,0,0,,,0,,,76.46,0.0
T001296,0,0,,,0,,,211.8,0.0
T001297,0,0,,,0,,,235.37,0.0
T001298,0,0,,,0,,,984.97,0.0
T001299,0,0,,,0,,,214.85,0.0
T001300,0,0,,,0,,,164.53,0.0
T001301,0,0,,,0,,,277.3,0.0
T001302,0,0,,,0,,,162.42,0.0
T001303,0,0,,,0,,,144.87,0.0
T001304,0,0,,,0,,,122.62,0.0
T001305,0,0,,,0,,,188.69,0.0
T001306,1,0,,,0,,,0.0,561.73
T001307,0,0,,,0,,,1027.56,0.0
T001308,0,0,,,0,,,102.55,0.0
T001309,0,0,,,0,,,471.1,0.0
T001310,0,0,,,0,,,185.56,0.0
T001311,0,0,,,0,,,181.08,0.0
T001312,0,0,,,0,,,232.92,0.0
T001313,0,0,,,0,,,262.1,0.0
T001314,0,0,,,0,,,401.3,0.0
T001315,0,0,,,0,,,359.65,0.0
T001316,0,0,,,0,,,164.35,0.0
T001317,0,0,,,0,,,721.22,0.0
T001318,0,0,,,0,,,154.88,0.0
T001319,0,0,,,0,,,167.59,0.0
T001320,0,0,,,0,,,156.41,0.0
T001321,0,0,,,0,,,452.71,0.0
T001322,0,0,,,0,,,171.64,0.0
T001323,0,0,,,0,,,95.51,0.0
T001324,0,0,,,0,,,427.62,0.0
T001325,0,0,,,0,,,194.89,0.0
T001326,0,0,,,0,,,178.91,0.0
T001327,0,0,,,0,,,164.48,0.0
T001328,0,0,,,0,,,242.44,0.0
T001329,0,0,,,0,,,226.21,0.0
T001330,0,0,,,0,,,168.81,0.0
T001331,0,0,,,0,,,206.56,0.0
T001332,0,0,,,0,,,402.7,0.0
T001333,0,0,,,0,,,366.98,0.0
T001334,0,0,,,0,,,186.1,0.0
T001335,0,0,,,0,,,315.09,0.0
T001336,0,0,,,0,,,204.2,0.0
T001337,0,0,,,0,,,150.58,0.0
T001338,0,0,,,0,,,226.19,0.0
T001339,0,0,,,0,,,255.68,0.0
T001340,0,0,,,0,,,522.18,0.0
T001341,0,0,,,0,,,426.63,0.0
T001342,0,0,,,0,,,190.03,0.0
T001343,0,0,,,0,,,174.19,0.0
T001344,0,0,,,0,,,210.95,0.0
T001345,0,0,,,0,,,178.35,0.0
T001346,0,0,,,0,,,230.11,0.0
T001347,0,0,,,0,,,168.24,0.0
T001348,0,0,,,0,,,276.21,0.0
T001349,0,0,,,0,,,405.35,0.0
T001350,0,0,,,0,,,137.92,0.0
T001351,0,0,,,0,,,103.78,0.0
T001352,0,0,,,0,,,577.01,0.0
T001353,0,0,,,0,,,229.07,0.0
T001354,0,0,,,0,,,474.76,0.0
T001355,1,0,,,0,,,0.0,2362.56
T001356,0,0,,,0,,,220.67,0.0
T001357,0,0,,,0,,,238.71,0.0
T001358,0,0,,,0,,,182.81,0.0
T001359,0,0,,,0,,,164.88,0.0
T001360,0,0,,,0,,,167.4,0.0
T001361,0,0,,,0,,,158.36,0.0
T001362,0,0,,,0,,,721.0,0.0
T001363,0,0,,,0,,,1090.99,0.0
T001364,0,0,,,0,,,322.42,0.0
T001365,0,0,,,0,,,237.66,0.0
T001366,0,0,,,0,,,182.11,0.0
T001367,0,0,,,0,,,151.81,0.0
T001368,0,0,,,0,,,196.67,0.0
T001369,0,0,,,0,,,168.96,0.0
T001370,0,0,,,0,,,219.93,0.0
T001371,0,0,,,0,,,67.18,0.0
T001372,0,0,,,0,,,112.49,0.0
T001373,0,0,,,0,,,179.53,0.0
T001374,0,0,,,0,,,414.84,0.0
T001375,0,0,,,0,,,909.45,0.0
T001376,0,0,,,0,,,193.84,0.0
T001377,0,0,,,0,,,277.49,0.0
T001378,0,0,,,0,,,199.24,0.0
T001379,0,0,,,0,,,126.43,0.0
T001380,0,0,,,0,,,321.88,0.0
T001381,0,0,,,0,,,144.19,0.0
T001382,0,0,,,0,,,176.43,0.0
T001383,0,0,,,0,,,322.46,0.0
T001384,0,0,,,0,,,235.51,0.0
T001385,0,0,,,0,,,208.36,0.0
T001386,0,0,,,0,,,191.35,0.0
T001387,0,0,,,0,,,677.72,0.0
T001388,0,0,,,0,,,100.09,0.0
T001389,0,0,,,0,,,318.16,0.0
T001390,0,0,,,0,,,325.86,0.0
T001391,0,0,,,0,,,451.23,0.0
T001392,0,0,,,0,,,263.74,0.0
T001393,0,0,,,0,,,153.32,0.0
T001394,0,0,,,0,,,146.15,0.0
T001395,0,0,,,0,,,178.41,0.0
T001396,0,0,,,0,,,154.76,0.0
T001397,0,0,,,0,,,220.42,0.0
T001398,0,0,,,0,,,206.92,0.0
T001399,0,0,,,0,,,151.26,0.0
T001400,0,0,,,0,,,175.73,0.0
T001401,0,0,,,0,,,318.65,0.0
T001402,0,0,,,0,,,163.88,0.0
T001403,0,0,,,0,,,478.65,0.0
T001404,0,0,,,0,,,148.18,0.0
T001405,0,0,,,0,,,348.47,0.0
T001406,0,0,,,0,,,281.95,0.0
T001407,0,0,,,0,,,314.95,0.0
T001408,0,0,,,0,,,231.41,0.0
T001409,0,0,,,0,,,236.05,0.0
T001410,0,0,,,0,,,205.48,0.0
T001411,0,0,,,0,,,261.32,0.0
T001412,0,0,,,0,,,158.86,0.0
T001413,0,0,,,0,,,299.41,0.0
T001414,0,0,,,0,,,345.05,0.0
T001415,0,0,,,0,,,215.23,0.0
T001416,0,0,,,0,,,197.58,0.0
T001417,0,0,,,0,,,311.46,0.0
T001418,0,0,,,0,,,392.78,0.0
T001419,0,0,,,0,,,253.76,0.0
T001420,0,0,,,0,,,179.78,0.0
T001421,0,0,,,0,,,536.5,0.0
T001422,0,0,,,0,,,385.48,0.0
T001423,0,0,,,0,,,345.46,0.0
T001424,0,0,,,0,,,163.81,0.0
T001425,0,0,,,0,,,190.43,0.0
T001426,0,0,,,0,,,491.64,0.0
T001427,0,0,,,0,,,438.54,0.0
T001428,0,0,,,0,,,320.22,0.0
T001429,0,0,,,0,,,642.02,0.0
T001430,0,0,,,0,,,416.06,0.0
T001431,0,0,,,0,,,187.39,0.0
T001432,0,0,,,0,,,529.68,0.0
T001433,0,0,,,0,,,184.92,0.0
T001434,0,0,,,0,,,268.73,0.0
T001435,0,0,,,0,,,151.43,0.0
T001436,0,0,,,0,,,213.66,0.0
T001437,0,0,,,0,,,175.14,0.0
T001438,0,0,,,0,,,256.17,0.0
T001439,0,0,,,0,,,155.5,0.0
T001440,0,0,,,0,,,163.17,0.0
T001441,0,0,,,0,,,287.59,0.0
T001442,0,0,,,0,,,184.47,0.0
T001443,1,0,,,0,,,0.0,2384.39
T001444,0,0,,,0,,,248.87,0.0
T001445,0,0,,,0,,,497.33,0.0
T001446,0,0,,,0,,,464.37,0.0
T001447,0,0,,,0,,,229.14,0.0
T001448,0,0,,,0,,,395.27,0.0
T001449,0,0,,,0,,,289.79,0.0
T001450,0,0,,,0,,,204.39,0.0
T001451,0,0,,,0,,,273.35,0.0
T001452,0,0,,,0,,,283.77,0.0
T001453,0,0,,,0,,,241.31,0.0
T001454,0,0,,,0,,,327.03,0.0
T001455,0,0,,,0,,,2500.0,0.0
T001456,0,0,,,0,,,166.85,0.0
T001457,0,0,,,0,,,189.19,0.0
T001458,1,0,,,0,,,0.0,2370.83
T001459,1,0,,,0,,,0.0,3905.38
T001460,0,0,,,0,,,194.55,0.0
T001461,0,0,,,0,,,156.54,0.0
T001462,0,0,,,0,,,476.39,0.0
T001463,1,0,,,0,,,0.0,3136.28
T001464,0,0,,,0,,,137.72,0.0
T001465,0,0,,,0,,,804.83,0.0
T001466,0,0,,,0,,,206.97,0.0
T001467,0,0,,,0,,,300.83,0.0
T001468,0,0,,,0,,,699.98,0.0
T001469,0,0,,,0,,,325.34,0.0
T001470,0,0,,,0,,,852.31,0.0
T001471,0,0,,,0,,,369.56,0.0
T001472,0,0,,,0,,,170.16,0.0
T001473,0,0,,,0,,,182.78,0.0
T001474,0,0,,,0,,,167.71,0.0
T001475,0,0,,,0,,,154.57,0.0
T001476,0,0,,,0,,,232.4,0.0
T001477,0,0,,,0,,,166.01,0.0
T001478,0,0,,,0,,,998.88,0.0
T001479,0,0,,,0,,,158.89,0.0
T001480,0,0,,,0,,,101.54,0.0
T001481,0,0,,,0,,,360.91,0.0
T001482,0,0,,,0,,,364.33,0.0
T001483,0,0,,,0,,,319.56,0.0
T001484,0,0,,,0,,,242.41,0.0
T001485,0,0,,,0,,,120.45,0.0
T001486,0,0,,,0,,,446.92,0.0
T001487,0,0,,,0,,,174.71,0.0
T001488,0,0,,,0,,,208.48,0.0
T001489,0,0,,,0,,,554.29,0.0
T001490,0,0,,,0,,,193.76,0.0
T001491,0,0,,,0,,,209.09,0.0
T001492,0,0,,,0,,,231.16,0.0
T001493,0,0,,,0,,,110.92,0.0
T001494,0,0,,,0,,,184.71,0.0
T001495,0,0,,,0,,,259.37,0.0
T001496,0,0,,,0,,,155.85,0.0
T001497,0,0,,,0,,,156.66,0.0
T001498,0,0,,,0,,,331.77,0.0
T001499,0,0,,,0,,,230.98,0.0
T001500,0,0,,,0,,,275.52,0.0
T001501,0,0,,,0,,,186.83,0.0
T001502,0,0,,,0,,,429.01,0.0
T001503,0,0,,,0,,,178.44,0.0
T001504,0,0,,,0,,,226.58,0.0
T001505,0,0,,,0,,,204.51,0.0
T001506,0,0,,,0,,,224.11,0.0
T001507,0,0,,,0,,,267.31,0.0
T001508,0,0,,,0,,,163.61,0.0
T001509,0,0,,,0,,,202.46,0.0
T001510,0,0,,,0,,,355.33,0.0
T001511,0,0,,,0,,,159.73,0.0
T001512,0,0,,,0,,,239.58,0.0
T001513,0,0,,,0,,,182.27,0.0
T001514,0,0,,,0,,,266.57,0.0
T001515,0,0,,,0,,,195.88,0.0
T001516,0,0,,,0,,,194.94,0.0
T001517,0,0,,,0,,,443.61,0.0
T001518,0,0,,,0,,,1017.14,0.0
T001519,0,0,,,0,,,493.81,0.0
T001520,0,0,,,0,,,236.86,0.0
T001521,1,0,,,0,,,0.0,1479.63
T001522,0,0,,,0,,,335.48,0.0
T001523,0,0,,,0,,,277.66,0.0
T001524,0,0,,,0,,,167.09,0.0
T001525,0,0,,,0,,,174.93,0.0
T001526,0,0,,,0,,,239.41,0.0
T001527,0,0,,,0,,,236.03,0.0
T001528,0,0,,,0,,,97.46,0.0
T001529,0,0,,,0,,,92.81,0.0
T001530,0,0,,,0,,,372.23,0.0
T001531,0,0,,,0,,,244.36,0.0
T001532,0,0,,,0,,,192.06,0.0
T001533,0,0,,,0,,,290.41,0.0
T001534,0,0,,,0,,,306.0,0.0
T001535,0,0,,,0,,,241.28,0.0
T001536,0,0,,,0,,,170.4,0.0
T001537,0,0,,,0,,,200.23,0.0
T001538,0,0,,,0,,,258.93,0.0
T001539,0,0,,,0,,,262.59,0.0
T001540,0,0,,,0,,,264.59,0.0
T001541,0,0,,,0,,,209.37,0.0
T001542,0,0,,,0,,,239.74,0.0
T001543,0,0,,,0,,,150.58,0.0
T001544,0,0,,,0,,,265.39,0.0
T001545,0,0,,,0,,,215.23,0.0
T001546,0,0,,,0,,,163.49,0.0
T001547,0,0,,,0,,,174.58,0.0
T001548,0,0,,,0,,,229.57,0.0
T001549,0,0,,,0,,,227.34,0.0
T001550,0,0,,,0,,,170.74,0.0
T001551,0,0,,,0,,,63.68,0.0
T001552,0,0,,,0,,,236.23,0.0
T001553,0,0,,,0,,,181.92,0.0
T001554,0,0,,,0,,,181.47,0.0
T001555,0,0,,,0,,,173.47,0.0
T001556,0,0,,,0,,,180.78,0.0
T001557,0,0,,,0,,,177.74,0.0
T001558,0,0,,,0,,,463.35,0.0
T001559,0,0,,,0,,,234.85,0.0
T001560,0,0,,,0,,,160.9,0.0
T001561,0,0,,,0,,,118.7,0.0
T001562,0,0,,,0,,,746.92,0.0
T001563,0,0,,,0,,,235.48,0.0
T001564,0,0,,,0,,,186.33,0.0
T001565,0,0,,,0,,,200.2,0.0
T001566,0,0,,,0,,,217.28,0.0
T001567,0,0,,,0,,,159.11,0.0
T001568,0,0,,,0,,,71.3,0.0
T001569,0,0,,,0,,,892.59,0.0
T001570,0,0,,,0,,,255.62,0.0
T001571,0,0,,,0,,,228.51,0.0
T001572,0,0,,,0,,,185.45,0.0
T001573,0,0,,,0,,,250.47,0.0
T001574,1,0,,,0,,,0.0,4596.35
T001575,0,0,,,0,,,196.49,0.0
T001576,0,0,,,0,,,156.75,0.0
T001577,0,0,,,0,,,199.74,0.0
T001578,0,0,,,0,,,902.7,0.0
T001579,0,0,,,0,,,152.54,0.0
T001580,0,0,,,0,,,217.01,0.0
T001581,0,0,,,0,,,536.97,0.0
T001582,0,0,,,0,,,86.2,0.0
T001583,0,0,,,0,,,362.21,0.0
T001584,0,0,,,0,,,373.24,0.0
T001585,0,0,,,0,,,427.51,0.0
T001586,0,0,,,0,,,264.76,0.0
T001587,0,0,,,0,,,369.49,0.0
T001588,0,0,,,0,,,323.54,0.0
T001589,0,0,,,0,,,174.43,0.0
T001590,0,0,,,0,,,170.6,0.0
T001591,0,0,,,0,,,169.28,0.0
T001592,0,0,,,0,,,222.27,0.0
T001593,0,0,,,0,,,202.31,0.0
T001594,0,0,,,0,,,164.15,0.0
T001595,0,0,,,0,,,351.26,0.0
T001596,0,0,,,0,,,936.62,0.0
T001597,0,0,,,0,,,450.94,0.0
T001598,0,0,,,0,,,302.23,0.0
T001599,0,0,,,0,,,193.88,0.0
T001600,0,0,,,0,,,244.24,0.0
T001601,0,0,,,0,,,558.03,0.0
T001602,0,0,,,0,,,161.16,0.0
T001603,0,0,,,0,,,388.27,0.0
T001604,0,0,,,0,,,290.95,0.0
T001605,0,0,,,0,,,213.55,0.0
T001606,0,0,,,0,,,363.07,0.0
T001607,0,0,,,0,,,350.7,0.0
T001608,0,0,,,0,,,482.8,0.0
T001609,0,0,,,0,,,254.72,0.0
T001610,0,0,,,0,,,101.6,0.0
T001611,0,0,,,0,,,151.43,0.0
T001612,0,0,,,0,,,193.37,0.0
T001613,0,0,,,0,,,205.89,0.0
T001614,0,0,,,0,,,166.34,0.0
T001615,0,0,,,0,,,69.4,0.0
T001616,0,0,,,0,,,175.9,0.0
T001617,0,0,,,0,,,55.74,0.0
T001618,0,0,,,0,,,376.18,0.0
T001619,0,0,,,0,,,426.89,0.0
T001620,0,0,,,0,,,168.79,0.0
T001621,0,0,,,0,,,485.83,0.0
T001622,0,0,,,0,,,113.59,0.0
T001623,0,0,,,0,,,143.24,0.0
T001624,0,0,,,0,,,278.22,0.0
T001625,0,0,,,0,,,210.91,0.0
T001626,0,0,,,0,,,277.69,0.0
T001627,0,0,,,0,,,301.67,0.0
T001628,0,0,,,0,,,649.03,0.0
T001629,0,0,,,0,,,113.02,0.0
T001630,0,0,,,0,,,176.87,0.0
T001631,0,0,,,0,,,123.44,0.0
T001632,0,0,,,0,,,255.94,0.0
T001633,0,0,,,0,,,333.82,0.0
T001634,0,0,,,0,,,158.32,0.0
T001635,0,0,,,0,,,252.93,0.0
T001636,0,0,,,0,,,184.73,0.0
T001637,0,0,,,0,,,706.55,0.0
T001638,0,0,,,0,,,156.76,0.0
T001639,0,0,,,0,,,458.44,0.0
T001640,0,0,,,0,,,242.23,0.0
T001641,0,0,,,0,,,215.95,0.0
T001642,0,0,,,0,,,284.06,0.0
T001643,0,0,,,0,,,160.8,0.0
T001644,0,0,,,0,,,281.57,0.0
T001645,0,0,,,0,,,164.21,0.0
T001646,1,0,,,0,,,0.0,1333.36
T001647,0,0,,,0,,,525.03,0.0
T001648,0,0,,,0,,,551.44,0.0
T001649,0,0,,,0,,,314.11,0.0
T001650,0,0,,,0,,,427.17,0.0
T001651,1,0,,,0,,,0.0,568.26
T001652,0,0,,,0,,,190.98,0.0
T001653,0,0,,,0,,,79.02,0.0
T001654,0,0,,,0,,,225.44,0.0
T001655,0,0,,,0,,,232.91,0.0
T001656,0,0,,,0,,,193.92,0.0
T001657,0,0,,,0,,,470.34,0.0
T001658,0,0,,,0,,,249.68,0.0
T001659,0,0,,,0,,,246.9,0.0
T001660,0,0,,,0,,,170.98,0.0
T001661,0,0,,,0,,,183.03,0.0
T001662,0,0,,,0,,,225.47,0.0
T001663,0,0,,,0,,,163.58,0.0
T001664,0,0,,,0,,,190.25,0.0
T001665,0,0,,,0,,,159.12,0.0
T001666,0,0,,,0,,,208.58,0.0
T001667,0,0,,,0,,,229.15,0.0
T001668,0,0,,,0,,,190.66,0.0
T001669,0,0,,,0,,,168.79,0.0
T001670,0,0,,,0,,,239.75,0.0
T001671,0,0,,,0,,,186.65,0.0
T001672,0,0,,,0,,,286.77,0.0
T001673,0,0,,,0,,,182.61,0.0
T001674,0,0,,,0,,,271.94,0.0
T001675,0,0,,,0,,,180.92,0.0
T001676,0,0,,,0,,,210.31,0.0
T001677,0,0,,,0,,,143.74,0.0
T001678,0,0,,,0,,,262.79,0.0
T001679,0,0,,,0,,,301.41,0.0
T001680,0,0,,,0,,,313.2,0.0
T001681,1,0,,,0,,,0.0,1768.88
T001682,0,0,,,0,,,228.12,0.0
T001683,0,0,,,0,,,182.84,0.0
T001684,0,0,,,0,,,345.84,0.0
T001685,0,0,,,0,,,143.57,0.0
T001686,0,0,,,0,,,1480.83,0.0
T001687,0,0,,,0,,,256.73,0.0
T001688,0,0,,,0,,,201.59,0.0
T001689,0,0,,,0,,,254.24,0.0
T001690,0,0,,,0,,,162.14,0.0
T001691,0,0,,,0,,,189.57,0.0
T001692,0,0,,,0,,,172.04,0.0
T001693,0,0,,,0,,,330.43,0.0
T001694,0,0,,,0,,,89.45,0.0
T001695,0,0,,,0,,,122.5,0.0
T001696,0,0,,,0,,,191.74,0.0
T001697,0,0,,,0,,,354.75,0.0
T001698,0,0,,,0,,,185.68,0.0
T001699,0,0,,,0,,,322.68,0.0
T001700,0,0,,,0,,,326.93,0.0
T001701,0,0,,,0,,,1349.87,0.0
T001702,0,0,,,0,,,191.27,0.0
T001703,0,0,,,0,,,179.31,0.0
T001704,0,0,,,0,,,97.24,0.0
T001705,0,0,,,0,,,193.29,0.0
T001706,0,0,,,0,,,168.51,0.0
T001707,0,0,,,0,,,161.58,0.0
T001708,0,0,,,0,,,368.68,0.0
T001709,0,0,,,0,,,423.23,0.0
T001710,0,0,,,0,,,166.42,0.0
T001711,0,0,,,0,,,247.72,0.0
T001712,0,0,,,0,,,196.86,0.0
T001713,0,0,,,0,,,295.64,0.0
T001714,0,0,,,0,,,338.71,0.0
T001715,0,0,,,0,,,247.11,0.0
T001716,0,0,,,0,,,359.21,0.0
T001717,0,0,,,0,,,172.08,0.0
T001718,0,0,,,0,,,440.2,0.0
T001719,0,0,,,0,,,286.0,0.0
T001720,0,0,,,0,,,1311.24,0.0
T001721,0,0,,,0,,,229.83,0.0
T001722,0,0,,,0,,,344.36,0.0
T001723,0,0,,,0,,,175.44,0.0
T001724,0,0,,,0,,,278.33,0.0
T001725,0,0,,,0,,,171.56,0.0
T001726,0,0,,,0,,,267.21,0.0
T001727,0,0,,,0,,,528.05,0.0
T001728,0,0,,,0,,,158.05,0.0
T001729,0,0,,,0,,,100.24,0.0
T001730,0,0,,,0,,,287.2,0.0
T001731,0,0,,,0,,,285.33,0.0
T001732,0,0,,,0,,,360.12,0.0
T001733,0,0,,,0,,,616.05,0.0
T001734,0,0,,,0,,,648.11,0.0
T001735,0,0,,,0,,,158.93,0.0
T001736,0,0,,,0,,,168.5,0.0
T001737,0,0,,,0,,,938.97,0.0
T001738,0,0,,,0,,,207.62,0.0
T001739,0,0,,,0,,,344.15,0.0
T001740,0,0,,,0,,,300.12,0.0
T001741,0,0,,,0,,,526.02,0.0
T001742,0,0,,,0,,,325.02,0.0
T001743,0,0,,,0,,,609.14,0.0
T001744,0,0,,,0,,,515.81,0.0
T001745,0,0,,,0,,,933.15,0.0
T001746,0,0,,,0,,,285.23,0.0
T001747,0,0,,,0,,,453.22,0.0
T001748,0,0,,,0,,,288.49,0.0
T001749,0,0,,,0,,,870.72,0.0
T001750,0,0,,,0,,,301.6,0.0
T001751,0,0,,,0,,,250.29,0.0
T001752,0,0,,,0,,,349.66,0.0
T001753,0,0,,,0,,,207.78,0.0
T001754,0,0,,,0,,,446.85,0.0
T001755,0,0,,,0,,,205.79,0.0
T001756,0,0,,,0,,,301.84,0.0
T001757,0,0,,,0,,,158.95,0.0
T001758,0,0,,,0,,,159.79,0.0
T001759,0,0,,,0,,,346.75,0.0
T001760,0,0,,,0,,,179.53,0.0
T001761,0,0,,,0,,,222.1,0.0
T001762,0,0,,,0,,,164.88,0.0
T001763,0,0,,,0,,,160.52,0.0
T001764,0,0,,,0,,,372.32,0.0
T001765,0,0,,,0,,,215.14,0.0
T001766,0,0,,,0,,,236.87,0.0
T001767,1,0,,,0,,,0.0,1136.78
T001768,0,0,,,0,,,237.34,0.0
T001769,0,0,,,0,,,172.0,0.0
T001770,0,0,,,0,,,365.34,0.0
T001771,0,0,,,0,,,135.82,0.0
T001772,0,0,,,0,,,346.45,0.0
T001773,0,0,,,0,,,308.84,0.0
T001774,0,0,,,0,,,300.26,0.0
T001775,0,0,,,0,,,179.8,0.0
T001776,0,0,,,0,,,257.01,0.0
T001777,0,0,,,0,,,290.54,0.0
T001778,0,0,,,0,,,168.52,0.0
T001779,0,0,,,0,,,194.61,0.0
T001780,0,0,,,0,,,90.98,0.0
T001781,0,0,,,0,,,162.77,0.0
T001782,0,0,,,0,,,197.81,0.0
T001783,0,0,,,0,,,112.56,0.0
T001784,0,0,,,0,,,227.42,0.0
T001785,0,0,,,0,,,190.79,0.0
T001786,0,0,,,0,,,186.88,0.0
T001787,0,0,,,0,,,164.28,0.0
T001788,0,0,,,0,,,260.91,0.0
T001789,0,0,,,0,,,130.14,0.0
T001790,0,0,,,0,,,391.58,0.0
T001791,0,0,,,0,,,243.57,0.0
T001792,0,0,,,0,,,94.46,0.0
T001793,0,0,,,0,,,171.72,0.0
T001794,0,0,,,0,,,180.9,0.0
T001795,0,0,,,0,,,228.38,0.0
T001796,0,0,,,0,,,183.96,0.0
T001797,0,0,,,0,,,229.48,0.0
T001798,0,0,,,0,,,178.56,0.0
T001799,0,0,,,0,,,179.04,0.0
T001800,0,0,,,0,,,168.33,0.0
T001801,0,0,,,0,,,361.93,0.0
T001802,0,0,,,0,,,394.15,0.0
T001803,0,0,,,0,,,225.47,0.0
T001804,0,0,,,0,,,210.37,0.0
T001805,0,0,,,0,,,465.49,0.0
T001806,0,0,,,0,,,230.86,0.0
T001807,0,0,,,0,,,222.47,0.0
T001808,0,0,,,0,,,226.49,0.0
T001809,0,0,,,0,,,159.77,0.0
T001810,0,0,,,0,,,184.01,0.0
T001811,0,0,,,0,,,125.15,0.0
T001812,0,0,,,0,,,168.0,0.0
T001813,0,0,,,0,,,162.98,0.0
T001814,0,0,,,0,,,77.61,0.0
T001815,0,0,,,0,,,235.96,0.0
T001816,0,0,,,0,,,173.5,0.0
T001817,0,0,,,0,,,123.46,0.0
T001818,0,0,,,0,,,355.88,0.0
T001819,1,0,,,0,,,0.0,4882.42
T001820,0,0,,,0,,,220.85,0.0
T001821,0,0,,,0,,,150.12,0.0
T001822,0,0,,,0,,,155.68,0.0
T001823,0,0,,,0,,,162.81,0.0
T001824,0,0,,,0,,,199.0,0.0
T001825,0,0,,,0,,,293.73,0.0
T001826,0,0,,,0,,,136.37,0.0
T001827,0,0,,,0,,,653.64,0.0
T001828,0,0,,,0,,,188.59,0.0
T001829,0,0,,,0,,,335.43,0.0
T001830,0,0,,,0,,,227.9,0.0
T001831,0,0,,,0,,,232.06,0.0
T001832,0,0,,,0,,,574.14,0.0
T001833,0,0,,,0,,,178.92,0.0
T001834,0,0,,,0,,,141.51,0.0
T001835,0,0,,,0,,,219.58,0.0
T001836,0,0,,,0,,,589.86,0.0
T001837,0,0,,,0,,,98.42,0.0
T001838,0,0,,,0,,,182.83,0.0
T001839,0,0,,,0,,,311.49,0.0
T001840,0,0,,,0,,,264.8,0.0
T001841,0,0,,,0,,,221.3,0.0
T001842,0,0,,,0,,,163.92,0.0
T001843,0,0,,,0,,,208.2,0.0
T001844,0,0,,,0,,,208.96,0.0
T001845,0,0,,,0,,,453.77,0.0
T001846,0,0,,,0,,,185.59,0.0
T001847,0,0,,,0,,,304.74,0.0
T001848,0,0,,,0,,,143.63,0.0
T001849,0,0,,,0,,,542.69,0.0
T001850,0,0,,,0,,,305.75,0.0
T001851,0,0,,,0,,,362.98,0.0
T001852,0,0,,,0,,,119.88,0.0
T001853,0,0,,,0,,,448.05,0.0
T001854,0,0,,,0,,,198.46,0.0
T001855,0,0,,,0,,,317.54,0.0
T001856,0,0,,,0,,,181.76,0.0
T001857,0,0,,,0,,,202.22,0.0
T001858,0,0,,,0,,,191.64,0.0
T001859,0,0,,,0,,,159.68,0.0
T001860,0,0,,,0,,,275.3,0.0
T001861,0,0,,,0,,,393.52,0.0
T001862,0,0,,,0,,,152.67,0.0
T001863,0,0,,,0,,,157.46,0.0
T001864,0,0,,,0,,,247.55,0.0
T001865,0,0,,,0,,,137.77,0.0
T001866,0,0,,,0,,,171.69,0.0
T001867,0,0,,,0,,,347.17,0.0
T001868,0,0,,,0,,,193.11,0.0
T001869,1,0,,,0,,,0.0,1805.99
T001870,0,0,,,0,,,187.23,0.0
T001871,0,0,,,0,,,204.26,0.0
T001872,0,0,,,0,,,105.02,0.0
T001873,0,0,,,0,,,216.99,0.0
T001874,0,0,,,0,,,215.68,0.0
T001875,0,0,,,0,,,114.88,0.0
T001876,0,0,,,0,,,166.31,0.0
T001877,0,0,,,0,,,280.82,0.0
T001878,0,0,,,0,,,194.14,0.0
T001879,0,0,,,0,,,165.52,0.0
T001880,0,0,,,0,,,255.53,0.0
T001881,0,0,,,0,,,151.04,0.0
T001882,0,0,,,0,,,401.51,0.0
T001883,0,0,,,0,,,149.2,0.0
T001884,0,0,,,0,,,164.3,0.0
T001885,0,0,,,0,,,171.38,0.0
T001886,1,0,,,0,,,0.0,558.27
T001887,0,0,,,0,,,122.35,0.0
T001888,0,0,,,0,,,196.49,0.0
T001889,0,0,,,0,,,175.92,0.0
T001890,0,0,,,0,,,155.59,0.0
T001891,0,0,,,0,,,316.36,0.0
T001892,0,0,,,0,,,164.61,0.0
T001893,0,0,,,0,,,170.53,0.0
T001894,0,0,,,0,,,326.55,0.0
T001895,0,0,,,0,,,312.23,0.0
T001896,0,0,,,0,,,245.32,0.0
T001897,0,0,,,0,,,415.87,0.0
T001898,0,0,,,0,,,176.58,0.0
T001899,0,0,,,0,,,174.19,0.0
T001900,0,0,,,0,,,291.8,0.0
T001901,0,0,,,0,,,538.3,0.0
T001902,0,0,,,0,,,64.09,0.0
T001903,0,0,,,0,,,148.27,0.0
T001904,0,0,,,0,,,245.91,0.0
T001905,0,0,,,0,,,392.14,0.0
T001906,0,0,,,0,,,392.86,0.0
T001907,0,0,,,0,,,204.14,0.0
T001908,0,0,,,0,,,271.27,0.0
T001909,0,0,,,0,,,228.63,0.0
T001910,0,0,,,0,,,157.91,0.0
T001911,0,0,,,0,,,169.73,0.0
T001912,0,0,,,0,,,233.57,0.0
T001913,0,0,,,0,,,122.54,0.0
T001914,0,0,,,0,,,391.12,0.0
T001915,0,0,,,0,,,363.46,0.0
T001916,0,0,,,0,,,944.96,0.0
T001917,0,0,,,0,,,329.92,0.0
T001918,0,0,,,0,,,382.76,0.0
T001919,0,0,,,0,,,218.5,0.0
T001920,0,0,,,0,,,289.27,0.0
T001921,0,0,,,0,,,177.36,0.0
T001922,0,0,,,0,,,231.42,0.0
T001923,0,0,,,0,,,1071.34,0.0
T001924,0,0,,,0,,,561.59,0.0
T001925,0,0,,,0,,,251.63,0.0
T001926,0,0,,,0,,,192.66,0.0
T001927,0,0,,,0,,,178.64,0.0
T001928,0,0,,,0,,,205.5,0.0
T001929,0,0,,,0,,,221.05,0.0
T001930,0,0,,,0,,,435.45,0.0
T001931,0,0,,,0,,,926.58,0.0
T001932,0,0,,,0,,,204.39,0.0
T001933,0,0,,,0,,,246.22,0.0
T001934,0,0,,,0,,,145.85,0.0
T001935,0,0,,,0,,,501.77,0.0
T001936,0,0,,,0,,,167.39,0.0
T001937,0,0,,,0,,,241.48,0.0
T001938,0,0,,,0,,,338.93,0.0
T001939,0,0,,,0,,,217.11,0.0
T001940,0,0,,,0,,,205.22,0.0
T001941,0,0,,,0,,,155.19,0.0
T001942,0,0,,,0,,,834.16,0.0
T001943,0,0,,,0,,,158.63,0.0
T001944,0,0,,,0,,,203.89,0.0
T001945,0,0,,,0,,,302.82,0.0
T001946,0,0,,,0,,,331.73,0.0
T001947,0,0,,,0,,,271.14,0.0
T001948,1,0,,,0,,,0.0,1042.76
T001949,0,0,,,0,,,502.03,0.0
T001950,0,0,,,0,,,472.87,0.0
T001951,0,0,,,0,,,81.21,0.0
T001952,0,0,,,0,,,172.45,0.0
T001953,0,0,,,0,,,160.48,0.0
T001954,0,0,,,0,,,371.07,0.0
T001955,0,0,,,0,,,357.63,0.0
T001956,0,0,,,0,,,187.45,0.0
T001957,0,0,,,0,,,183.42,0.0
T001958,0,0,,,0,,,163.37,0.0
T001959,0,0,,,0,,,229.98,0.0
T001960,0,0,,,0,,,155.84,0.0
T001961,0,0,,,0,,,206.87,0.0
T001962,0,0,,,0,,,234.68,0.0
T001963,0,0,,,0,,,166.21,0.0
T001964,0,0,,,0,,,277.07,0.0
T001965,0,0,,,0,,,814.95,0.0
T001966,0,0,,,0,,,311.37,0.0
T001967,0,0,,,0,,,266.92,0.0
T001968,0,0,,,0,,,462.28,0.0
T001969,0,0,,,0,,,186.78,0.0
T001970,0,0,,,0,,,180.42,0.0
T001971,0,0,,,0,,,299.89,0.0
T001972,0,0,,,0,,,271.15,0.0
T001973,0,0,,,0,,,292.25,0.0
T001974,0,0,,,0,,,278.84,0.0
T001975,0,0,,,0,,,213.73,0.0
T001976,0,0,,,0,,,951.03,0.0
T001977,0,0,,,0,,,412.46,0.0
T001978,0,0,,,0,,,212.91,0.0
T001979,0,0,,,0,,,454.22,0.0
T001980,0,0,,,0,,,124.02,0.0
T001981,0,0,,,0,,,155.67,0.0
T001982,0,0,,,0,,,248.26,0.0
T001983,0,0,,,0,,,295.54,0.0
T001984,0,0,,,0,,,420.41,0.0
T001985,0,0,,,0,,,537.68,0.0
T001986,0,0,,,0,,,384.62,0.0
T001987,0,0,,,0,,,202.79,0.0
T001988,0,0,,,0,,,172.35,0.0
T001989,0,0,,,0,,,336.71,0.0
T001990,0,0,,,0,,,176.65,0.0
T001991,0,0,,,0,,,277.74,0.0
T001992,0,0,,,0,,,408.26,0.0
T001993,0,0,,,0,,,227.21,0.0
T001994,0,0,,,0,,,299.67,0.0
T001995,0,0,,,0,,,116.66,0.0
T001996,0,0,,,0,,,205.83,0.0
T001997,0,0,,,0,,,191.42,0.0
T001998,0,0,,,0,,,186.63,0.0
T001999,0,0,,,0,,,215.62,0.0
T002000,0,0,,,0,,,337.93,0.0
T002001,0,0,,,0,,,250.64,0.0
T002002,0,0,,,0,,,328.86,0.0
T002003,0,0,,,0,,,165.69,0.0
T002004,0,0,,,0,,,285.84,0.0
T002005,0,0,,,0,,,364.64,0.0
T002006,0,0,,,0,,,240.55,0.0
T002007,0,0,,,0,,,543.95,0.0
T002008,0,0,,,0,,,152.72,0.0
T002009,0,0,,,0,,,223.69,0.0
T002010,0,0,,,0,,,260.92,0.0
T002011,0,0,,,0,,,155.16,0.0
T002012,0,0,,,0,,,184.9,0.0
T002013,0,0,,,0,,,240.3,0.0
T002014,0,0,,,0,,,151.83,0.0
T002015,0,0,,,0,,,162.48,0.0
T002016,0,0,,,0,,,410.91,0.0
T002017,0,0,,,0,,,225.31,0.0
T002018,0,0,,,0,,,201.08,0.0
T002019,0,0,,,0,,,283.18,0.0
T002020,0,0,,,0,,,476.3,0.0
T002021,0,0,,,0,,,273.15,0.0
T002022,0,0,,,0,,,278.24,0.0
T002023,0,0,,,0,,,329.07,0.0
T002024,0,0,,,0,,,474.52,0.0
T002025,0,0,,,0,,,271.61,0.0
T002026,0,0,,,0,,,392.27,0.0
T002027,0,0,,,0,,,155.97,0.0
T002028,0,0,,,0,,,301.57,0.0
T002029,0,0,,,0,,,146.14,0.0
T002030,0,0,,,0,,,211.08,0.0
T002031,0,0,,,0,,,92.83,0.0
T002032,0,0,,,0,,,204.18,0.0
T002033,0,0,,,0,,,435.96,0.0
T002034,0,0,,,0,,,171.34,0.0
T002035,0,0,,,0,,,243.5,0.0
T002036,0,0,,,0,,,175.56,0.0
T002037,0,0,,,0,,,157.33,0.0
T002038,0,0,,,0,,,211.22,0.0
T002039,0,0,,,0,,,216.57,0.0
T002040,0,0,,,0,,,168.72,0.0
T002041,0,0,,,0,,,382.28,0.0
T002042,0,0,,,0,,,216.72,0.0
T002043,0,0,,,0,,,190.5,0.0
T002044,0,0,,,0,,,120.29,0.0
T002045,0,0,,,0,,,174.39,0.0
T002046,0,0,,,0,,,292.36,0.0
T002047,0,0,,,0,,,194.12,0.0
T002048,0,0,,,0,,,210.72,0.0
T002049,0,0,,,0,,,195.52,0.0
T002050,0,0,,,0,,,1023.16,0.0
T002051,0,0,,,0,,,395.43,0.0
T002052,0,0,,,0,,,172.0,0.0
T002053,0,0,,,0,,,163.4,0.0
T002054,0,0,,,0,,,223.36,0.0
T002055,0,0,,,0,,,401.03,0.0
T002056,0,0,,,0,,,162.86,0.0
T002057,0,0,,,0,,,171.7,0.0
T002058,0,0,,,0,,,142.47,0.0
T002059,0,0,,,0,,,340.75,0.0
T002060,0,0,,,0,,,292.2,0.0
T002061,0,0,,,0,,,203.93,0.0
T002062,0,0,,,0,,,398.43,0.0
T002063,0,0,,,0,,,167.16,0.0
T002064,0,0,,,0,,,230.01,0.0
T002065,0,0,,,0,,,223.04,0.0
T002066,0,0,,,0,,,211.2,0.0
T002067,0,0,,,0,,,173.53,0.0
T002068,0,0,,,0,,,180.86,0.0
T002069,0,0,,,0,,,122.23,0.0
T002070,0,0,,,0,,,195.23,0.0
T002071,0,0,,,0,,,177.18,0.0
T002072,0,0,,,0,,,164.67,0.0
T002073,0,0,,,0,,,235.9,0.0
T002074,0,0,,,0,,,231.39,0.0
T002075,0,0,,,0,,,184.17,0.0
T002076,0,0,,,0,,,210.3,0.0
T002077,0,0,,,0,,,154.48,0.0
T002078,0,0,,,0,,,338.81,0.0
T002079,1,0,,,0,,,0.0,1431.83
T002080,0,0,,,0,,,81.98,0.0
T002081,0,0,,,0,,,361.01,0.0
T002082,0,0,,,0,,,295.03,0.0
T002083,0,0,,,0,,,187.12,0.0
T002084,0,0,,,0,,,228.72,0.0
T002085,0,0,,,0,,,326.89,0.0
T002086,0,0,,,0,,,159.36,0.0
T002087,0,0,,,0,,,160.05,0.0
T002088,0,0,,,0,,,223.18,0.0
T002089,0,0,,,0,,,194.89,0.0
T002090,0,0,,,0,,,182.95,0.0
T002091,0,0,,,0,,,182.54,0.0
T002092,0,0,,,0,,,367.16,0.0
T002093,0,0,,,0,,,170.89,0.0
T002094,0,0,,,0,,,1657.95,0.0
T002095,0,0,,,0,,,234.6,0.0
T002096,0,0,,,0,,,390.26,0.0
T002097,0,0,,,0,,,180.04,0.0
T002098,0,0,,,0,,,312.51,0.0
T002099,0,0,,,0,,,171.25,0.0
T002100,0,0,,,0,,,160.99,0.0
T002101,0,0,,,0,,,230.69,0.0
T002102,0,0,,,0,,,182.6,0.0
T002103,0,0,,,0,,,176.8,0.0
T002104,0,0,,,0,,,208.41,0.0
T002105,0,0,,,0,,,169.6,0.0
T002106,0,0,,,0,,,308.34,0.0
T002107,0,0,,,0,,,249.92,0.0
T002108,0,0,,,0,,,679.28,0.0
T002109,0,0,,,0,,,161.83,0.0
T002110,0,0,,,0,,,511.34,0.0
T002111,0,0,,,0,,,159.37,0.0
T002112,0,0,,,0,,,1500.4,0.0
T002113,0,0,,,0,,,237.6,0.0
T002114,0,0,,,0,,,230.24,0.0
T002115,0,0,,,0,,,156.03,0.0
T002116,0,0,,,0,,,247.69,0.0
T002117,0,0,,,0,,,250.68,0.0
T002118,0,0,,,0,,,147.1,0.0
T002119,0,0,,,0,,,181.49,0.0
T002120,0,0,,,0,,,250.66,0.0
T002121,0,0,,,0,,,171.31,0.0
T002122,0,0,,,0,,,106.95,0.0
T002123,0,0,,,0,,,152.74,0.0
T002124,0,0,,,0,,,217.97,0.0
T002125,0,0,,,0,,,392.63,0.0
T002126,0,0,,,0,,,512.9,0.0
T002127,0,0,,,0,,,191.85,0.0
T002128,0,0,,,0,,,168.2,0.0
T002129,0,0,,,0,,,195.37,0.0
T002130,0,0,,,0,,,197.96,0.0
T002131,0,0,,,0,,,219.36,0.0
T002132,0,0,,,0,,,205.66,0.0
T002133,0,0,,,0,,,253.6,0.0
T002134,0,0,,,0,,,178.8,0.0
T002135,0,0,,,0,,,98.79,0.0
T002136,0,0,,,0,,,171.66,0.0
T002137,0,0,,,0,,,254.29,0.0
T002138,0,0,,,0,,,200.59,0.0
T002139,0,0,,,0,,,221.1,0.0
T002140,0,0,,,0,,,189.88,0.0
T002141,0,0,,,0,,,240.79,0.0
T002142,0,0,,,0,,,627.08,0.0
T002143,0,0,,,0,,,168.7,0.0
T002144,0,0,,,0,,,228.74,0.0
T002145,0,0,,,0,,,164.18,0.0
T002146,0,0,,,0,,,188.27,0.0
T002147,0,0,,,0,,,128.4,0.0
T002148,1,0,,,0,,,0.0,1277.54
T002149,0,0,,,0,,,60.08,0.0
T002150,0,0,,,0,,,290.32,0.0
T002151,0,0,,,0,,,141.03,0.0
T002152,0,0,,,0,,,161.75,0.0
T002153,0,0,,,0,,,195.95,0.0
T002154,0,0,,,0,,,166.82,0.0
T002155,0,0,,,0,,,255.98,0.0
T002156,0,0,,,0,,,366.44,0.0
T002157,0,0,,,0,,,162.36,0.0
T002158,0,0,,,0,,,162.36,0.0
T002159,0,0,,,0,,,173.96,0.0
T002160,1,0,,,0,,,0.0,3272.0
T002161,0,0,,,0,,,158.62,0.0
T002162,0,0,,,0,,,170.37,0.0
T002163,0,0,,,0,,,277.89,0.0
T002164,0,0,,,0,,,191.64,0.0
T002165,0,0,,,0,,,730.29,0.0
T002166,0,0,,,0,,,216.82,0.0
T002167,0,0,,,0,,,210.01,0.0
T002168,0,0,,,0,,,524.88,0.0
T002169,0,0,,,0,,,268.31,0.0
T002170,0,0,,,0,,,256.42,0.0
T002171,0,0,,,0,,,314.52,0.0
T002172,0,0,,,0,,,259.48,0.0
T002173,0,0,,,0,,,209.42,0.0
T002174,0,0,,,0,,,89.09,0.0
T002175,0,0,,,0,,,245.15,0.0
T002176,0,0,,,0,,,190.0,0.0
T002177,0,0,,,0,,,213.56,0.0
T002178,0,0,,,0,,,289.49,0.0
T002179,0,0,,,0,,,138.09,0.0
T002180,0,0,,,0,,,76.01,0.0
T002181,0,0,,,0,,,178.01,0.0
T002182,0,0,,,0,,,264.35,0.0
T002183,0,0,,,0,,,182.48,0.0
T002184,0,0,,,0,,,179.8,0.0
T002185,0,0,,,0,,,173.16,0.0
T002186,0,0,,,0,,,180.81,0.0
T002187,0,0,,,0,,,306.11,0.0
T002188,1,0,,,0,,,0.0,1925.58
T002189,0,0,,,0,,,197.95,0.0
T002190,0,0,,,0,,,215.23,0.0
T002191,0,0,,,0,,,177.76,0.0
T002192,0,0,,,0,,,185.91,0.0
T002193,0,0,,,0,,,372.67,0.0
T002194,0,0,,,0,,,238.23,0.0
T002195,1,0,,,0,,,0.0,1956.59
T002196,0,0,,,0,,,354.92,0.0
T002197,0,0,,,0,,,202.36,0.0
T002198,0,0,,,0,,,178.63,0.0
T002199,0,0,,,0,,,229.49,0.0
T002200,0,0,,,0,,,217.36,0.0
T002201,0,0,,,0,,,158.16,0.0
T002202,0,0,,,0,,,195.19,0.0
T002203,0,0,,,0,,,252.84,0.0
T002204,0,0,,,0,,,135.53,0.0
T002205,0,0,,,0,,,193.04,0.0
T002206,0,0,,,0,,,143.93,0.0
T002207,0,0,,,0,,,202.15,0.0
T002208,0,0,,,0,,,314.9,0.0
T002209,0,0,,,0,,,287.49,0.0
T002210,0,0,,,0,,,140.49,0.0
T002211,0,0,,,0,,,169.11,0.0
T002212,0,0,,,0,,,403.17,0.0
T002213,0,0,,,0,,,306.16,0.0
T002214,0,0,,,0,,,166.51,0.0
T002215,0,0,,,0,,,260.14,0.0
T002216,0,0,,,0,,,479.51,0.0
T002217,1,0,,,0,,,0.0,4586.05
T002218,0,0,,,0,,,277.95,0.0
T002219,0,0,,,0,,,163.46,0.0
T002220,0,0,,,0,,,189.83,0.0
T002221,0,0,,,0,,,297.31,0.0
T002222,0,0,,,0,,,141.33,0.0
T002223,0,0,,,0,,,797.9,0.0
T002224,0,0,,,0,,,182.24,0.0
T002225,0,0,,,0,,,81.33,0.0
T002226,0,0,,,0,,,302.02,0.0
T002227,0,0,,,0,,,256.83,0.0
T002228,0,0,,,0,,,249.25,0.0
T002229,0,0,,,0,,,177.87,0.0
T002230,0,0,,,0,,,491.6,0.0
T002231,0,0,,,0,,,224.91,0.0
T002232,0,0,,,0,,,922.84,0.0
T002233,0,0,,,0,,,469.6,0.0
T002234,0,0,,,0,,,170.28,0.0
T002235,0,0,,,0,,,219.67,0.0
T002236,0,0,,,0,,,260.27,0.0
T002237,0,0,,,0,,,230.66,0.0
T002238,0,0,,,0,,,171.16,0.0
T002239,0,0,,,0,,,70.19,0.0
T002240,0,0,,,0,,,832.81,0.0
T002241,0,0,,,0,,,267.11,0.0
T002242,0,0,,,0,,,103.04,0.0
T002243,0,0,,,0,,,934.23,0.0
T002244,0,0,,,0,,,355.88,0.0
T002245,0,0,,,0,,,237.71,0.0
T002246,0,0,,,0,,,123.91,0.0
T002247,0,0,,,0,,,445.76,0.0
T002248,0,0,,,0,,,450.72,0.0
T002249,0,0,,,0,,,163.86,0.0
T002250,0,0,,,0,,,212.08,0.0
T002251,0,0,,,0,,,171.87,0.0
T002252,0,0,,,0,,,359.91,0.0
T002253,0,0,,,0,,,266.23,0.0
T002254,0,0,,,0,,,355.99,0.0
T002255,0,0,,,0,,,467.77,0.0
T002256,0,0,,,0,,,264.67,0.0
T002257,0,0,,,0,,,248.63,0.0
T002258,0,0,,,0,,,169.22,0.0
T002259,0,0,,,0,,,340.32,0.0
T002260,0,0,,,0,,,671.5,0.0
T002261,0,0,,,0,,,289.47,0.0
T002262,0,0,,,0,,,228.51,0.0
T002263,0,0,,,0,,,200.32,0.0
T002264,0,0,,,0,,,140.25,0.0
T002265,0,0,,,0,,,279.16,0.0
T002266,0,0,,,0,,,154.12,0.0
T002267,0,0,,,0,,,194.41,0.0
T002268,0,0,,,0,,,277.99,0.0
T002269,0,0,,,0,,,156.9,0.0
T002270,0,0,,,0,,,153.18,0.0
T002271,0,0,,,0,,,866.48,0.0
T002272,0,0,,,0,,,335.3,0.0
T002273,0,0,,,0,,,263.75,0.0
T002274,0,0,,,0,,,265.26,0.0
T002275,0,0,,,0,,,207.18,0.0
T002276,0,0,,,0,,,177.63,0.0
T002277,0,0,,,0,,,180.25,0.0
T002278,0,0,,,0,,,541.37,0.0
T002279,0,0,,,0,,,674.86,0.0
T002280,0,0,,,0,,,120.21,0.0
T002281,0,0,,,0,,,99.96,0.0
T002282,1,0,,,0,,,0.0,824.28
T002283,0,0,,,0,,,195.01,0.0
T002284,0,0,,,0,,,189.54,0.0
T002285,0,0,,,0,,,214.52,0.0
T002286,0,0,,,0,,,639.0,0.0
T002287,0,0,,,0,,,190.28,0.0
T002288,1,0,,,0,,,0.0,630.13
T002289,0,0,,,0,,,245.11,0.0
T002290,0,0,,,0,,,278.29,0.0
T002291,0,0,,,0,,,482.96,0.0
T002292,0,0,,,0,,,433.78,0.0
T002293,0,0,,,0,,,181.65,0.0
T002294,0,0,,,0,,,152.12,0.0
T002295,0,0,,,0,,,230.14,0.0
T002296,0,0,,,0,,,248.7,0.0
T002297,0,0,,,0,,,168.24,0.0
T002298,0,0,,,0,,,704.42,0.0
T002299,0,0,,,0,,,106.68,0.0
T002300,0,0,,,0,,,263.5,0.0
T002301,0,0,,,0,,,228.78,0.0
T002302,0,0,,,0,,,277.64,0.0
T002303,0,0,,,0,,,648.68,0.0
T002304,0,0,,,0,,,228.98,0.0
T002305,0,0,,,0,,,176.46,0.0
T002306,0,0,,,0,,,181.44,0.0
T002307,0,0,,,0,,,268.6,0.0
T002308,0,0,,,0,,,179.92,0.0
T002309,0,0,,,0,,,160.63,0.0
T002310,0,0,,,0,,,177.3,0.0
T002311,0,0,,,0,,,415.04,0.0
T002312,0,0,,,0,,,609.15,0.0
T002313,0,0,,,0,,,2500.0,0.0
T002314,0,0,,,0,,,367.88,0.0
T002315,0,0,,,0,,,157.11,0.0
T002316,0,0,,,0,,,174.15,0.0
T002317,0,0,,,0,,,164.67,0.0
T002318,0,0,,,0,,,204.87,0.0
T002319,0,0,,,0,,,363.93,0.0
T002320,0,0,,,0,,,185.01,0.0
T002321,0,0,,,0,,,262.14,0.0
T002322,0,0,,,0,,,231.61,0.0
T002323,0,0,,,0,,,259.63,0.0
T002324,0,0,,,0,,,234.6,0.0
T002325,0,0,,,0,,,207.27,0.0
T002326,0,0,,,0,,,518.94,0.0
T002327,0,0,,,0,,,146.13,0.0
T002328,0,0,,,0,,,628.94,0.0
T002329,0,0,,,0,,,159.0,0.0
T002330,1,0,,,0,,,0.0,299.16
T002331,0,0,,,0,,,277.18,0.0
T002332,0,0,,,0,,,186.87,0.0
T002333,0,0,,,0,,,88.37,0.0
T002334,0,0,,,0,,,135.06,0.0
T002335,0,0,,,0,,,194.06,0.0
T002336,0,0,,,0,,,205.64,0.0
T002337,0,0,,,0,,,348.04,0.0
T002338,0,0,,,0,,,316.37,0.0
T002339,0,0,,,0,,,222.84,0.0
T002340,0,0,,,0,,,281.98,0.0
T002341,0,0,,,0,,,625.9,0.0
T002342,0,0,,,0,,,172.09,0.0
T002343,0,0,,,0,,,151.98,0.0
T002344,0,0,,,0,,,170.15,0.0
T002345,0,0,,,0,,,188.77,0.0
T002346,0,0,,,0,,,124.85,0.0
T002347,0,0,,,0,,,257.11,0.0
T002348,0,0,,,0,,,157.64,0.0
T002349,0,0,,,0,,,295.33,0.0
T002350,0,0,,,0,,,167.13,0.0
T002351,0,0,,,0,,,310.31,0.0
T002352,0,0,,,0,,,218.06,0.0
T002353,0,0,,,0,,,200.98,0.0
T002354,0,0,,,0,,,225.58,0.0
T002355,0,0,,,0,,,195.34,0.0
T002356,0,0,,,0,,,161.53,0.0
T002357,0,0,,,0,,,490.59,0.0
T002358,0,0,,,0,,,71.35,0.0
T002359,0,0,,,0,,,178.05,0.0
T002360,0,0,,,0,,,174.41,0.0
T002361,0,0,,,0,,,241.19,0.0
T002362,0,0,,,0,,,129.75,0.0
T002363,0,0,,,0,,,144.23,0.0
T002364,0,0,,,0,,,827.59,0.0
T002365,0,0,,,0,,,383.83,0.0
T002366,0,0,,,0,,,157.81,0.0
T002367,0,0,,,0,,,116.72,0.0
T002368,0,0,,,0,,,241.75,0.0
T002369,0,0,,,0,,,189.58,0.0
T002370,0,0,,,0,,,643.09,0.0
T002371,0,0,,,0,,,145.07,0.0
T002372,0,0,,,0,,,98.64,0.0
T002373,0,0,,,0,,,243.24,0.0
T002374,0,0,,,0,,,608.52,0.0
T002375,0,0,,,0,,,166.95,0.0
T002376,0,0,,,0,,,296.85,0.0
T002377,0,0,,,0,,,156.37,0.0
T002378,0,0,,,0,,,710.02,0.0
T002379,0,0,,,0,,,268.08,0.0
T002380,0,0,,,0,,,381.61,0.0
T002381,0,0,,,0,,,270.08,0.0
T002382,0,0,,,0,,,163.37,0.0
T002383,0,0,,,0,,,315.82,0.0
T002384,0,0,,,0,,,131.62,0.0
T002385,0,0,,,0,,,253.77,0.0
T002386,0,0,,,0,,,241.06,0.0
T002387,0,0,,,0,,,179.68,0.0
T002388,0,0,,,0,,,186.63,0.0
T002389,0,0,,,0,,,225.24,0.0
T002390,0,0,,,0,,,447.94,0.0
T002391,0,0,,,0,,,240.05,0.0
T002392,0,0,,,0,,,286.89,0.0
T002393,0,0,,,0,,,307.65,0.0
T002394,0,0,,,0,,,538.26,0.0
T002395,0,0,,,0,,,215.11,0.0
T002396,0,0,,,0,,,525.29,0.0
T002397,0,0,,,0,,,182.32,0.0
T002398,0,0,,,0,,,179.53,0.0
T002399,0,0,,,0,,,278.47,0.0
T002400,0,0,,,0,,,274.05,0.0
T002401,0,0,,,0,,,1019.68,0.0
T002402,0,0,,,0,,,93.62,0.0
T002403,0,0,,,0,,,181.03,0.0
T002404,0,0,,,0,,,227.88,0.0
T002405,0,0,,,0,,,182.15,0.0
T002406,0,0,,,0,,,174.58,0.0
T002407,0,0,,,0,,,314.77,0.0
T002408,0,0,,,0,,,448.68,0.0
T002409,0,0,,,0,,,178.45,0.0
T002410,0,0,,,0,,,362.32,0.0
T002411,0,0,,,0,,,225.34,0.0
T002412,0,0,,,0,,,262.1,0.0
T002413,0,0,,,0,,,271.99,0.0
T002414,1,0,,,0,,,0.0,851.6
T002415,0,0,,,0,,,707.22,0.0
T002416,0,0,,,0,,,232.1,0.0
T002417,0,0,,,0,,,132.6,0.0
T002418,0,0,,,0,,,605.19,0.0
T002419,0,0,,,0,,,206.06,0.0
T002420,0,0,,,0,,,451.83,0.0
T002421,0,0,,,0,,,219.25,0.0
T002422,0,0,,,0,,,150.51,0.0
T002423,0,0,,,0,,,206.58,0.0
T002424,0,0,,,0,,,176.22,0.0
T002425,0,0,,,0,,,166.94,0.0
T002426,0,0,,,0,,,272.48,0.0
T002427,0,0,,,0,,,391.45,0.0
T002428,0,0,,,0,,,286.6,0.0
T002429,0,0,,,0,,,408.96,0.0
T002430,0,0,,,0,,,208.59,0.0
T002431,0,0,,,0,,,164.27,0.0
T002432,0,0,,,0,,,1006.64,0.0
T002433,0,0,,,0,,,142.98,0.0
T002434,0,0,,,0,,,142.42,0.0
T002435,0,0,,,0,,,445.88,0.0
T002436,0,0,,,0,,,205.3,0.0
T002437,0,0,,,0,,,243.21,0.0
T002438,0,0,,,0,,,193.99,0.0
T002439,0,0,,,0,,,155.16,0.0
T002440,0,0,,,0,,,193.61,0.0
T002441,0,0,,,0,,,342.23,0.0
T002442,0,0,,,0,,,743.47,0.0
T002443,0,0,,,0,,,191.81,0.0
T002444,0,0,,,0,,,200.74,0.0
T002445,0,0,,,0,,,444.59,0.0
T002446,0,0,,,0,,,242.58,0.0
T002447,0,0,,,0,,,1309.66,0.0
T002448,0,0,,,0,,,245.38,0.0
T002449,0,0,,,0,,,301.09,0.0
T002450,0,0,,,0,,,345.4,0.0
T002451,0,0,,,0,,,157.4,0.0
T002452,0,0,,,0,,,105.39,0.0
T002453,0,0,,,0,,,781.56,0.0
T002454,0,0,,,0,,,111.32,0.0
T002455,0,0,,,0,,,784.97,0.0
T002456,0,0,,,0,,,160.48,0.0
T002457,0,0,,,0,,,240.1,0.0
T002458,0,0,,,0,,,237.28,0.0
T002459,0,0,,,0,,,269.99,0.0
T002460,0,0,,,0,,,327.31,0.0
T002461,0,0,,,0,,,194.73,0.0
T002462,0,0,,,0,,,184.51,0.0
T002463,0,0,,,0,,,271.99,0.0
T002464,0,0,,,0,,,146.7,0.0
T002465,0,0,,,0,,,168.79,0.0
T002466,0,0,,,0,,,402.49,0.0
T002467,0,0,,,0,,,760.87,0.0
T002468,0,0,,,0,,,212.09,0.0
T002469,0,0,,,0,,,260.85,0.0
T002470,0,0,,,0,,,231.4,0.0
T002471,0,0,,,0,,,248.48,0.0
T002472,0,0,,,0,,,158.31,0.0
T002473,0,0,,,0,,,211.77,0.0
T002474,0,0,,,0,,,197.46,0.0
T002475,0,0,,,0,,,983.91,0.0
T002476,0,0,,,0,,,315.28,0.0
T002477,0,0,,,0,,,328.72,0.0
T002478,0,0,,,0,,,183.39,0.0
T002479,0,0,,,0,,,195.81,0.0
T002480,0,0,,,0,,,380.26,0.0
T002481,0,0,,,0,,,85.69,0.0
T002482,0,0,,,0,,,391.38,0.0
T002483,0,0,,,0,,,169.69,0.0
T002484,0,0,,,0,,,383.04,0.0
T002485,0,0,,,0,,,284.77,0.0
T002486,0,0,,,0,,,248.9,0.0
T002487,0,0,,,0,,,165.25,0.0
T002488,0,0,,,0,,,190.25,0.0
T002489,0,0,,,0,,,206.1,0.0
T002490,0,0,,,0,,,931.99,0.0
T002491,0,0,,,0,,,160.3,0.0
T002492,0,0,,,0,,,363.97,0.0
T002493,0,0,,,0,,,210.7,0.0
T002494,0,0,,,0,,,205.52,0.0
T002495,0,0,,,0,,,344.1,0.0
T002496,0,0,,,0,,,271.92,0.0
T002497,0,0,,,0,,,148.87,0.0
T002498,0,0,,,0,,,266.65,0.0
T002499,0,0,,,0,,,206.07,0.0
T002500,0,0,,,0,,,111.34,0.0
T002501,0,0,,,0,,,155.42,0.0
T002502,0,0,,,0,,,97.84,0.0
T002503,0,0,,,0,,,173.4,0.0
T002504,0,0,,,0,,,154.4,0.0
T002505,0,0,,,0,,,321.25,0.0
T002506,0,0,,,0,,,282.36,0.0
T002507,0,0,,,0,,,652.35,0.0
T002508,0,0,,,0,,,515.72,0.0
T002509,0,0,,,0,,,294.88,0.0
T002510,0,0,,,0,,,432.75,0.0
T002511,0,0,,,0,,,167.65,0.0
T002512,0,0,,,0,,,1991.64,0.0
T002513,0,0,,,0,,,275.72,0.0
T002514,0,0,,,0,,,195.08,0.0
T002515,0,0,,,0,,,172.99,0.0
T002516,0,0,,,0,,,214.83,0.0
T002517,0,0,,,0,,,198.39,0.0
T002518,0,0,,,0,,,158.67,0.0
T002519,0,0,,,0,,,242.48,0.0
T002520,0,0,,,0,,,397.29,0.0
T002521,0,0,,,0,,,352.07,0.0
T002522,0,0,,,0,,,201.0,0.0
T002523,0,0,,,0,,,113.77,0.0
T002524,0,0,,,0,,,158.18,0.0
T002525,0,0,,,0,,,238.87,0.0
T002526,1,0,,,0,,,0.0,1042.46
T002527,0,0,,,0,,,401.28,0.0
T002528,0,0,,,0,,,299.9,0.0
T002529,0,0,,,0,,,269.46,0.0
T002530,0,0,,,0,,,86.12,0.0
T002531,0,0,,,0,,,178.85,0.0
T002532,0,0,,,0,,,158.06,0.0
T002533,0,0,,,0,,,165.38,0.0
T002534,0,0,,,0,,,115.15,0.0
T002535,0,0,,,0,,,428.78,0.0
T002536,0,0,,,0,,,127.93,0.0
T002537,0,0,,,0,,,235.71,0.0
T002538,0,0,,,0,,,382.25,0.0
T002539,0,0,,,0,,,432.45,0.0
T002540,0,0,,,0,,,203.98,0.0
T002541,0,0,,,0,,,159.34,0.0
T002542,0,0,,,0,,,541.43,0.0
T002543,0,0,,,0,,,151.87,0.0
T002544,0,0,,,0,,,342.23,0.0
T002545,0,0,,,0,,,98.22,0.0
T002546,0,0,,,0,,,178.59,0.0
T002547,0,0,,,0,,,213.19,0.0
T002548,0,0,,,0,,,231.07,0.0
T002549,0,0,,,0,,,372.8,0.0
T002550,0,0,,,0,,,94.91,0.0
T002551,0,0,,,0,,,232.54,0.0
T002552,0,0,,,0,,,1249.37,0.0
T002553,0,0,,,0,,,153.77,0.0
T002554,0,0,,,0,,,558.53,0.0
T002555,0,0,,,0,,,191.93,0.0
T002556,0,0,,,0,,,286.03,0.0
T002557,0,0,,,0,,,298.81,0.0
T002558,1,0,,,0,,,0.0,2428.05
T002559,0,0,,,0,,,151.49,0.0
T002560,0,0,,,0,,,376.16,0.0
T002561,0,0,,,0,,,152.72,0.0
T002562,0,0,,,0,,,537.0,0.0
T002563,0,0,,,0,,,278.71,0.0
T002564,0,0,,,0,,,231.92,0.0
T002565,0,0,,,0,,,179.7,0.0
T002566,0,0,,,0,,,232.66,0.0
T002567,0,0,,,0,,,210.53,0.0
T002568,0,0,,,0,,,341.34,0.0
T002569,0,0,,,0,,,114.19,0.0
T002570,0,0,,,0,,,172.39,0.0
T002571,0,0,,,0,,,422.66,0.0
T002572,0,0,,,0,,,59.2,0.0
T002573,0,0,,,0,,,200.58,0.0
T002574,0,0,,,0,,,192.91,0.0
T002575,0,0,,,0,,,131.44,0.0
T002576,0,0,,,0,,,419.71,0.0
T002577,0,0,,,0,,,251.86,0.0
T002578,0,0,,,0,,,446.28,0.0
T002579,0,0,,,0,,,354.92,0.0
T002580,0,0,,,0,,,217.02,0.0
T002581,0,0,,,0,,,240.06,0.0
T002582,0,0,,,0,,,144.92,0.0
T002583,0,0,,,0,,,219.27,0.0
T002584,0,0,,,0,,,363.18,0.0
T002585,0,0,,,0,,,196.0,0.0
T002586,0,0,,,0,,,277.74,0.0
T002587,0,0,,,0,,,94.13,0.0
T002588,0,0,,,0,,,152.38,0.0
T002589,0,0,,,0,,,168.71,0.0
T002590,0,0,,,0,,,172.77,0.0
T002591,0,0,,,0,,,162.79,0.0
T002592,0,0,,,0,,,1041.47,0.0
T002593,0,0,,,0,,,207.17,0.0
T002594,0,0,,,0,,,279.51,0.0
T002595,0,0,,,0,,,805.41,0.0
T002596,0,0,,,0,,,308.92,0.0
T002597,0,0,,,0,,,314.49,0.0
T002598,0,0,,,0,,,167.86,0.0
T002599,0,0,,,0,,,163.68,0.0
T002600,0,0,,,0,,,347.45,0.0
T002601,0,0,,,0,,,153.7,0.0
T002602,0,0,,,0,,,178.96,0.0
T002603,0,0,,,0,,,207.95,0.0
T002604,0,0,,,0,,,208.03,0.0
T002605,0,0,,,0,,,188.5,0.0
T002606,0,0,,,0,,,156.51,0.0
T002607,0,0,,,0,,,231.0,0.0
T002608,0,0,,,0,,,313.57,0.0
T002609,0,0,,,0,,,108.0,0.0
T002610,0,0,,,0,,,228.93,0.0
T002611,0,0,,,0,,,252.69,0.0
T002612,0,0,,,0,,,297.67,0.0
T002613,0,0,,,0,,,242.27,0.0
T002614,0,0,,,0,,,362.07,0.0
T002615,0,0,,,0,,,1478.98,0.0
T002616,0,0,,,0,,,230.37,0.0
T002617,0,0,,,0,,,166.35,0.0
T002618,0,0,,,0,,,213.8,0.0
T002619,0,0,,,0,,,302.74,0.0
T002620,1,0,,,0,,,0.0,18434.84
T002621,0,0,,,0,,,241.89,0.0
T002622,0,0,,,0,,,168.62,0.0
T002623,0,0,,,0,,,186.77,0.0
T002624,0,0,,,0,,,242.2,0.0
T002625,0,0,,,0,,,780.85,0.0
T002626,0,0,,,0,,,482.23,0.0
T002627,0,0,,,0,,,315.46,0.0
T002628,0,0,,,0,,,383.68,0.0
T002629,0,0,,,0,,,266.94,0.0
T002630,0,0,,,0,,,211.48,0.0
T002631,0,0,,,0,,,185.16,0.0
T002632,0,0,,,0,,,359.44,0.0
T002633,0,0,,,0,,,64.96,0.0
T002634,0,0,,,0,,,156.16,0.0
T002635,0,0,,,0,,,189.49,0.0
T002636,0,0,,,0,,,165.47,0.0
T002637,0,0,,,0,,,768.53,0.0
T002638,0,0,,,0,,,219.26,0.0
T002639,0,0,,,0,,,662.78,0.0
T002640,0,0,,,0,,,227.59,0.0
T002641,0,0,,,0,,,152.52,0.0
T002642,0,0,,,0,,,186.8,0.0
T002643,0,0,,,0,,,492.89,0.0
T002644,0,0,,,0,,,258.58,0.0
T002645,0,0,,,0,,,75.31,0.0
T002646,0,0,,,0,,,185.38,0.0
T002647,0,0,,,0,,,222.61,0.0
T002648,0,0,,,0,,,137.47,0.0
T002649,0,0,,,0,,,179.97,0.0
T002650,0,0,,,0,,,207.8,0.0
T002651,0,0,,,0,,,587.13,0.0
T002652,0,0,,,0,,,265.06,0.0
T002653,0,0,,,0,,,388.83,0.0
T002654,0,0,,,0,,,314.93,0.0
T002655,0,0,,,0,,,207.02,0.0
T002656,0,0,,,0,,,142.58,0.0
T002657,0,0,,,0,,,543.96,0.0
T002658,0,0,,,0,,,168.42,0.0
T002659,0,0,,,0,,,67.51,0.0
T002660,0,0,,,0,,,271.6,0.0
T002661,0,0,,,0,,,210.36,0.0
T002662,0,0,,,0,,,396.75,0.0
T002663,0,0,,,0,,,153.06,0.0
T002664,0,0,,,0,,,405.32,0.0
T002665,0,0,,,0,,,770.63,0.0
T002666,0,0,,,0,,,159.89,0.0
T002667,0,0,,,0,,,183.66,0.0
T002668,0,0,,,0,,,296.97,0.0
T002669,0,0,,,0,,,212.5,0.0
T002670,0,0,,,0,,,1351.12,0.0
T002671,0,0,,,0,,,470.51,0.0
T002672,0,0,,,0,,,184.35,0.0
T002673,0,0,,,0,,,291.17,0.0
T002674,0,0,,,0,,,294.37,0.0
T002675,0,0,,,0,,,306.17,0.0
T002676,0,0,,,0,,,350.32,0.0
T002677,0,0,,,0,,,165.53,0.0
T002678,0,0,,,0,,,327.27,0.0
T002679,0,0,,,0,,,637.3,0.0
T002680,0,0,,,0,,,162.6,0.0
T002681,0,0,,,0,,,348.36,0.0
T002682,0,0,,,0,,,158.42,0.0
T002683,0,0,,,0,,,190.23,0.0
T002684,0,0,,,0,,,138.31,0.0
T002685,0,0,,,0,,,194.43,0.0
T002686,0,0,,,0,,,87.91,0.0
T002687,0,0,,,0,,,365.15,0.0
T002688,0,0,,,0,,,982.03,0.0
T002689,0,0,,,0,,,217.41,0.0
T002690,0,0,,,0,,,145.83,0.0
T002691,0,0,,,0,,,170.49,0.0
T002692,0,0,,,0,,,159.8,0.0
T002693,0,0,,,0,,,146.33,0.0
T002694,0,0,,,0,,,365.35,0.0
T002695,0,0,,,0,,,173.74,0.0
T002696,1,0,,,0,,,0.0,3187.38
T002697,0,0,,,0,,,137.46,0.0
T002698,0,0,,,0,,,211.68,0.0
T002699,0,0,,,0,,,1035.18,0.0
T002700,1,0,,,0,,,0.0,1056.42
T002701,0,0,,,0,,,222.56,0.0
T002702,0,0,,,0,,,375.89,0.0
T002703,0,0,,,0,,,201.98,0.0
T002704,0,0,,,0,,,240.67,0.0
T002705,0,0,,,0,,,226.08,0.0
T002706,0,0,,,0,,,257.67,0.0
T002707,0,0,,,0,,,278.46,0.0
T002708,0,0,,,0,,,157.83,0.0
T002709,0,0,,,0,,,389.15,0.0
T002710,0,0,,,0,,,208.27,0.0
T002711,0,0,,,0,,,1017.94,0.0
T002712,0,0,,,0,,,430.92,0.0
T002713,0,0,,,0,,,302.61,0.0
T002714,0,0,,,0,,,149.08,0.0
T002715,0,0,,,0,,,218.21,0.0
T002716,0,0,,,0,,,301.18,0.0
T002717,0,0,,,0,,,240.75,0.0
T002718,0,0,,,0,,,175.76,0.0
T002719,0,0,,,0,,,154.2,0.0
T002720,0,0,,,0,,,485.76,0.0
T002721,1,0,,,0,,,0.0,628.98
T002722,0,0,,,0,,,158.52,0.0
T002723,0,0,,,0,,,744.08,0.0
T002724,0,0,,,0,,,270.38,0.0
T002725,0,0,,,0,,,287.15,0.0
T002726,0,0,,,0,,,265.13,0.0
T002727,0,0,,,0,,,260.9,0.0
T002728,0,0,,,0,,,242.12,0.0
T002729,0,0,,,0,,,239.93,0.0
T002730,0,0,,,0,,,504.13,0.0
T002731,0,0,,,0,,,210.58,0.0
T002732,0,0,,,0,,,63.84,0.0
T002733,0,0,,,0,,,394.58,0.0
T002734,0,0,,,0,,,191.17,0.0
T002735,0,0,,,0,,,122.05,0.0
T002736,0,0,,,0,,,426.18,0.0
T002737,0,0,,,0,,,203.38,0.0
T002738,0,0,,,0,,,177.55,0.0
T002739,0,0,,,0,,,471.07,0.0
T002740,0,0,,,0,,,114.83,0.0
T002741,0,0,,,0,,,1605.34,0.0
T002742,0,0,,,0,,,389.06,0.0
T002743,0,0,,,0,,,213.55,0.0
T002744,0,0,,,0,,,295.35,0.0
T002745,0,0,,,0,,,178.03,0.0
T002746,0,0,,,0,,,207.33,0.0
T002747,0,0,,,0,,,255.97,0.0
T002748,0,0,,,0,,,161.09,0.0
T002749,0,0,,,0,,,215.32,0.0
T002750,0,0,,,0,,,177.16,0.0
T002751,0,0,,,0,,,330.99,0.0
T002752,0,0,,,0,,,101.58,0.0
T002753,0,0,,,0,,,170.13,0.0
T002754,0,0,,,0,,,189.0,0.0
T002755,0,0,,,0,,,168.47,0.0
T002756,0,0,,,0,,,528.77,0.0
T002757,0,0,,,0,,,215.47,0.0
T002758,0,0,,,0,,,166.65,0.0
T002759,0,0,,,0,,,227.99,0.0
T002760,0,0,,,0,,,342.24,0.0
T002761,0,0,,,0,,,329.58,0.0
T002762,0,0,,,0,,,162.45,0.0
T002763,0,0,,,0,,,744.13,0.0
T002764,0,0,,,0,,,156.31,0.0
T002765,0,0,,,0,,,158.16,0.0
T002766,0,0,,,0,,,190.62,0.0
T002767,0,0,,,0,,,326.06,0.0
T002768,0,0,,,0,,,362.98,0.0
T002769,0,0,,,0,,,402.01,0.0
T002770,0,0,,,0,,,325.62,0.0
T002771,0,0,,,0,,,212.15,0.0
T002772,0,0,,,0,,,159.14,0.0
T002773,0,0,,,0,,,363.11,0.0
T002774,0,0,,,0,,,282.49,0.0
T002775,0,0,,,0,,,159.93,0.0
T002776,0,0,,,0,,,213.09,0.0
T002777,0,0,,,0,,,147.01,0.0
T002778,0,0,,,0,,,165.77,0.0
T002779,0,0,,,0,,,291.55,0.0
T002780,0,0,,,0,,,205.2,0.0
T002781,0,0,,,0,,,165.72,0.0
T002782,0,0,,,0,,,179.81,0.0
T002783,0,0,,,0,,,461.52,0.0
T002784,0,0,,,0,,,412.05,0.0
T002785,0,0,,,0,,,255.47,0.0
T002786,0,0,,,0,,,346.61,0.0
T002787,0,0,,,0,,,408.13,0.0
T002788,0,0,,,0,,,235.39,0.0
T002789,0,0,,,0,,,172.76,0.0
T002790,0,0,,,0,,,194.67,0.0
T002791,0,0,,,0,,,112.12,0.0
T002792,0,0,,,0,,,119.23,0.0
T002793,0,0,,,0,,,204.57,0.0
T002794,0,0,,,0,,,127.72,0.0
T002795,0,0,,,0,,,67.48,0.0
T002796,0,0,,,0,,,185.14,0.0
T002797,0,0,,,0,,,178.24,0.0
T002798,0,0,,,0,,,162.26,0.0
T002799,0,0,,,0,,,245.66,0.0
T002800,0,0,,,0,,,151.4,0.0
T002801,0,0,,,0,,,162.48,0.0
T002802,0,0,,,0,,,241.85,0.0
T002803,0,0,,,0,,,365.43,0.0
T002804,0,0,,,0,,,186.5,0.0
T002805,0,0,,,0,,,540.06,0.0
T002806,0,0,,,0,,,206.35,0.0
T002807,0,0,,,0,,,312.88,0.0
T002808,0,0,,,0,,,150.17,0.0
T002809,0,0,,,0,,,458.21,0.0
T002810,0,0,,,0,,,206.36,0.0
T002811,0,0,,,0,,,196.9,0.0
T002812,0,0,,,0,,,595.95,0.0
T002813,0,0,,,0,,,131.33,0.0
T002814,0,0,,,0,,,398.23,0.0
T002815,0,0,,,0,,,225.15,0.0
T002816,0,0,,,0,,,233.93,0.0
T002817,0,0,,,0,,,159.37,0.0
T002818,0,0,,,0,,,252.77,0.0
T002819,0,0,,,0,,,163.42,0.0
T002820,0,0,,,0,,,279.17,0.0
T002821,0,0,,,0,,,198.76,0.0
T002822,0,0,,,0,,,179.07,0.0
T002823,0,0,,,0,,,162.78,0.0
T002824,0,0,,,0,,,179.9,0.0
T002825,0,0,,,0,,,168.6,0.0
T002826,0,0,,,0,,,307.21,0.0
T002827,0,0,,,0,,,268.05,0.0
T002828,0,0,,,0,,,391.64,0.0
T002829,0,0,,,0,,,190.91,0.0
T002830,0,0,,,0,,,292.5,0.0
T002831,0,0,,,0,,,254.8,0.0
T002832,0,0,,,0,,,495.29,0.0
T002833,0,0,,,0,,,161.91,0.0
T002834,0,0,,,0,,,263.39,0.0
T002835,0,0,,,0,,,172.22,0.0
T002836,0,0,,,0,,,118.19,0.0
T002837,0,0,,,0,,,54.71,0.0
T002838,0,0,,,0,,,183.85,0.0
T002839,0,0,,,0,,,289.4,0.0
T002840,0,0,,,0,,,406.27,0.0
T002841,0,0,,,0,,,321.64,0.0
T002842,1,0,,,0,,,0.0,3966.93
T002843,0,0,,,0,,,164.79,0.0
T002844,0,0,,,0,,,228.95,0.0
T002845,0,0,,,0,,,218.16,0.0
T002846,0,0,,,0,,,227.34,0.0
T002847,0,0,,,0,,,152.32,0.0
T002848,0,0,,,0,,,734.59,0.0
T002849,0,0,,,0,,,233.29,0.0
T002850,0,0,,,0,,,180.89,0.0
T002851,0,0,,,0,,,176.75,0.0
T002852,0,0,,,0,,,189.57,0.0
T002853,0,0,,,0,,,163.72,0.0
T002854,0,0,,,0,,,201.92,0.0
T002855,1,0,,,0,,,0.0,1802.34
T002856,0,0,,,0,,,540.41,0.0
T002857,0,0,,,0,,,218.5,0.0
T002858,0,0,,,0,,,196.26,0.0
T002859,0,0,,,0,,,1042.89,0.0
T002860,0,0,,,0,,,163.08,0.0
T002861,0,0,,,0,,,175.12,0.0
T002862,0,0,,,0,,,682.05,0.0
T002863,0,0,,,0,,,166.72,0.0
T002864,0,0,,,0,,,247.61,0.0
T002865,0,0,,,0,,,244.44,0.0
T002866,0,0,,,0,,,171.48,0.0
T002867,1,0,,,0,,,0.0,2945.42
T002868,0,0,,,0,,,162.67,0.0
T002869,0,0,,,0,,,145.21,0.0
T002870,0,0,,,0,,,203.23,0.0
T002871,0,0,,,0,,,190.21,0.0
T002872,0,0,,,0,,,95.96,0.0
T002873,0,0,,,0,,,229.0,0.0
T002874,0,0,,,0,,,264.13,0.0
T002875,0,0,,,0,,,177.48,0.0
T002876,0,0,,,0,,,418.09,0.0
T002877,0,0,,,0,,,692.05,0.0
T002878,0,0,,,0,,,192.32,0.0
T002879,0,0,,,0,,,175.51,0.0
T002880,0,0,,,0,,,235.95,0.0
T002881,0,0,,,0,,,117.85,0.0
T002882,0,0,,,0,,,174.75,0.0
T002883,0,0,,,0,,,111.9,0.0
T002884,0,0,,,0,,,197.47,0.0
T002885,0,0,,,0,,,1292.83,0.0
T002886,0,0,,,0,,,266.0,0.0
T002887,0,0,,,0,,,162.46,0.0
T002888,0,0,,,0,,,190.49,0.0
T002889,0,0,,,0,,,230.62,0.0
T002890,0,0,,,0,,,74.59,0.0
T002891,0,0,,,0,,,326.12,0.0
T002892,0,0,,,0,,,152.24,0.0
T002893,0,0,,,0,,,271.45,0.0
T002894,0,0,,,0,,,121.24,0.0
T002895,0,0,,,0,,,246.86,0.0
T002896,0,0,,,0,,,220.76,0.0
T002897,0,0,,,0,,,166.94,0.0
T002898,0,0,,,0,,,137.72,0.0
T002899,0,0,,,0,,,164.77,0.0
T002900,0,0,,,0,,,195.44,0.0
T002901,0,0,,,0,,,457.24,0.0
T002902,0,0,,,0,,,220.34,0.0
T002903,0,0,,,0,,,178.59,0.0
T002904,0,0,,,0,,,746.74,0.0
T002905,0,0,,,0,,,213.15,0.0
T002906,0,0,,,0,,,165.99,0.0
T002907,0,0,,,0,,,155.26,0.0
T002908,0,0,,,0,,,266.02,0.0
T002909,0,0,,,0,,,410.0,0.0
T002910,0,0,,,0,,,205.69,0.0
T002911,0,0,,,0,,,154.24,0.0
T002912,0,0,,,0,,,65.56,0.0
T002913,0,0,,,0,,,245.96,0.0
T002914,0,0,,,0,,,182.32,0.0
T002915,0,0,,,0,,,194.22,0.0
T002916,0,0,,,0,,,237.41,0.0
T002917,0,0,,,0,,,285.89,0.0
T002918,0,0,,,0,,,215.48,0.0
T002919,0,0,,,0,,,185.36,0.0
T002920,0,0,,,0,,,394.63,0.0
T002921,0,0,,,0,,,266.31,0.0
T002922,0,0,,,0,,,454.58,0.0
T002923,0,0,,,0,,,676.04,0.0
T002924,0,0,,,0,,,164.43,0.0
T002925,0,0,,,0,,,514.34,0.0
T002926,0,0,,,0,,,128.76,0.0
T002927,0,0,,,0,,,320.59,0.0
T002928,0,0,,,0,,,433.99,0.0
T002929,0,0,,,0,,,974.47,0.0
T002930,0,0,,,0,,,149.66,0.0
T002931,0,0,,,0,,,219.76,0.0
T002932,0,0,,,0,,,725.58,0.0
T002933,0,0,,,0,,,721.11,0.0
T002934,0,0,,,0,,,177.96,0.0
T002935,0,0,,,0,,,202.28,0.0
T002936,0,0,,,0,,,340.82,0.0
T002937,0,0,,,0,,,216.25,0.0
T002938,0,0,,,0,,,257.72,0.0
T002939,0,0,,,0,,,846.95,0.0
T002940,0,0,,,0,,,187.98,0.0
T002941,0,0,,,0,,,173.2,0.0
T002942,0,0,,,0,,,200.21,0.0
T002943,0,0,,,0,,,173.95,0.0
T002944,0,0,,,0,,,230.04,0.0
T002945,0,0,,,0,,,229.8,0.0
T002946,0,0,,,0,,,163.75,0.0
T002947,0,0,,,0,,,546.61,0.0
T002948,0,0,,,0,,,321.27,0.0
T002949,0,0,,,0,,,178.26,0.0
T002950,0,0,,,0,,,150.35,0.0
T002951,0,0,,,0,,,166.51,0.0
T002952,0,0,,,0,,,320.31,0.0
T002953,0,0,,,0,,,264.84,0.0
T002954,0,0,,,0,,,1514.27,0.0
T002955,0,0,,,0,,,292.48,0.0
T002956,0,0,,,0,,,269.14,0.0
T002957,0,0,,,0,,,546.24,0.0
T002958,0,0,,,0,,,184.13,0.0
T002959,0,0,,,0,,,316.79,0.0
T002960,0,0,,,0,,,469.26,0.0
T002961,0,0,,,0,,,162.96,0.0
T002962,0,0,,,0,,,513.35,0.0
T002963,0,0,,,0,,,225.37,0.0
T002964,0,0,,,0,,,461.99,0.0
T002965,0,0,,,0,,,171.67,0.0
T002966,0,0,,,0,,,156.62,0.0
T002967,0,0,,,0,,,375.23,0.0
T002968,0,0,,,0,,,161.64,0.0
T002969,0,0,,,0,,,292.07,0.0
T002970,0,0,,,0,,,364.46,0.0
T002971,0,0,,,0,,,271.35,0.0
T002972,0,0,,,0,,,165.38,0.0
T002973,0,0,,,0,,,255.96,0.0
T002974,0,0,,,0,,,153.56,0.0
T002975,0,0,,,0,,,190.64,0.0
T002976,0,0,,,0,,,375.13,0.0
T002977,0,0,,,0,,,163.89,0.0
T002978,1,0,,,0,,,0.0,1419.86
T002979,0,0,,,0,,,102.84,0.0
T002980,0,0,,,0,,,234.48,0.0
T002981,0,0,,,0,,,247.01,0.0
T002982,0,0,,,0,,,279.33,0.0
T002983,0,0,,,0,,,194.24,0.0
T002984,0,0,,,0,,,217.55,0.0
T002985,0,0,,,0,,,227.84,0.0
T002986,0,0,,,0,,,194.81,0.0
T002987,0,0,,,0,,,74.4,0.0
T002988,0,0,,,0,,,487.3,0.0
T002989,0,0,,,0,,,358.64,0.0
T002990,0,0,,,0,,,259.7,0.0
T002991,0,0,,,0,,,183.14,0.0
T002992,0,0,,,0,,,129.84,0.0
T002993,0,0,,,0,,,183.44,0.0
T002994,0,0,,,0,,,247.09,0.0
T002995,0,0,,,0,,,218.42,0.0
T002996,0,0,,,0,,,165.23,0.0
T002997,0,0,,,0,,,82.9,0.0
T002998,0,0,,,0,,,275.88,0.0
T002999,0,0,,,0,,,321.25,0.0
T003000,0,0,,,0,,,225.99,0.0
T003001,0,0,,,0,,,159.29,0.0
T003002,0,0,,,0,,,156.29,0.0
T003003,0,0,,,0,,,172.4,0.0
T003004,0,0,,,0,,,207.2,0.0
T003005,0,0,,,0,,,162.22,0.0
T003006,0,0,,,0,,,169.57,0.0
T003007,0,0,,,0,,,482.81,0.0
T003008,0,0,,,0,,,214.38,0.0
T003009,0,0,,,0,,,183.56,0.0
T003010,0,0,,,0,,,159.25,0.0
T003011,0,0,,,0,,,169.72,0.0
T003012,0,0,,,0,,,161.91,0.0
T003013,0,0,,,0,,,177.6,0.0
T003014,0,0,,,0,,,209.41,0.0
T003015,0,0,,,0,,,428.71,0.0
T003016,0,0,,,0,,,161.84,0.0
T003017,0,0,,,0,,,222.21,0.0
T003018,0,0,,,0,,,164.85,0.0
T003019,0,0,,,0,,,156.62,0.0
T003020,0,0,,,0,,,292.23,0.0
T003021,0,0,,,0,,,548.28,0.0
T003022,0,0,,,0,,,317.84,0.0
T003023,0,0,,,0,,,190.19,0.0
T003024,0,0,,,0,,,244.15,0.0
T003025,0,0,,,0,,,375.4,0.0
T003026,0,0,,,0,,,209.1,0.0
T003027,0,0,,,0,,,197.62,0.0
T003028,0,0,,,0,,,160.56,0.0
T003029,0,0,,,0,,,175.25,0.0
T003030,0,0,,,0,,,190.69,0.0
T003031,0,0,,,0,,,209.5,0.0
T003032,0,0,,,0,,,596.05,0.0
T003033,0,0,,,0,,,160.39,0.0
T003034,0,0,,,0,,,177.85,0.0
T003035,0,0,,,0,,,283.7,0.0
T003036,0,0,,,0,,,1039.55,0.0
T003037,0,0,,,0,,,242.85,0.0
T003038,0,0,,,0,,,238.25,0.0
T003039,0,0,,,0,,,222.82,0.0
T003040,0,0,,,0,,,1556.97,0.0
T003041,0,0,,,0,,,330.56,0.0
T003042,0,0,,,0,,,48.77,0.0
T003043,0,0,,,0,,,368.6,0.0
T003044,0,0,,,0,,,310.87,0.0
T003045,0,0,,,0,,,181.01,0.0
T003046,0,0,,,0,,,888.8,0.0
T003047,0,0,,,0,,,408.69,0.0
T003048,0,0,,,0,,,180.13,0.0
T003049,0,0,,,0,,,552.37,0.0
T003050,0,0,,,0,,,200.92,0.0
T003051,0,0,,,0,,,176.41,0.0
T003052,0,0,,,0,,,270.68,0.0
T003053,1,0,,,0,,,0.0,1007.11
T003054,0,0,,,0,,,253.52,0.0
T003055,0,0,,,0,,,237.03,0.0
T003056,0,0,,,0,,,172.11,0.0
T003057,0,0,,,0,,,213.01,0.0
T003058,0,0,,,0,,,197.23,0.0
T003059,0,0,,,0,,,788.1,0.0
T003060,0,0,,,0,,,199.53,0.0
T003061,0,0,,,0,,,270.68,0.0
T003062,0,0,,,0,,,369.72,0.0
T003063,0,0,,,0,,,160.55,0.0
T003064,0,0,,,0,,,211.11,0.0
T003065,0,0,,,0,,,182.74,0.0
T003066,0,0,,,0,,,228.77,0.0
T003067,0,0,,,0,,,382.0,0.0
T003068,0,0,,,0,,,228.8,0.0
T003069,0,0,,,0,,,149.82,0.0
T003070,0,0,,,0,,,553.97,0.0
T003071,0,0,,,0,,,163.94,0.0
T003072,0,0,,,0,,,689.41,0.0
T003073,0,0,,,0,,,217.69,0.0
T003074,0,0,,,0,,,265.31,0.0
T003075,0,0,,,0,,,320.21,0.0
T003076,0,0,,,0,,,151.38,0.0
T003077,0,0,,,0,,,193.94,0.0
T003078,0,0,,,0,,,168.48,0.0
T003079,0,0,,,0,,,212.33,0.0
T003080,0,0,,,0,,,395.76,0.0
T003081,0,0,,,0,,,232.12,0.0
T003082,0,0,,,0,,,294.37,0.0
T003083,0,0,,,0,,,154.75,0.0
T003084,0,0,,,0,,,190.4,0.0
T003085,0,0,,,0,,,161.38,0.0
T003086,0,0,,,0,,,168.19,0.0
T003087,0,0,,,0,,,229.66,0.0
T003088,0,0,,,0,,,232.04,0.0
T003089,0,0,,,0,,,129.88,0.0
T003090,0,0,,,0,,,86.36,0.0
T003091,0,0,,,0,,,335.25,0.0
T003092,0,0,,,0,,,420.67,0.0
T003093,0,0,,,0,,,199.46,0.0
T003094,0,0,,,0,,,129.67,0.0
T003095,0,0,,,0,,,269.65,0.0
T003096,0,0,,,0,,,205.5,0.0
T003097,0,0,,,0,,,132.91,0.0
T003098,0,0,,,0,,,346.93,0.0
T003099,0,0,,,0,,,173.77,0.0
T003100,0,0,,,0,,,198.78,0.0
T003101,0,0,,,0,,,498.32,0.0
T003102,0,0,,,0,,,287.08,0.0
T003103,0,0,,,0,,,271.67,0.0
T003104,0,0,,,0,,,249.69,0.0
T003105,0,0,,,0,,,238.44,0.0
T003106,0,0,,,0,,,332.55,0.0
T003107,0,0,,,0,,,81.95,0.0
T003108,0,0,,,0,,,207.34,0.0
T003109,0,0,,,0,,,496.79,0.0
T003110,0,0,,,0,,,211.21,0.0
T003111,0,0,,,0,,,155.06,0.0
T003112,0,0,,,0,,,100.67,0.0
T003113,0,0,,,0,,,541.9,0.0
T003114,0,0,,,0,,,278.5,0.0
T003115,0,0,,,0,,,184.01,0.0
T003116,0,0,,,0,,,509.43,0.0
T003117,0,0,,,0,,,187.56,0.0
T003118,0,0,,,0,,,264.02,0.0
T003119,0,0,,,0,,,154.66,0.0
T003120,0,0,,,0,,,402.78,0.0
T003121,0,0,,,0,,,298.42,0.0
T003122,0,0,,,0,,,212.56,0.0
T003123,0,0,,,0,,,174.83,0.0
T003124,0,0,,,0,,,224.71,0.0
T003125,0,0,,,0,,,590.86,0.0
T003126,0,0,,,0,,,163.09,0.0
T003127,0,0,,,0,,,309.64,0.0
T003128,0,0,,,0,,,306.48,0.0
T003129,0,0,,,0,,,255.2,0.0
T003130,0,0,,,0,,,130.7,0.0
T003131,0,0,,,0,,,149.52,0.0
T003132,0,0,,,0,,,160.8,0.0
T003133,0,0,,,0,,,183.16,0.0
T003134,0,0,,,0,,,157.39,0.0
T003135,0,0,,,0,,,292.95,0.0
T003136,0,0,,,0,,,722.58,0.0
T003137,0,0,,,0,,,855.87,0.0
T003138,0,0,,,0,,,832.33,0.0
T003139,0,0,,,0,,,183.73,0.0
T003140,0,0,,,0,,,889.98,0.0
T003141,0,0,,,0,,,268.9,0.0
T003142,0,0,,,0,,,168.27,0.0
T003143,0,0,,,0,,,443.85,0.0
T003144,0,0,,,0,,,189.19,0.0
T003145,0,0,,,0,,,401.19,0.0
T003146,0,0,,,0,,,149.87,0.0
T003147,0,0,,,0,,,59.6,0.0
T003148,0,0,,,0,,,223.29,0.0
T003149,0,0,,,0,,,520.68,0.0
T003150,0,0,,,0,,,145.48,0.0
T003151,0,0,,,0,,,273.74,0.0
T003152,0,0,,,0,,,352.3,0.0
T003153,0,0,,,0,,,187.6,0.0
T003154,0,0,,,0,,,222.14,0.0
T003155,0,0,,,0,,,840.4,0.0
T003156,0,0,,,0,,,264.35,0.0
T003157,0,0,,,0,,,49.4,0.0
T003158,0,0,,,0,,,405.23,0.0
T003159,0,0,,,0,,,163.03,0.0
T003160,0,0,,,0,,,244.09,0.0
T003161,0,0,,,0,,,428.17,0.0
T003162,0,0,,,0,,,162.49,0.0
T003163,0,0,,,0,,,211.71,0.0
T003164,0,0,,,0,,,484.39,0.0
T003165,0,0,,,0,,,331.6,0.0
T003166,0,0,,,0,,,180.81,0.0
T003167,0,0,,,0,,,274.66,0.0
T003168,0,0,,,0,,,176.72,0.0
T003169,0,0,,,0,,,163.56,0.0
T003170,0,0,,,0,,,179.46,0.0
T003171,0,0,,,0,,,80.69,0.0
T003172,0,0,,,0,,,191.14,0.0
T003173,0,0,,,0,,,186.94,0.0
T003174,0,0,,,0,,,170.08,0.0
T003175,0,0,,,0,,,185.51,0.0
T003176,0,0,,,0,,,113.57,0.0
T003177,0,0,,,0,,,161.43,0.0
T003178,0,0,,,0,,,152.4,0.0
T003179,0,0,,,0,,,135.26,0.0
T003180,0,0,,,0,,,167.54,0.0
T003181,0,0,,,0,,,155.38,0.0
T003182,0,0,,,0,,,185.37,0.0
T003183,0,0,,,0,,,630.57,0.0
T003184,0,0,,,0,,,413.11,0.0
T003185,0,0,,,0,,,201.98,0.0
T003186,0,0,,,0,,,308.14,0.0
T003187,0,0,,,0,,,332.35,0.0
T003188,0,0,,,0,,,219.84,0.0
T003189,0,0,,,0,,,257.24,0.0
T003190,0,0,,,0,,,231.64,0.0
T003191,0,0,,,0,,,352.47,0.0
T003192,0,0,,,0,,,551.12,0.0
T003193,0,0,,,0,,,191.36,0.0
T003194,0,0,,,0,,,184.59,0.0
T003195,0,0,,,0,,,159.49,0.0
T003196,0,0,,,0,,,211.94,0.0
T003197,0,0,,,0,,,163.6,0.0
T003198,1,0,,,0,,,0.0,263.59
T003199,0,0,,,0,,,385.34,0.0
T003200,0,0,,,0,,,178.36,0.0
T003201,0,0,,,0,,,211.51,0.0
T003202,0,0,,,0,,,164.4,0.0
T003203,0,0,,,0,,,197.29,0.0
T003204,0,0,,,0,,,613.38,0.0
T003205,0,0,,,0,,,110.62,0.0
T003206,0,0,,,0,,,96.92,0.0
T003207,0,0,,,0,,,2500.0,0.0
T003208,0,0,,,0,,,606.19,0.0
T003209,0,0,,,0,,,339.69,0.0
T003210,0,0,,,0,,,277.68,0.0
T003211,0,0,,,0,,,292.21,0.0
T003212,0,0,,,0,,,218.74,0.0
T003213,0,0,,,0,,,152.8,0.0
T003214,0,0,,,0,,,179.36,0.0
T003215,0,0,,,0,,,206.49,0.0
T003216,0,0,,,0,,,718.42,0.0
T003217,0,0,,,0,,,153.41,0.0
T003218,0,0,,,0,,,92.86,0.0
T003219,0,0,,,0,,,140.09,0.0
T003220,0,0,,,0,,,242.36,0.0
T003221,0,0,,,0,,,324.69,0.0
T003222,0,0,,,0,,,512.22,0.0
T003223,0,0,,,0,,,179.72,0.0
T003224,0,0,,,0,,,163.89,0.0
T003225,0,0,,,0,,,170.09,0.0
T003226,0,0,,,0,,,158.39,0.0
T003227,0,0,,,0,,,275.64,0.0
T003228,0,0,,,0,,,311.95,0.0
T003229,0,0,,,0,,,567.17,0.0
T003230,0,0,,,0,,,180.65,0.0
T003231,0,0,,,0,,,176.9,0.0
T003232,0,0,,,0,,,166.3,0.0
T003233,0,0,,,0,,,129.06,0.0
T003234,0,0,,,0,,,666.17,0.0
T003235,0,0,,,0,,,171.01,0.0
T003236,0,0,,,0,,,186.3,0.0
T003237,0,0,,,0,,,377.26,0.0
T003238,0,0,,,0,,,334.41,0.0
T003239,0,0,,,0,,,549.72,0.0
T003240,0,0,,,0,,,318.38,0.0
T003241,0,0,,,0,,,195.63,0.0
T003242,0,0,,,0,,,164.12,0.0
T003243,0,0,,,0,,,96.68,0.0
T003244,0,0,,,0,,,203.18,0.0
T003245,0,0,,,0,,,208.84,0.0
T003246,0,0,,,0,,,121.68,0.0
T003247,0,0,,,0,,,261.45,0.0
T003248,0,0,,,0,,,197.34,0.0
T003249,0,0,,,0,,,187.9,0.0
T003250,0,0,,,0,,,290.55,0.0
T003251,0,0,,,0,,,164.07,0.0
T003252,0,0,,,0,,,185.89,0.0
T003253,0,0,,,0,,,116.66,0.0
T003254,0,0,,,0,,,148.25,0.0
T003255,0,0,,,0,,,310.42,0.0
T003256,0,0,,,0,,,343.31,0.0
T003257,0,0,,,0,,,179.62,0.0
T003258,0,0,,,0,,,209.95,0.0
T003259,0,0,,,0,,,452.52,0.0
T003260,0,0,,,0,,,175.99,0.0
T003261,0,0,,,0,,,338.45,0.0
T003262,0,0,,,0,,,233.0,0.0
T003263,0,0,,,0,,,668.93,0.0
T003264,0,0,,,0,,,177.14,0.0
T003265,0,0,,,0,,,143.93,0.0
T003266,0,0,,,0,,,322.78,0.0
T003267,0,0,,,0,,,146.87,0.0
T003268,0,0,,,0,,,244.06,0.0
T003269,0,0,,,0,,,123.55,0.0
T003270,0,0,,,0,,,288.8,0.0
T003271,0,0,,,0,,,367.4,0.0
T003272,0,0,,,0,,,156.15,0.0
T003273,0,0,,,0,,,226.93,0.0
T003274,0,0,,,0,,,476.99,0.0
T003275,0,0,,,0,,,182.65,0.0
T003276,0,0,,,0,,,150.6,0.0
T003277,0,0,,,0,,,240.99,0.0
T003278,0,0,,,0,,,194.48,0.0
T003279,0,0,,,0,,,243.99,0.0
T003280,0,0,,,0,,,160.59,0.0
T003281,0,0,,,0,,,252.93,0.0
T003282,0,0,,,0,,,105.58,0.0
T003283,0,0,,,0,,,279.74,0.0
T003284,0,0,,,0,,,211.26,0.0
T003285,0,0,,,0,,,184.58,0.0
T003286,0,0,,,1,TRN_S1,new_device_velocity,175.62,0.0
T003287,0,0,,,1,TRN_S1,new_device_velocity,733.84,0.0
T003288,0,0,,,1,TRN_S1,new_device_velocity,572.01,0.0
T003289,0,1,TRN_S1,,1,TRN_S1,new_device_velocity,393.39,0.0
T003290,0,0,,,1,TRN_S1,new_device_velocity,460.8,0.0
T003291,0,1,TRN_S1,,1,TRN_S1,new_device_velocity,160.47,0.0
T003292,0,1,TRN_S1,,1,TRN_S1,new_device_velocity,179.56,0.0
T003293,0,1,TRN_S1,,1,TRN_S1,new_device_velocity,234.33,0.0
T003294,0,0,,,1,TRN_S1,new_device_velocity,231.92,0.0
T003295,0,0,,,1,TRN_S1,new_device_velocity,246.09,0.0
T003296,0,1,TRN_S1,,1,TRN_S1,new_device_velocity,200.63,0.0
T003297,0,1,TRN_S1,,1,TRN_S1,new_device_velocity,148.34,0.0
T003298,0,0,,,1,TRN_S1,new_device_velocity,199.25,0.0
T003299,0,0,,,1,TRN_S1,new_device_velocity,252.46,0.0
T003300,0,1,TRN_S1,,1,TRN_S1,new_device_velocity,208.82,0.0
T003301,0,1,TRN_S1,,1,TRN_S1,new_device_velocity,160.24,0.0
T003302,0,0,,,1,TRN_S1,new_device_velocity,164.36,0.0
T003303,0,0,,,1,TRN_S1,new_device_velocity,202.15,0.0
T003304,1,1,TRN_S1,,1,TRN_S1,new_device_velocity,0.0,3339.79
T003305,0,1,TRN_S1,,1,TRN_S1,new_device_velocity,190.02,0.0
T003306,0,1,TRN_S1,,1,TRN_S1,new_device_velocity,134.09,0.0
T003307,0,0,,,1,TRN_S1,new_device_velocity,1504.43,0.0
T003308,0,1,TRN_S1,,1,TRN_S1,new_device_velocity,153.61,0.0
T003309,1,1,TRN_S1,,1,TRN_S1,new_device_velocity,0.0,503.34
T003310,0,1,TRN_S1,,1,TRN_S1,new_device_velocity,186.56,0.0
T003311,1,1,TRN_S1,,1,TRN_S1,new_device_velocity,0.0,368.33
T003312,0,0,,,1,TRN_S1,new_device_velocity,176.91,0.0
T003313,0,0,,,1,TRN_S1,new_device_velocity,175.48,0.0
T003314,0,1,TRN_S1,,1,TRN_S1,new_device_velocity,261.66,0.0
T003315,0,0,,,1,TRN_S1,new_device_velocity,198.91,0.0
T003316,0,0,,,1,TRN_S1,new_device_velocity,396.56,0.0
T003317,0,0,,,1,TRN_S1,new_device_velocity,446.7,0.0
T003318,0,1,TRN_S1,,1,TRN_S1,new_device_velocity,171.94,0.0
T003319,0,1,TRN_S1,,1,TRN_S1,new_device_velocity,325.48,0.0
T003320,0,1,TRN_S1,,1,TRN_S1,new_device_velocity,501.29,0.0
T003321,0,0,,,1,TRN_S1,new_device_velocity,188.09,0.0
T003322,0,0,,,1,TRN_S1,new_device_velocity,163.76,0.0
T003323,0,0,,,1,TRN_S1,new_device_velocity,253.18,0.0
T003324,0,1,TRN_S1,,1,TRN_S1,new_device_velocity,149.24,0.0
T003325,1,1,TRN_S1,,1,TRN_S1,new_device_velocity,0.0,4728.98
T003326,0,1,TRN_S1,,1,TRN_S1,new_device_velocity,208.36,0.0
T003327,0,1,TRN_S1,,1,TRN_S1,new_device_velocity,242.9,0.0
T003328,0,0,,,1,TRN_S1,new_device_velocity,173.12,0.0
T003329,0,0,,,1,TRN_S1,new_device_velocity,162.24,0.0
T003330,0,0,,,1,TRN_S1,new_device_velocity,235.52,0.0
T003331,0,0,,,1,TRN_S1,new_device_velocity,172.94,0.0
T003332,0,0,,,1,TRN_S1,new_device_velocity,187.1,0.0
T003333,0,1,TRN_S1,,1,TRN_S1,new_device_velocity,179.87,0.0
T003334,0,0,,,1,TRN_S1,new_device_velocity,156.64,0.0
T003335,0,0,,,1,TRN_S1,new_device_velocity,405.22,0.0
T003336,0,1,TRN_S1,,1,TRN_S1,new_device_velocity,451.22,0.0
T003337,0,0,,,1,TRN_S1,new_device_velocity,289.21,0.0
T003338,0,1,TRN_S1,,1,TRN_S1,new_device_velocity,172.09,0.0
T003339,0,0,,,1,TRN_S1,new_device_velocity,526.51,0.0
T003340,0,0,,,1,TRN_S1,new_device_velocity,176.35,0.0
T003341,0,0,,,1,TRN_S1,new_device_velocity,126.37,0.0
T003342,0,1,TRN_S1,,1,TRN_S1,new_device_velocity,383.24,0.0
T003343,0,1,TRN_S1,,1,TRN_S1,new_device_velocity,173.26,0.0
T003344,0,0,,,1,TRN_S1,new_device_velocity,526.15,0.0
T003345,0,0,,,1,TRN_S1,new_device_velocity,190.05,0.0
T003346,0,1,TRN_S1,,1,TRN_S1,new_device_velocity,362.17,0.0
T003347,0,0,,,1,TRN_S1,new_device_velocity,89.16,0.0
T003348,0,1,TRN_S1,,1,TRN_S1,new_device_velocity,251.56,0.0
T003349,0,0,,,1,TRN_S1,new_device_velocity,239.01,0.0
T003350,0,0,,,1,TRN_S1,new_device_velocity,598.18,0.0
T003351,0,1,TRN_S1,,1,TRN_S1,new_device_velocity,168.05,0.0
T003352,0,1,TRN_S1,,1,TRN_S1,new_device_velocity,169.81,0.0
T003353,1,0,,,1,TRN_S1,new_device_velocity,0.0,1283.46
T003354,1,0,,,1,TRN_S1,new_device_velocity,0.0,22941.55
T003355,1,1,TRN_S1,,1,TRN_S1,new_device_velocity,0.0,361.83
T003356,1,1,TRN_S1,,1,TRN_S1,new_device_velocity,0.0,5608.5
T003357,1,1,TRN_S1,,1,TRN_S1,new_device_velocity,0.0,3530.61
T003358,0,0,,,1,TRN_S1,new_device_velocity,184.03,0.0
T003359,0,0,,,1,TRN_S1,new_device_velocity,417.53,0.0
T003360,0,1,TRN_S1,,1,TRN_S1,new_device_velocity,828.42,0.0
T003361,0,1,TRN_S1,,1,TRN_S1,new_device_velocity,210.13,0.0
T003362,0,1,TRN_S1,,1,TRN_S1,new_device_velocity,129.31,0.0
T003363,0,0,,,1,TRN_S1,new_device_velocity,543.74,0.0
T003364,0,0,,,1,TRN_S1,new_device_velocity,1608.5,0.0
T003365,0,0,,,1,TRN_S1,new_device_velocity,237.18,0.0
T003366,0,0,,,1,TRN_S1,new_device_velocity,142.49,0.0
T003367,0,0,,,1,TRN_S1,new_device_velocity,158.48,0.0
T003368,1,1,TRN_S1,,1,TRN_S1,new_device_velocity,0.0,2119.96
T003369,0,0,,,1,TRN_S1,new_device_velocity,151.74,0.0
T003370,0,1,TRN_S1,,1,TRN_S1,new_device_velocity,173.67,0.0
T003371,0,1,TRN_S1,,1,TRN_S1,new_device_velocity,281.59,0.0
T003372,0,1,TRN_S1,,1,TRN_S1,new_device_velocity,167.74,0.0
T003373,0,0,,,1,TRN_S1,new_device_velocity,155.85,0.0
T003374,0,0,,,1,TRN_S1,new_device_velocity,207.03,0.0
T003375,1,1,TRN_S1,,1,TRN_S1,new_device_velocity,0.0,1169.2
T003376,1,1,TRN_S1,,1,TRN_S1,new_device_velocity,0.0,868.77
T003377,0,1,TRN_S1,,1,TRN_S1,new_device_velocity,98.9,0.0
T003378,0,0,,,1,TRN_S1,new_device_velocity,568.61,0.0
T003379,0,0,,,1,TRN_S1,new_device_velocity,205.56,0.0
T003380,0,1,TRN_S1,,1,TRN_S1,new_device_velocity,472.18,0.0
T003381,1,1,TRN_S1,,1,TRN_S1,new_device_velocity,0.0,3190.27
T003382,0,1,TRN_S1,,1,TRN_S1,new_device_velocity,118.31,0.0
T003383,0,0,,,1,TRN_S1,new_device_velocity,228.72,0.0
T003384,0,0,,,1,TRN_S1,new_device_velocity,183.7,0.0
T003385,0,0,,,1,TRN_S1,new_device_velocity,1047.43,0.0
T003386,0,0,,,1,TRN_S1,new_device_velocity,155.33,0.0
T003387,0,1,TRN_S1,,1,TRN_S1,new_device_velocity,180.24,0.0
T003388,0,0,,,1,TRN_S1,new_device_velocity,225.83,0.0
T003389,1,1,TRN_S1,,1,TRN_S1,new_device_velocity,0.0,775.42
T003390,0,0,,,1,TRN_S1,new_device_velocity,134.76,0.0
T003391,0,0,,,1,TRN_S1,new_device_velocity,241.59,0.0
T003392,0,0,,,1,TRN_S1,new_device_velocity,258.54,0.0
T003393,0,1,TRN_S1,,1,TRN_S1,new_device_velocity,238.48,0.0
T003394,0,1,TRN_S1,,1,TRN_S1,new_device_velocity,204.31,0.0
T003395,0,1,TRN_S1,,1,TRN_S1,new_device_velocity,444.16,0.0
T003396,0,0,,,1,TRN_S1,new_device_velocity,216.72,0.0
T003397,0,0,,,1,TRN_S1,new_device_velocity,67.54,0.0
T003398,0,0,,,1,TRN_S1,new_device_velocity,1013.59,0.0
T003399,0,1,TRN_S1,,1,TRN_S1,new_device_velocity,204.25,0.0
T003400,0,1,TRN_S1,,1,TRN_S1,new_device_velocity,168.29,0.0
T003401,0,0,,,1,TRN_S1,new_device_velocity,165.25,0.0
T003402,0,0,,,1,TRN_S1,new_device_velocity,154.09,0.0
T003403,0,1,TRN_S1,,1,TRN_S1,new_device_velocity,86.6,0.0
T003404,0,0,,,1,TRN_S1,new_device_velocity,170.43,0.0
T003405,0,1,TRN_S1,,1,TRN_S1,new_device_velocity,320.43,0.0
T003406,0,1,TRN_S1,,1,TRN_S1,new_device_velocity,985.31,0.0
T003407,0,1,TRN_S1,,1,TRN_S1,new_device_velocity,191.12,0.0
T003408,0,1,TRN_S1,,1,TRN_S1,new_device_velocity,219.06,0.0
T003409,1,1,TRN_S1,,1,TRN_S1,new_device_velocity,0.0,3001.01
T003410,0,1,TRN_S1,,1,TRN_S1,new_device_velocity,154.67,0.0
T003411,0,1,TRN_S1,,1,TRN_S1,new_device_velocity,345.84,0.0
T003412,0,1,TRN_S1,,1,TRN_S1,new_device_velocity,195.44,0.0
T003413,0,0,,,1,TRN_S1,new_device_velocity,165.24,0.0
T003414,0,1,TRN_S1,,1,TRN_S1,new_device_velocity,247.56,0.0
T003415,1,1,TRN_S1,,1,TRN_S1,new_device_velocity,0.0,4070.63
T003416,0,1,TRN_S1,,1,TRN_S1,new_device_velocity,165.53,0.0
T003417,1,1,TRN_S1,,1,TRN_S1,new_device_velocity,0.0,1913.86
T003418,0,1,TRN_S1,,1,TRN_S1,new_device_velocity,710.29,0.0
T003419,0,0,,,1,TRN_S1,new_device_velocity,160.42,0.0
T003420,1,1,TRN_S1,,1,TRN_S1,new_device_velocity,0.0,518.07
T003421,1,1,TRN_S1,,1,TRN_S1,new_device_velocity,0.0,5670.82
T003422,0,1,TRN_S1,,1,TRN_S1,new_device_velocity,228.37,0.0
T003423,0,1,TRN_S1,,1,TRN_S1,new_device_velocity,293.35,0.0
T003424,0,0,,,1,TRN_S1,new_device_velocity,236.84,0.0
T003425,0,1,TRN_S1,,1,TRN_S1,new_device_velocity,183.56,0.0
T003426,1,1,TRN_S1,,1,TRN_S1,new_device_velocity,0.0,1816.35
T003427,0,0,,,1,TRN_S1,new_device_velocity,154.37,0.0
T003428,0,1,TRN_S1,,1,TRN_S1,new_device_velocity,1213.88,0.0
T003429,1,1,TRN_S1,,1,TRN_S1,new_device_velocity,0.0,5277.55
T003430,0,0,,,1,TRN_S1,new_device_velocity,261.12,0.0
T003431,0,0,,,1,TRN_S1,new_device_velocity,87.58,0.0
T003432,0,0,,,1,TRN_S1,new_device_velocity,543.66,0.0
T003433,0,0,,,1,TRN_S1,new_device_velocity,259.09,0.0
T003434,0,1,TRN_S1,,1,TRN_S1,new_device_velocity,108.08,0.0
T003435,1,1,TRN_S1,,1,TRN_S1,new_device_velocity,0.0,1238.05
T003436,0,1,TRN_S1,,1,TRN_S1,new_device_velocity,185.45,0.0
T003437,0,0,,,1,TRN_S1,new_device_velocity,201.46,0.0
T003438,0,1,TRN_S1,,1,TRN_S1,new_device_velocity,229.86,0.0
T003439,0,1,TRN_S1,,1,TRN_S1,new_device_velocity,388.78,0.0
T003440,0,1,TRN_S1,,1,TRN_S1,new_device_velocity,150.42,0.0
T003441,1,1,TRN_S1,,1,TRN_S1,new_device_velocity,0.0,804.36
T003442,0,0,,,1,TRN_S1,new_device_velocity,197.21,0.0
T003443,0,1,TRN_S1,,1,TRN_S1,new_device_velocity,247.9,0.0
T003444,0,0,,,1,TRN_S1,new_device_velocity,156.94,0.0
T003445,0,1,TRN_S1,,1,TRN_S1,new_device_velocity,181.58,0.0
T003446,0,1,TRN_S1,,1,TRN_S1,new_device_velocity,910.18,0.0
T003447,1,1,TRN_S1,,1,TRN_S1,new_device_velocity,0.0,1087.02
T003448,1,1,TRN_S1,,1,TRN_S1,new_device_velocity,0.0,1638.72
T003449,0,1,TRN_S1,,1,TRN_S1,new_device_velocity,174.11,0.0
T003450,1,1,TRN_S1,,1,TRN_S1,new_device_velocity,0.0,12484.23
T003451,0,1,TRN_S1,,1,TRN_S1,new_device_velocity,288.36,0.0
T003452,0,1,TRN_S1,,1,TRN_S1,new_device_velocity,168.25,0.0
T003453,0,1,TRN_S1,,1,TRN_S1,new_device_velocity,168.66,0.0
T003454,0,0,,,1,TRN_S1,new_device_velocity,218.67,0.0
T003455,0,0,,,1,TRN_S1,new_device_velocity,293.79,0.0
T003456,0,1,TRN_S1,,1,TRN_S1,new_device_velocity,160.77,0.0
T003457,0,0,,,1,TRN_S1,new_device_velocity,239.5,0.0
T003458,1,1,TRN_S1,,1,TRN_S1,new_device_velocity,0.0,3937.83
T003459,1,1,TRN_S1,,1,TRN_S1,new_device_velocity,0.0,5886.42
T003460,0,1,TRN_S1,,1,TRN_S1,new_device_velocity,171.52,0.0
T003461,0,0,,,1,TRN_S1,new_device_velocity,127.65,0.0
T003462,0,1,TRN_S1,,1,TRN_S1,new_device_velocity,202.56,0.0
T003463,0,1,TRN_S1,,1,TRN_S1,new_device_velocity,227.99,0.0
T003464,0,1,TRN_S1,,1,TRN_S1,new_device_velocity,204.24,0.0
T003465,1,1,TRN_S1,,1,TRN_S1,new_device_velocity,0.0,381.5
T003466,0,1,TRN_S1,,1,TRN_S1,new_device_velocity,195.27,0.0
T003467,1,1,TRN_S1,,1,TRN_S1,new_device_velocity,0.0,4069.32
T003468,1,1,TRN_S1,,1,TRN_S1,new_device_velocity,0.0,881.34
T003469,0,1,TRN_S1,,1,TRN_S1,new_device_velocity,118.32,0.0
T003470,0,0,,,1,TRN_S1,new_device_velocity,195.01,0.0
T003471,0,0,,,1,TRN_S1,new_device_velocity,298.06,0.0
T003472,0,1,TRN_S1,,1,TRN_S1,new_device_velocity,253.85,0.0
T003473,0,1,TRN_S1,,1,TRN_S1,new_device_velocity,186.09,0.0
T003474,0,1,TRN_S1,,1,TRN_S1,new_device_velocity,186.82,0.0
T003475,0,1,TRN_S1,,1,TRN_S1,new_device_velocity,338.12,0.0
T003476,0,1,TRN_S1,,1,TRN_S1,new_device_velocity,302.58,0.0
T003477,1,1,TRN_S1,,1,TRN_S1,new_device_velocity,0.0,2534.44
T003478,0,1,TRN_S1,,1,TRN_S1,new_device_velocity,158.79,0.0
T003479,0,0,,,1,TRN_S1,new_device_velocity,263.94,0.0
T003480,1,1,TRN_S1,,1,TRN_S1,new_device_velocity,0.0,444.76
T003481,0,1,TRN_S1,,1,TRN_S1,new_device_velocity,195.17,0.0
T003482,0,0,,,1,TRN_S1,new_device_velocity,378.09,0.0
T003483,0,1,TRN_S1,,1,TRN_S1,new_device_velocity,146.57,0.0
T003484,0,0,,,1,TRN_S1,new_device_velocity,235.36,0.0
T003485,0,0,,,1,TRN_S1,new_device_velocity,203.35,0.0
T003486,0,0,,,1,TRN_S1,new_device_velocity,221.28,0.0
T003487,1,1,TRN_S1,,1,TRN_S1,new_device_velocity,0.0,9724.34
T003488,0,0,,,1,TRN_S1,new_device_velocity,142.68,0.0
T003489,0,0,,,1,TRN_S1,new_device_velocity,1779.91,0.0
T003490,0,0,,,1,TRN_S1,new_device_velocity,214.7,0.0
T003491,0,0,,,1,TRN_S1,new_device_velocity,136.5,0.0
T003492,0,1,TRN_S1,,1,TRN_S1,new_device_velocity,192.99,0.0
T003493,0,1,TRN_S1,,1,TRN_S1,new_device_velocity,419.56,0.0
T003494,0,1,TRN_S1,,1,TRN_S1,new_device_velocity,109.54,0.0
T003495,0,1,TRN_S1,,1,TRN_S1,new_device_velocity,403.3,0.0
T003496,0,1,TRN_S1,,1,TRN_S1,new_device_velocity,257.12,0.0
T003497,1,1,TRN_S1,,1,TRN_S1,new_device_velocity,0.0,4197.92
T003498,1,1,TRN_S1,,1,TRN_S1,new_device_velocity,0.0,1409.57
T003499,0,1,TRN_S1,,1,TRN_S1,new_device_velocity,194.03,0.0
T003500,0,0,,,1,TRN_S1,new_device_velocity,186.53,0.0
T003501,0,0,,,1,TRN_S1,new_device_velocity,468.79,0.0
T003502,0,1,TRN_S1,,1,TRN_S1,new_device_velocity,163.26,0.0
T003503,1,1,TRN_S1,,1,TRN_S1,new_device_velocity,0.0,1335.42
T003504,1,1,TRN_S1,,1,TRN_S1,new_device_velocity,0.0,1661.93
T003505,0,1,TRN_S1,,1,TRN_S1,new_device_velocity,190.1,0.0
T003506,0,1,TRN_S1,,1,TRN_S1,new_device_velocity,157.89,0.0
T003507,0,1,TRN_S1,,1,TRN_S1,new_device_velocity,158.5,0.0
T003508,0,1,TRN_S1,,1,TRN_S1,new_device_velocity,278.34,0.0
T003509,0,0,,,1,TRN_S1,new_device_velocity,303.02,0.0
T003510,0,1,TRN_S1,,1,TRN_S1,new_device_velocity,426.91,0.0
T003511,0,1,TRN_S1,,1,TRN_S1,new_device_velocity,84.35,0.0
T003512,1,1,TRN_S1,,1,TRN_S1,new_device_velocity,0.0,309.1
T003513,1,1,TRN_S1,,1,TRN_S1,new_device_velocity,0.0,295.15
T003514,0,1,TRN_S1,,1,TRN_S1,new_device_velocity,163.34,0.0
T003515,0,1,TRN_S1,,1,TRN_S1,new_device_velocity,381.29,0.0
T003516,1,1,TRN_S1,,1,TRN_S1,new_device_velocity,0.0,689.52
T003517,0,0,,,1,TRN_S1,new_device_velocity,328.5,0.0
T003518,0,1,TRN_S1,,1,TRN_S1,new_device_velocity,173.77,0.0
T003519,0,1,TRN_S1,,1,TRN_S1,new_device_velocity,149.46,0.0
T003520,0,1,TRN_S1,,1,TRN_S1,new_device_velocity,217.52,0.0
T003521,0,1,TRN_S1,,1,TRN_S1,new_device_velocity,138.69,0.0
T003522,0,1,TRN_S1,,1,TRN_S1,new_device_velocity,218.66,0.0
T003523,0,0,,,1,TRN_S1,new_device_velocity,247.63,0.0
T003524,0,1,TRN_S1,,1,TRN_S1,new_device_velocity,244.38,0.0
T003525,0,1,TRN_S1,,1,TRN_S1,new_device_velocity,176.84,0.0
T003526,1,1,TRN_S1,,1,TRN_S1,new_device_velocity,0.0,914.94
T003527,0,0,,,1,TRN_S1,new_device_velocity,293.8,0.0
T003528,0,1,TRN_S1,,1,TRN_S1,new_device_velocity,235.32,0.0
T003529,0,1,TRN_S1,,1,TRN_S1,new_device_velocity,146.93,0.0
T003530,0,1,TRN_S1,,1,TRN_S1,new_device_velocity,273.68,0.0
T003531,0,1,TRN_S1,,1,TRN_S1,new_device_velocity,159.97,0.0
T003532,0,1,TRN_S1,,1,TRN_S1,new_device_velocity,232.43,0.0
T003533,0,1,TRN_S1,,1,TRN_S1,new_device_velocity,168.41,0.0
T003534,0,0,,,1,TRN_S1,new_device_velocity,199.3,0.0
T003535,0,1,TRN_S1,,1,TRN_S1,new_device_velocity,162.14,0.0
T003536,1,1,TRN_S1,,1,TRN_S1,new_device_velocity,0.0,2006.79
T003537,0,0,,,1,TRN_S1,new_device_velocity,370.59,0.0
T003538,1,1,TRN_S1,,1,TRN_S1,new_device_velocity,0.0,354.55
T003539,0,0,,,1,TRN_S1,new_device_velocity,253.58,0.0
T003540,0,0,,,1,TRN_S1,new_device_velocity,118.63,0.0
T003541,0,1,TRN_S1,,1,TRN_S1,new_device_velocity,197.38,0.0
T003542,0,1,TRN_S1,,1,TRN_S1,new_device_velocity,210.94,0.0
T003543,1,1,TRN_S1,,1,TRN_S1,new_device_velocity,0.0,377.29
T003544,1,1,TRN_S1,,1,TRN_S1,new_device_velocity,0.0,1054.05
T003545,0,1,TRN_S1,,1,TRN_S1,new_device_velocity,82.36,0.0
T003546,1,1,TRN_S1,,1,TRN_S1,new_device_velocity,0.0,517.22
T003547,1,1,TRN_S1,,1,TRN_S1,new_device_velocity,0.0,2045.45
T003548,1,1,TRN_S1,,1,TRN_S1,new_device_velocity,0.0,1316.06
T003549,0,1,TRN_S1,,1,TRN_S1,new_device_velocity,350.05,0.0
T003550,1,1,TRN_S1,,1,TRN_S1,new_device_velocity,0.0,707.78
T003551,0,1,TRN_S1,,1,TRN_S1,new_device_velocity,1010.34,0.0
T003552,1,1,TRN_S1,,1,TRN_S1,new_device_velocity,0.0,1851.95
T003553,0,0,,,1,TRN_S1,new_device_velocity,213.43,0.0
T003554,0,1,TRN_S1,,1,TRN_S1,new_device_velocity,263.72,0.0
T003555,1,1,TRN_S1,,1,TRN_S1,new_device_velocity,0.0,337.61
T003556,1,1,TRN_S1,,1,TRN_S1,new_device_velocity,0.0,8658.16
T003557,0,1,TRN_S1,,1,TRN_S1,new_device_velocity,157.72,0.0
T003558,1,1,TRN_S1,,1,TRN_S1,new_device_velocity,0.0,687.62
T003559,0,1,TRN_S1,,1,TRN_S1,new_device_velocity,177.6,0.0
T003560,0,1,TRN_S1,,1,TRN_S1,new_device_velocity,175.27,0.0
T003561,0,0,,,1,TRN_S1,new_device_velocity,207.43,0.0
T003562,0,1,TRN_S1,,1,TRN_S1,new_device_velocity,150.16,0.0
T003563,0,1,TRN_S1,,1,TRN_S1,new_device_velocity,296.58,0.0
T003564,0,1,TRN_S1,,1,TRN_S1,new_device_velocity,98.02,0.0
T003565,0,1,TRN_S1,,1,TRN_S1,new_device_velocity,192.5,0.0
T003566,0,0,,,1,TRN_S1,new_device_velocity,306.61,0.0
T003567,0,0,,,1,TRN_S1,new_device_velocity,176.17,0.0
T003568,1,1,TRN_S1,,1,TRN_S1,new_device_velocity,0.0,2005.58
T003569,0,1,TRN_S1,,1,TRN_S1,new_device_velocity,229.64,0.0
T003570,0,1,TRN_S1,,1,TRN_S1,new_device_velocity,713.55,0.0
T003571,0,0,,,1,TRN_S1,new_device_velocity,225.04,0.0
T003572,0,1,TRN_S1,,1,TRN_S1,new_device_velocity,140.93,0.0
T003573,0,1,TRN_S1,,1,TRN_S1,new_device_velocity,166.58,0.0
T003574,1,1,TRN_S1,,1,TRN_S1,new_device_velocity,0.0,283.22
T003575,0,1,TRN_S1,,1,TRN_S1,new_device_velocity,203.7,0.0
T003576,1,1,TRN_S1,,1,TRN_S1,new_device_velocity,0.0,1196.75
T003577,0,1,TRN_S1,,1,TRN_S1,new_device_velocity,198.72,0.0
T003578,0,0,,,1,TRN_S1,new_device_velocity,169.78,0.0
T003579,1,1,TRN_S1,,1,TRN_S1,new_device_velocity,0.0,243.49
T003580,0,1,TRN_S1,,1,TRN_S1,new_device_velocity,153.67,0.0
T003581,0,1,TRN_S1,,1,TRN_S1,new_device_velocity,168.46,0.0
T003582,0,1,TRN_S1,,1,TRN_S1,new_device_velocity,330.27,0.0
T003583,0,1,TRN_S1,,1,TRN_S1,new_device_velocity,209.78,0.0
T003584,0,1,TRN_S1,,1,TRN_S1,new_device_velocity,313.98,0.0
T003585,1,1,TRN_S1,,1,TRN_S1,new_device_velocity,0.0,2804.34
T003586,0,1,TRN_S1,,1,TRN_S1,new_device_velocity,189.19,0.0
T003587,0,0,,,1,TRN_S1,new_device_velocity,190.62,0.0
T003588,0,1,TRN_S1,,1,TRN_S1,new_device_velocity,221.19,0.0
T003589,1,1,TRN_S1,,1,TRN_S1,new_device_velocity,0.0,1994.45
T003590,0,1,TRN_S1,,1,TRN_S1,new_device_velocity,215.56,0.0
T003591,0,0,,,1,TRN_S1,new_device_velocity,319.43,0.0
T003592,0,1,TRN_S1,,1,TRN_S1,new_device_velocity,217.98,0.0
T003593,1,1,TRN_S1,,1,TRN_S1,new_device_velocity,0.0,706.39
T003594,0,1,TRN_S1,,1,TRN_S1,new_device_velocity,244.92,0.0
T003595,0,1,TRN_S1,,1,TRN_S1,new_device_velocity,283.87,0.0
T003596,1,1,TRN_S1,,1,TRN_S1,new_device_velocity,0.0,1306.67
T003597,0,1,TRN_S1,,1,TRN_S1,new_device_velocity,442.88,0.0
T003598,0,1,TRN_S1,,1,TRN_S1,new_device_velocity,184.64,0.0
T003599,0,1,TRN_S1,,1,TRN_S1,new_device_velocity,268.32,0.0
T003600,1,1,TRN_S1,,1,TRN_S1,new_device_velocity,0.0,465.38
T003601,0,1,TRN_S1,,1,TRN_S1,new_device_velocity,125.34,0.0
T003602,0,1,TRN_S1,,1,TRN_S1,new_device_velocity,122.76,0.0
T003603,1,1,TRN_S1,,1,TRN_S1,new_device_velocity,0.0,3772.28
T003604,1,1,TRN_S1,,1,TRN_S1,new_device_velocity,0.0,2655.61
T003605,0,0,,,1,TRN_S1,new_device_velocity,225.67,0.0
T003606,0,1,TRN_S1,,1,TRN_S1,new_device_velocity,200.56,0.0
T003607,0,1,TRN_S1,,1,TRN_S1,new_device_velocity,213.96,0.0
T003608,1,1,TRN_S1,,1,TRN_S1,new_device_velocity,0.0,4220.33
T003609,0,1,TRN_S1,,1,TRN_S1,new_device_velocity,354.79,0.0
T003610,0,1,TRN_S1,,1,TRN_S1,new_device_velocity,271.58,0.0
T003611,1,1,TRN_S1,,1,TRN_S1,new_device_velocity,0.0,2333.65
T003612,0,1,TRN_S1,,1,TRN_S1,new_device_velocity,169.29,0.0
T003613,0,1,TRN_S1,,1,TRN_S1,new_device_velocity,216.75,0.0
T003614,1,1,TRN_S1,,1,TRN_S1,new_device_velocity,0.0,2981.32
T003615,0,1,TRN_S1,,1,TRN_S1,new_device_velocity,136.75,0.0
T003616,1,1,TRN_S1,,1,TRN_S1,new_device_velocity,0.0,1042.56
T003617,0,0,,,1,TRN_S1,new_device_velocity,163.99,0.0
T003618,0,0,,,1,TRN_S1,new_device_velocity,702.85,0.0
T003619,0,1,TRN_S1,,1,TRN_S1,new_device_velocity,233.58,0.0
T003620,0,1,TRN_S1,,1,TRN_S1,new_device_velocity,151.34,0.0
T003621,0,1,TRN_S1,,1,TRN_S1,new_device_velocity,211.73,0.0
T003622,0,1,TRN_S1,,1,TRN_S1,new_device_velocity,204.18,0.0
T003623,0,1,TRN_S1,,1,TRN_S1,new_device_velocity,116.45,0.0
T003624,0,1,TRN_S1,,1,TRN_S1,new_device_velocity,195.61,0.0
T003625,0,1,TRN_S1,,1,TRN_S1,new_device_velocity,199.51,0.0
T003626,1,1,TRN_S1,,1,TRN_S1,new_device_velocity,0.0,1546.0
T003627,1,1,TRN_S1,,1,TRN_S1,new_device_velocity,0.0,1972.38
T003628,0,1,TRN_S1,,1,TRN_S1,new_device_velocity,116.58,0.0
T003629,1,1,TRN_S1,,1,TRN_S1,new_device_velocity,0.0,713.41
T003630,1,1,TRN_S1,,1,TRN_S1,new_device_velocity,0.0,3688.51
T003631,0,1,TRN_S1,,1,TRN_S1,new_device_velocity,189.54,0.0
T003632,0,1,TRN_S1,,1,TRN_S1,new_device_velocity,314.11,0.0
T003633,0,1,TRN_S1,,1,TRN_S1,new_device_velocity,159.54,0.0
T003634,0,1,TRN_S1,,1,TRN_S1,new_device_velocity,154.97,0.0
T003635,0,1,TRN_S1,,1,TRN_S1,new_device_velocity,228.91,0.0
T003636,0,1,TRN_S1,,1,TRN_S1,new_device_velocity,266.46,0.0
T003637,0,1,TRN_S1,,1,TRN_S1,new_device_velocity,171.29,0.0
T003638,1,1,TRN_S1,,1,TRN_S1,new_device_velocity,0.0,2229.02
T003639,0,1,TRN_S1,,1,TRN_S1,new_device_velocity,196.77,0.0
T003640,0,1,TRN_S1,,1,TRN_S1,new_device_velocity,166.21,0.0
T003641,1,1,TRN_S1,,1,TRN_S1,new_device_velocity,0.0,1197.74
T003642,1,1,TRN_S1,,1,TRN_S1,new_device_velocity,0.0,3048.2
T003643,0,0,,,1,TRN_S1,new_device_velocity,348.56,0.0
T003644,1,1,TRN_S1,,1,TRN_S1,new_device_velocity,0.0,3113.78
T003645,1,1,TRN_S1,,1,TRN_S1,new_device_velocity,0.0,712.32
T003646,0,0,,,1,TRN_S1,new_device_velocity,179.4,0.0
T003647,0,0,,,1,TRN_S1,new_device_velocity,181.31,0.0
T003648,0,1,TRN_S1,,1,TRN_S1,new_device_velocity,160.1,0.0
T003649,0,1,TRN_S1,,1,TRN_S1,new_device_velocity,205.14,0.0
T003650,1,1,TRN_S1,,1,TRN_S1,new_device_velocity,0.0,911.66
T003651,0,1,TRN_S1,,1,TRN_S1,new_device_velocity,165.03,0.0
T003652,0,1,TRN_S1,,1,TRN_S1,new_device_velocity,192.32,0.0
T003653,0,1,TRN_S1,,1,TRN_S1,new_device_velocity,174.5,0.0
T003654,0,1,TRN_S1,,1,TRN_S1,new_device_velocity,198.15,0.0
T003655,1,1,TRN_S1,,1,TRN_S1,new_device_velocity,0.0,1752.16
T003656,1,1,TRN_S1,,1,TRN_S1,new_device_velocity,0.0,584.42
T003657,1,1,TRN_S1,,1,TRN_S1,new_device_velocity,0.0,950.17
T003658,1,1,TRN_S1,,1,TRN_S1,new_device_velocity,0.0,1804.78
T003659,0,1,TRN_S1,,1,TRN_S1,new_device_velocity,421.22,0.0
T003660,0,1,TRN_S1,,1,TRN_S1,new_device_velocity,321.27,0.0
T003661,0,1,TRN_S1,,1,TRN_S1,new_device_velocity,168.76,0.0
T003662,0,0,,,1,TRN_S1,new_device_velocity,187.89,0.0
T003663,0,0,,,1,TRN_S1,new_device_velocity,275.75,0.0
T003664,0,1,TRN_S1,,1,TRN_S1,new_device_velocity,230.31,0.0
T003665,0,0,,,1,TRN_S1,new_device_velocity,303.56,0.0
T003666,0,0,,,1,TRN_S1,new_device_velocity,53.76,0.0
T003667,1,1,TRN_S1,,1,TRN_S1,new_device_velocity,0.0,252.21
T003668,0,0,,,1,TRN_S1,new_device_velocity,206.51,0.0
T003669,1,1,TRN_S1,,1,TRN_S1,new_device_velocity,0.0,6243.26
T003670,1,1,TRN_S1,,1,TRN_S1,new_device_velocity,0.0,1725.95
T003671,0,1,TRN_S1,,1,TRN_S1,new_device_velocity,1104.58,0.0
T003672,0,1,TRN_S1,,1,TRN_S1,new_device_velocity,152.11,0.0
T003673,0,1,TRN_S1,,1,TRN_S1,new_device_velocity,111.71,0.0
T003674,0,1,TRN_S1,,1,TRN_S1,new_device_velocity,202.46,0.0
T003675,0,0,,,1,TRN_S1,new_device_velocity,162.97,0.0
T003676,0,1,TRN_S1,,1,TRN_S1,new_device_velocity,255.43,0.0
T003677,1,1,TRN_S1,,1,TRN_S1,new_device_velocity,0.0,4227.68
T003678,0,1,TRN_S1,,1,TRN_S1,new_device_velocity,135.21,0.0
T003679,0,0,,,1,TRN_S1,new_device_velocity,375.7,0.0
T003680,1,1,TRN_S1,,1,TRN_S1,new_device_velocity,0.0,2137.48
T003681,0,1,TRN_S1,,1,TRN_S1,new_device_velocity,150.9,0.0
T003682,0,1,TRN_S1,,1,TRN_S1,new_device_velocity,163.72,0.0
T003683,0,1,TRN_S1,,1,TRN_S1,new_device_velocity,203.95,0.0
T003684,0,1,TRN_S1,,1,TRN_S1,new_device_velocity,352.75,0.0
T003685,0,0,,,1,TRN_S1,new_device_velocity,78.22,0.0
T003686,0,1,TRN_S1,,1,TRN_S1,new_device_velocity,195.21,0.0
T003687,0,0,,,0,,,259.52,0.0
T003688,0,0,,,0,,,235.47,0.0
T003689,0,0,,,0,,,97.96,0.0
T003690,0,0,,,0,,,315.82,0.0
T003691,0,0,,,0,,,254.99,0.0
T003692,0,0,,,0,,,163.35,0.0
T003693,0,0,,,0,,,156.62,0.0
T003694,0,0,,,0,,,185.41,0.0
T003695,0,0,,,0,,,198.0,0.0
T003696,0,0,,,0,,,205.95,0.0
T003697,0,0,,,0,,,332.95,0.0
T003698,0,0,,,0,,,521.05,0.0
T003699,0,0,,,0,,,245.36,0.0
T003700,0,0,,,0,,,1057.7,0.0
T003701,0,0,,,0,,,334.4,0.0
T003702,0,0,,,0,,,166.33,0.0
T003703,0,0,,,0,,,157.19,0.0
T003704,0,0,,,0,,,561.45,0.0
T003705,1,0,,,0,,,0.0,2073.98
T003706,0,0,,,0,,,324.81,0.0
T003707,0,0,,,0,,,372.76,0.0
T003708,0,0,,,0,,,867.02,0.0
T003709,0,0,,,0,,,310.28,0.0
T003710,0,0,,,0,,,357.88,0.0
T003711,0,0,,,0,,,287.92,0.0
T003712,0,0,,,0,,,237.46,0.0
T003713,0,0,,,0,,,164.89,0.0
T003714,0,0,,,0,,,297.61,0.0
T003715,0,0,,,0,,,176.61,0.0
T003716,0,0,,,0,,,202.89,0.0
T003717,0,0,,,0,,,758.72,0.0
T003718,0,0,,,0,,,272.71,0.0
T003719,0,0,,,0,,,788.4,0.0
T003720,0,0,,,0,,,205.51,0.0
T003721,0,0,,,0,,,197.29,0.0
T003722,0,0,,,0,,,345.34,0.0
T003723,0,0,,,0,,,297.44,0.0
T003724,0,0,,,0,,,402.34,0.0
T003725,0,0,,,0,,,166.55,0.0
T003726,0,0,,,0,,,327.08,0.0
T003727,0,0,,,0,,,200.67,0.0
T003728,0,0,,,0,,,173.76,0.0
T003729,0,0,,,0,,,155.81,0.0
T003730,0,0,,,0,,,156.95,0.0
T003731,0,0,,,0,,,250.01,0.0
T003732,0,0,,,0,,,156.02,0.0
T003733,0,0,,,0,,,244.7,0.0
T003734,0,0,,,0,,,188.75,0.0
T003735,0,0,,,0,,,289.87,0.0
T003736,0,0,,,0,,,358.19,0.0
T003737,0,0,,,0,,,254.61,0.0
T003738,1,0,,,0,,,0.0,757.98
T003739,0,0,,,0,,,482.11,0.0
T003740,0,0,,,0,,,286.61,0.0
T003741,0,0,,,0,,,341.65,0.0
T003742,0,0,,,0,,,246.48,0.0
T003743,0,0,,,0,,,235.64,0.0
T003744,0,0,,,0,,,233.44,0.0
T003745,0,0,,,0,,,226.09,0.0
T003746,0,0,,,0,,,154.74,0.0
T003747,0,0,,,0,,,302.62,0.0
T003748,0,0,,,0,,,277.84,0.0
T003749,0,0,,,0,,,261.65,0.0
T003750,0,0,,,0,,,219.71,0.0
T003751,0,0,,,0,,,127.82,0.0
T003752,0,0,,,0,,,244.25,0.0
T003753,0,0,,,0,,,304.53,0.0
T003754,0,0,,,0,,,384.09,0.0
T003755,0,0,,,0,,,178.17,0.0
T003756,0,0,,,0,,,153.53,0.0
T003757,0,0,,,0,,,492.08,0.0
T003758,0,0,,,0,,,594.14,0.0
T003759,0,0,,,0,,,176.09,0.0
T003760,0,0,,,0,,,150.5,0.0
T003761,0,0,,,0,,,158.33,0.0
T003762,0,0,,,0,,,171.25,0.0
T003763,0,0,,,0,,,942.17,0.0
T003764,0,0,,,0,,,196.11,0.0
T003765,0,0,,,0,,,95.49,0.0
T003766,0,0,,,0,,,1117.6,0.0
T003767,0,0,,,0,,,172.29,0.0
T003768,0,0,,,0,,,214.47,0.0
T003769,0,0,,,0,,,537.41,0.0
T003770,0,0,,,0,,,165.98,0.0
T003771,0,0,,,0,,,171.81,0.0
T003772,0,0,,,0,,,129.87,0.0
T003773,0,0,,,0,,,95.3,0.0
T003774,0,0,,,0,,,160.28,0.0
T003775,0,0,,,0,,,226.44,0.0
T003776,0,0,,,0,,,172.32,0.0
T003777,0,0,,,0,,,193.73,0.0
T003778,0,0,,,0,,,207.08,0.0
T003779,0,0,,,0,,,60.5,0.0
T003780,0,0,,,0,,,2165.83,0.0
T003781,0,0,,,0,,,1196.14,0.0
T003782,0,0,,,0,,,139.94,0.0
T003783,0,0,,,0,,,246.44,0.0
T003784,1,0,,,0,,,0.0,2866.01
T003785,0,0,,,0,,,357.96,0.0
T003786,0,0,,,0,,,169.61,0.0
T003787,0,0,,,0,,,282.62,0.0
T003788,0,0,,,0,,,307.67,0.0
T003789,0,0,,,0,,,497.41,0.0
T003790,0,0,,,0,,,545.41,0.0
T003791,0,0,,,0,,,159.08,0.0
T003792,0,0,,,0,,,254.66,0.0
T003793,0,0,,,0,,,379.28,0.0
T003794,0,0,,,0,,,369.85,0.0
T003795,0,0,,,0,,,381.3,0.0
T003796,0,0,,,0,,,470.25,0.0
T003797,0,0,,,0,,,326.6,0.0
T003798,0,0,,,0,,,167.58,0.0
T003799,0,0,,,0,,,145.39,0.0
T003800,0,0,,,0,,,498.6,0.0
T003801,0,0,,,0,,,303.73,0.0
T003802,0,0,,,0,,,633.7,0.0
T003803,0,0,,,0,,,206.05,0.0
T003804,0,0,,,0,,,154.56,0.0
T003805,0,0,,,0,,,269.29,0.0
T003806,0,0,,,0,,,1028.42,0.0
T003807,0,0,,,0,,,191.2,0.0
T003808,0,0,,,0,,,143.19,0.0
T003809,0,0,,,0,,,110.07,0.0
T003810,0,0,,,0,,,247.96,0.0
T003811,0,0,,,0,,,114.76,0.0
T003812,0,0,,,0,,,1689.04,0.0
T003813,0,0,,,0,,,162.84,0.0
T003814,0,0,,,0,,,155.15,0.0
T003815,0,0,,,0,,,154.86,0.0
T003816,0,0,,,0,,,180.99,0.0
T003817,0,0,,,0,,,164.18,0.0
T003818,0,0,,,0,,,166.56,0.0
T003819,0,0,,,0,,,144.9,0.0
T003820,0,0,,,0,,,245.92,0.0
T003821,0,0,,,0,,,622.08,0.0
T003822,0,0,,,0,,,159.94,0.0
T003823,0,0,,,0,,,199.39,0.0
T003824,0,0,,,0,,,269.06,0.0
T003825,0,0,,,0,,,297.47,0.0
T003826,0,0,,,0,,,151.51,0.0
T003827,0,0,,,0,,,207.18,0.0
T003828,0,0,,,0,,,428.96,0.0
T003829,0,0,,,0,,,261.06,0.0
T003830,0,0,,,0,,,357.04,0.0
T003831,0,0,,,0,,,147.06,0.0
T003832,0,0,,,0,,,344.61,0.0
T003833,0,0,,,0,,,221.85,0.0
T003834,1,0,,,0,,,0.0,257.4
T003835,0,0,,,0,,,181.32,0.0
T003836,0,0,,,0,,,216.1,0.0
T003837,0,0,,,0,,,272.37,0.0
T003838,0,0,,,0,,,220.62,0.0
T003839,0,0,,,0,,,351.36,0.0
T003840,0,0,,,0,,,428.6,0.0
T003841,0,0,,,0,,,162.27,0.0
T003842,0,0,,,0,,,215.67,0.0
T003843,1,0,,,0,,,0.0,1141.03
T003844,0,0,,,0,,,259.86,0.0
T003845,0,0,,,0,,,226.11,0.0
T003846,0,0,,,0,,,143.88,0.0
T003847,0,0,,,0,,,1000.49,0.0
T003848,0,0,,,0,,,142.45,0.0
T003849,1,0,,,0,,,0.0,821.63
T003850,0,0,,,0,,,164.92,0.0
T003851,1,0,,,0,,,0.0,4061.72
T003852,0,0,,,0,,,594.91,0.0
T003853,0,0,,,0,,,233.68,0.0
T003854,0,0,,,0,,,159.65,0.0
T003855,0,0,,,0,,,158.22,0.0
T003856,0,0,,,0,,,163.11,0.0
T003857,0,0,,,0,,,173.53,0.0
T003858,0,0,,,0,,,304.15,0.0
T003859,0,0,,,0,,,497.44,0.0
T003860,0,0,,,0,,,513.61,0.0
T003861,0,0,,,0,,,227.48,0.0
T003862,0,0,,,0,,,131.26,0.0
T003863,0,0,,,0,,,200.24,0.0
T003864,0,0,,,0,,,234.59,0.0
T003865,0,0,,,0,,,295.54,0.0
T003866,0,0,,,0,,,240.98,0.0
T003867,1,0,,,0,,,0.0,9856.06
T003868,0,0,,,0,,,251.22,0.0
T003869,0,0,,,0,,,152.69,0.0
T003870,0,0,,,0,,,435.68,0.0
T003871,0,0,,,0,,,144.78,0.0
T003872,0,0,,,0,,,163.08,0.0
T003873,0,0,,,0,,,180.36,0.0
T003874,0,0,,,0,,,256.03,0.0
T003875,0,0,,,0,,,435.46,0.0
T003876,0,0,,,0,,,170.54,0.0
T003877,0,0,,,0,,,273.7,0.0
T003878,0,0,,,0,,,151.66,0.0
T003879,0,0,,,0,,,310.88,0.0
T003880,0,0,,,0,,,356.98,0.0
T003881,0,0,,,0,,,263.23,0.0
T003882,0,0,,,0,,,486.22,0.0
T003883,0,0,,,0,,,429.84,0.0
T003884,0,0,,,0,,,164.72,0.0
T003885,0,0,,,0,,,217.63,0.0
T003886,0,0,,,0,,,209.26,0.0
T003887,0,0,,,0,,,203.77,0.0
T003888,0,0,,,0,,,243.19,0.0
T003889,0,0,,,0,,,51.4,0.0
T003890,0,0,,,0,,,184.64,0.0
T003891,0,0,,,0,,,164.72,0.0
T003892,0,0,,,0,,,193.27,0.0
T003893,0,0,,,0,,,277.26,0.0
T003894,0,0,,,0,,,169.1,0.0
T003895,0,0,,,0,,,168.61,0.0
T003896,0,0,,,0,,,251.44,0.0
T003897,0,0,,,0,,,317.88,0.0
T003898,0,0,,,0,,,540.25,0.0
T003899,0,0,,,0,,,221.73,0.0
T003900,0,0,,,0,,,89.34,0.0
T003901,0,0,,,0,,,252.89,0.0
T003902,0,0,,,0,,,196.74,0.0
T003903,0,0,,,0,,,415.41,0.0
T003904,0,0,,,0,,,239.4,0.0
T003905,0,0,,,0,,,397.47,0.0
T003906,0,0,,,0,,,1399.34,0.0
T003907,0,0,,,0,,,218.05,0.0
T003908,0,0,,,0,,,256.37,0.0
T003909,0,0,,,0,,,175.63,0.0
T003910,0,0,,,0,,,228.97,0.0
T003911,0,0,,,0,,,172.72,0.0
T003912,0,0,,,0,,,156.4,0.0
T003913,0,0,,,0,,,247.03,0.0
T003914,0,0,,,0,,,525.26,0.0
T003915,0,0,,,0,,,190.97,0.0
T003916,0,0,,,0,,,154.19,0.0
T003917,0,0,,,0,,,197.4,0.0
T003918,0,0,,,0,,,660.56,0.0
T003919,0,0,,,0,,,163.83,0.0
T003920,0,0,,,0,,,185.92,0.0
T003921,0,0,,,0,,,212.14,0.0
T003922,0,0,,,0,,,139.52,0.0
T003923,0,0,,,0,,,201.54,0.0
T003924,0,0,,,0,,,1010.85,0.0
T003925,0,0,,,0,,,177.56,0.0
T003926,0,0,,,0,,,232.91,0.0
T003927,0,0,,,0,,,238.8,0.0
T003928,0,0,,,0,,,213.5,0.0
T003929,0,0,,,0,,,225.0,0.0
T003930,0,0,,,0,,,195.07,0.0
T003931,0,0,,,0,,,297.65,0.0
T003932,0,0,,,0,,,197.12,0.0
T003933,0,0,,,0,,,184.47,0.0
T003934,0,0,,,0,,,170.27,0.0
T003935,0,0,,,0,,,363.03,0.0
T003936,1,0,,,0,,,0.0,409.2
T003937,0,0,,,0,,,190.55,0.0
T003938,0,0,,,0,,,134.75,0.0
T003939,0,0,,,0,,,210.81,0.0
T003940,0,0,,,0,,,210.69,0.0
T003941,0,0,,,0,,,147.46,0.0
T003942,0,0,,,0,,,154.13,0.0
T003943,0,0,,,0,,,558.13,0.0
T003944,0,0,,,0,,,250.05,0.0
T003945,0,0,,,0,,,185.35,0.0
T003946,0,0,,,0,,,305.67,0.0
T003947,0,0,,,0,,,404.44,0.0
T003948,0,0,,,0,,,218.6,0.0
T003949,0,0,,,0,,,226.41,0.0
T003950,0,0,,,0,,,217.22,0.0
T003951,0,0,,,0,,,245.9,0.0
T003952,0,0,,,0,,,473.39,0.0
T003953,0,0,,,0,,,216.2,0.0
T003954,0,0,,,0,,,185.53,0.0
T003955,0,0,,,0,,,339.8,0.0
T003956,0,0,,,0,,,165.8,0.0
T003957,0,0,,,0,,,82.97,0.0
T003958,0,0,,,0,,,154.5,0.0
T003959,0,0,,,0,,,189.13,0.0
T003960,0,0,,,0,,,364.26,0.0
T003961,0,0,,,0,,,571.47,0.0
T003962,0,0,,,0,,,382.25,0.0
T003963,0,0,,,0,,,182.94,0.0
T003964,0,0,,,0,,,163.7,0.0
T003965,0,0,,,0,,,277.42,0.0
T003966,0,0,,,0,,,276.67,0.0
T003967,0,0,,,0,,,272.85,0.0
T003968,0,0,,,0,,,233.06,0.0
T003969,0,0,,,0,,,102.75,0.0
T003970,0,0,,,0,,,204.17,0.0
T003971,1,0,,,0,,,0.0,2598.58
T003972,0,0,,,0,,,180.6,0.0
T003973,0,0,,,0,,,533.44,0.0
T003974,0,0,,,0,,,1333.15,0.0
T003975,0,0,,,0,,,307.5,0.0
T003976,0,0,,,0,,,154.85,0.0
T003977,0,0,,,0,,,295.23,0.0
T003978,0,0,,,0,,,229.34,0.0
T003979,0,0,,,0,,,257.71,0.0
T003980,0,0,,,0,,,200.58,0.0
T003981,0,0,,,0,,,171.78,0.0
T003982,1,0,,,0,,,0.0,2033.41
T003983,0,0,,,0,,,186.52,0.0
T003984,0,0,,,0,,,172.44,0.0
T003985,0,0,,,0,,,216.12,0.0
T003986,0,0,,,0,,,519.04,0.0
T003987,0,0,,,0,,,271.16,0.0
T003988,0,0,,,0,,,138.75,0.0
T003989,0,0,,,0,,,166.91,0.0
T003990,0,0,,,0,,,160.92,0.0
T003991,0,0,,,0,,,1171.13,0.0
T003992,0,0,,,0,,,254.19,0.0
T003993,0,0,,,0,,,240.42,0.0
T003994,0,0,,,0,,,169.11,0.0
T003995,0,0,,,0,,,1217.06,0.0
T003996,0,0,,,0,,,255.44,0.0
T003997,0,0,,,0,,,153.46,0.0
T003998,0,0,,,0,,,115.33,0.0
T003999,0,0,,,0,,,171.78,0.0
T004000,0,0,,,0,,,124.16,0.0
T004001,0,0,,,0,,,203.64,0.0
T004002,0,0,,,0,,,151.56,0.0
T004003,1,0,,,0,,,0.0,229.38
T004004,0,0,,,0,,,190.58,0.0
T004005,0,0,,,0,,,157.37,0.0
T004006,0,0,,,0,,,182.38,0.0
T004007,0,0,,,0,,,368.94,0.0
T004008,0,0,,,0,,,195.03,0.0
T004009,0,0,,,0,,,162.71,0.0
T004010,1,0,,,0,,,0.0,542.98
T004011,0,0,,,0,,,134.2,0.0
T004012,0,0,,,0,,,345.99,0.0
T004013,0,0,,,0,,,157.89,0.0
T004014,0,0,,,0,,,201.28,0.0
T004015,0,0,,,0,,,248.1,0.0
T004016,1,0,,,0,,,0.0,929.23
T004017,0,0,,,0,,,154.02,0.0
T004018,0,0,,,0,,,317.96,0.0
T004019,0,0,,,0,,,282.7,0.0
T004020,0,0,,,0,,,212.98,0.0
T004021,0,0,,,0,,,287.42,0.0
T004022,0,0,,,0,,,262.0,0.0
T004023,0,0,,,0,,,244.91,0.0
T004024,0,0,,,0,,,985.61,0.0
T004025,0,0,,,0,,,163.15,0.0
T004026,0,0,,,0,,,370.1,0.0
T004027,0,0,,,0,,,169.57,0.0
T004028,0,0,,,0,,,153.08,0.0
T004029,0,0,,,0,,,216.93,0.0
T004030,0,0,,,0,,,178.01,0.0
T004031,0,0,,,0,,,282.99,0.0
T004032,0,0,,,0,,,161.39,0.0
T004033,0,0,,,0,,,218.85,0.0
T004034,0,0,,,0,,,250.58,0.0
T004035,0,0,,,0,,,154.83,0.0
T004036,0,0,,,0,,,218.94,0.0
T004037,0,0,,,0,,,117.02,0.0
T004038,0,0,,,0,,,260.57,0.0
T004039,0,0,,,0,,,260.95,0.0
T004040,0,0,,,0,,,241.46,0.0
T004041,0,0,,,0,,,237.48,0.0
T004042,0,0,,,0,,,160.68,0.0
T004043,0,0,,,0,,,409.94,0.0
T004044,0,0,,,0,,,273.75,0.0
T004045,0,0,,,0,,,140.75,0.0
T004046,0,0,,,0,,,176.82,0.0
T004047,0,0,,,0,,,308.54,0.0
T004048,0,0,,,0,,,629.5,0.0
T004049,0,0,,,0,,,201.26,0.0
T004050,0,0,,,0,,,250.9,0.0
T004051,0,0,,,0,,,210.9,0.0
T004052,0,0,,,0,,,155.69,0.0
T004053,0,0,,,0,,,401.28,0.0
T004054,0,0,,,0,,,266.7,0.0
T004055,0,0,,,0,,,252.43,0.0
T004056,0,0,,,0,,,177.78,0.0
T004057,0,0,,,0,,,225.34,0.0
T004058,0,0,,,0,,,171.84,0.0
T004059,0,0,,,0,,,201.17,0.0
T004060,0,0,,,0,,,538.21,0.0
T004061,0,0,,,0,,,184.35,0.0
T004062,0,0,,,0,,,165.91,0.0
T004063,0,0,,,0,,,366.59,0.0
T004064,0,0,,,0,,,274.25,0.0
T004065,0,0,,,0,,,270.77,0.0
T004066,0,0,,,0,,,516.93,0.0
T004067,0,0,,,0,,,322.98,0.0
T004068,0,0,,,0,,,223.26,0.0
T004069,0,0,,,0,,,181.46,0.0
T004070,0,0,,,0,,,153.73,0.0
T004071,0,0,,,0,,,237.13,0.0
T004072,0,0,,,0,,,142.76,0.0
T004073,0,0,,,0,,,268.87,0.0
T004074,1,0,,,0,,,0.0,32308.14
T004075,0,0,,,0,,,291.69,0.0
T004076,0,0,,,0,,,165.5,0.0
T004077,1,0,,,0,,,0.0,4237.95
T004078,0,0,,,0,,,328.75,0.0
T004079,0,0,,,0,,,137.08,0.0
T004080,0,0,,,0,,,176.4,0.0
T004081,0,0,,,0,,,324.23,0.0
T004082,0,0,,,0,,,439.04,0.0
T004083,0,0,,,0,,,211.89,0.0
T004084,0,0,,,0,,,187.07,0.0
T004085,0,0,,,0,,,179.73,0.0
T004086,0,0,,,0,,,467.26,0.0
T004087,0,0,,,0,,,167.61,0.0
T004088,0,0,,,0,,,1195.77,0.0
T004089,0,0,,,0,,,189.32,0.0
T004090,0,0,,,0,,,173.76,0.0
T004091,0,0,,,0,,,172.63,0.0
T004092,1,0,,,0,,,0.0,12538.28
T004093,0,0,,,0,,,178.41,0.0
T004094,0,0,,,0,,,640.8,0.0
T004095,0,0,,,0,,,210.31,0.0
T004096,0,0,,,0,,,229.42,0.0
T004097,0,0,,,0,,,389.95,0.0
T004098,0,0,,,0,,,192.02,0.0
T004099,0,0,,,0,,,178.28,0.0
T004100,0,0,,,0,,,300.14,0.0
T004101,0,0,,,0,,,179.08,0.0
T004102,0,0,,,0,,,154.52,0.0
T004103,0,0,,,0,,,189.72,0.0
T004104,0,0,,,0,,,164.72,0.0
T004105,0,0,,,0,,,261.96,0.0
T004106,0,0,,,0,,,358.06,0.0
T004107,0,0,,,0,,,202.1,0.0
T004108,0,0,,,0,,,521.79,0.0
T004109,0,0,,,0,,,168.43,0.0
T004110,0,0,,,0,,,213.8,0.0
T004111,0,0,,,0,,,184.47,0.0
T004112,0,0,,,0,,,706.01,0.0
T004113,0,0,,,0,,,121.12,0.0
T004114,0,0,,,0,,,209.06,0.0
T004115,0,0,,,0,,,462.81,0.0
T004116,0,0,,,0,,,181.02,0.0
T004117,0,0,,,0,,,363.89,0.0
T004118,0,0,,,0,,,321.11,0.0
T004119,0,0,,,0,,,258.69,0.0
T004120,0,0,,,0,,,190.86,0.0
T004121,0,0,,,0,,,249.83,0.0
T004122,0,0,,,0,,,268.59,0.0
T004123,0,0,,,0,,,232.52,0.0
T004124,0,0,,,0,,,579.65,0.0
T004125,0,0,,,0,,,262.69,0.0
T004126,0,0,,,0,,,745.78,0.0
T004127,0,0,,,0,,,289.44,0.0
T004128,0,0,,,0,,,306.06,0.0
T004129,0,0,,,0,,,125.67,0.0
T004130,0,0,,,0,,,250.12,0.0
T004131,0,0,,,0,,,249.67,0.0
T004132,0,0,,,0,,,542.49,0.0
T004133,0,0,,,0,,,203.31,0.0
T004134,0,0,,,0,,,223.97,0.0
T004135,0,0,,,0,,,203.74,0.0
T004136,0,0,,,0,,,788.78,0.0
T004137,0,0,,,0,,,305.63,0.0
T004138,0,0,,,0,,,179.68,0.0
T004139,0,0,,,0,,,443.56,0.0
T004140,0,0,,,0,,,174.1,0.0
T004141,0,0,,,0,,,227.81,0.0
T004142,0,0,,,0,,,225.58,0.0
T004143,0,0,,,0,,,165.55,0.0
T004144,0,0,,,0,,,164.15,0.0
T004145,0,0,,,0,,,201.43,0.0
T004146,0,0,,,0,,,249.29,0.0
T004147,0,0,,,0,,,211.03,0.0
T004148,0,0,,,0,,,372.84,0.0
T004149,0,0,,,0,,,187.43,0.0
T004150,0,0,,,0,,,172.21,0.0
T004151,0,0,,,0,,,275.43,0.0
T004152,0,0,,,0,,,192.07,0.0
T004153,0,0,,,0,,,187.77,0.0
T004154,0,0,,,0,,,217.85,0.0
T004155,0,0,,,0,,,132.85,0.0
T004156,0,0,,,0,,,157.13,0.0
T004157,0,0,,,0,,,303.31,0.0
T004158,0,0,,,0,,,285.87,0.0
T004159,0,0,,,0,,,253.82,0.0
T004160,0,0,,,0,,,422.43,0.0
T004161,0,0,,,0,,,162.35,0.0
T004162,0,0,,,0,,,211.96,0.0
T004163,0,0,,,0,,,374.45,0.0
T004164,0,0,,,0,,,175.9,0.0
T004165,0,0,,,0,,,231.68,0.0
T004166,0,0,,,0,,,477.89,0.0
T004167,0,0,,,0,,,393.8,0.0
T004168,0,0,,,0,,,413.18,0.0
T004169,0,0,,,0,,,156.66,0.0
T004170,0,0,,,0,,,334.15,0.0
T004171,0,0,,,0,,,158.55,0.0
T004172,0,0,,,0,,,211.35,0.0
T004173,0,0,,,0,,,163.94,0.0
T004174,0,0,,,0,,,599.43,0.0
T004175,0,0,,,0,,,298.13,0.0
T004176,0,0,,,0,,,170.87,0.0
T004177,0,0,,,0,,,301.03,0.0
T004178,0,0,,,0,,,186.89,0.0
T004179,0,0,,,0,,,186.04,0.0
T004180,0,0,,,0,,,230.6,0.0
T004181,0,0,,,0,,,255.48,0.0
T004182,0,0,,,0,,,189.12,0.0
T004183,0,0,,,0,,,707.54,0.0
T004184,0,0,,,0,,,161.35,0.0
T004185,0,0,,,0,,,260.87,0.0
T004186,0,0,,,0,,,155.41,0.0
T004187,0,0,,,0,,,305.19,0.0
T004188,0,0,,,0,,,239.02,0.0
T004189,0,0,,,0,,,164.87,0.0
T004190,0,0,,,0,,,244.8,0.0
T004191,0,0,,,0,,,297.89,0.0
T004192,0,0,,,0,,,371.07,0.0
T004193,0,0,,,0,,,154.48,0.0
T004194,0,0,,,0,,,228.19,0.0
T004195,0,0,,,0,,,153.79,0.0
T004196,0,0,,,0,,,148.05,0.0
T004197,0,0,,,0,,,179.76,0.0
T004198,0,0,,,0,,,263.83,0.0
T004199,0,0,,,0,,,117.84,0.0
T004200,0,0,,,0,,,150.79,0.0
T004201,0,0,,,0,,,149.55,0.0
T004202,0,0,,,0,,,127.91,0.0
T004203,0,0,,,0,,,172.69,0.0
T004204,0,0,,,0,,,169.03,0.0
T004205,0,0,,,0,,,195.06,0.0
T004206,0,0,,,0,,,222.25,0.0
T004207,0,0,,,0,,,205.07,0.0
T004208,0,0,,,0,,,191.21,0.0
T004209,0,0,,,0,,,354.41,0.0
T004210,0,0,,,0,,,227.54,0.0
T004211,0,0,,,0,,,283.89,0.0
T004212,0,0,,,0,,,182.99,0.0
T004213,0,0,,,0,,,84.32,0.0
T004214,0,0,,,0,,,189.56,0.0
T004215,0,0,,,0,,,272.85,0.0
T004216,0,0,,,0,,,262.54,0.0
T004217,0,0,,,0,,,157.35,0.0
T004218,0,0,,,0,,,174.06,0.0
T004219,0,0,,,0,,,161.32,0.0
T004220,0,0,,,0,,,298.14,0.0
T004221,0,0,,,0,,,242.0,0.0
T004222,0,0,,,0,,,272.01,0.0
T004223,0,0,,,0,,,159.96,0.0
T004224,0,0,,,0,,,267.09,0.0
T004225,0,0,,,0,,,180.22,0.0
T004226,0,0,,,0,,,292.65,0.0
T004227,0,0,,,0,,,201.72,0.0
T004228,0,0,,,0,,,302.35,0.0
T004229,0,0,,,0,,,262.49,0.0
T004230,0,0,,,0,,,154.5,0.0
T004231,0,0,,,0,,,163.7,0.0
T004232,0,0,,,0,,,169.82,0.0
T004233,0,0,,,0,,,193.77,0.0
T004234,0,0,,,0,,,178.79,0.0
T004235,0,0,,,0,,,340.97,0.0
T004236,0,0,,,0,,,335.92,0.0
T004237,0,0,,,0,,,185.03,0.0
T004238,0,0,,,0,,,525.11,0.0
T004239,0,0,,,0,,,166.2,0.0
T004240,0,0,,,0,,,1027.05,0.0
T004241,0,0,,,0,,,237.14,0.0
T004242,0,0,,,0,,,220.8,0.0
T004243,0,0,,,0,,,302.85,0.0
T004244,0,0,,,0,,,219.81,0.0
T004245,0,0,,,0,,,472.76,0.0
T004246,0,0,,,0,,,119.12,0.0
T004247,0,0,,,0,,,611.07,0.0
T004248,0,0,,,0,,,133.73,0.0
T004249,0,0,,,0,,,218.25,0.0
T004250,0,0,,,0,,,284.52,0.0
T004251,0,0,,,0,,,381.5,0.0
T004252,0,0,,,0,,,258.63,0.0
T004253,0,0,,,0,,,335.2,0.0
T004254,0,0,,,0,,,133.13,0.0
T004255,0,0,,,0,,,334.63,0.0
T004256,0,0,,,0,,,278.87,0.0
T004257,0,0,,,0,,,209.19,0.0
T004258,0,0,,,0,,,268.59,0.0
T004259,0,0,,,0,,,209.95,0.0
T004260,0,0,,,0,,,152.65,0.0
T004261,0,0,,,0,,,189.28,0.0
T004262,0,0,,,0,,,566.58,0.0
T004263,0,0,,,0,,,180.43,0.0
T004264,0,0,,,0,,,377.48,0.0
T004265,0,0,,,0,,,548.57,0.0
T004266,0,0,,,0,,,374.28,0.0
T004267,0,0,,,0,,,155.92,0.0
T004268,0,0,,,0,,,198.67,0.0
T004269,0,0,,,0,,,626.05,0.0
T004270,0,0,,,0,,,211.55,0.0
T004271,0,0,,,0,,,152.53,0.0
T004272,0,0,,,0,,,1079.49,0.0
T004273,0,0,,,0,,,370.23,0.0
T004274,0,0,,,0,,,143.05,0.0
T004275,0,0,,,0,,,376.2,0.0
T004276,0,0,,,0,,,195.2,0.0
T004277,0,0,,,0,,,179.37,0.0
T004278,0,0,,,0,,,212.77,0.0
T004279,0,0,,,0,,,276.92,0.0
T004280,0,0,,,0,,,121.11,0.0
T004281,0,0,,,0,,,195.63,0.0
T004282,0,0,,,0,,,344.02,0.0
T004283,0,0,,,0,,,163.18,0.0
T004284,0,0,,,0,,,225.86,0.0
T004285,0,0,,,0,,,127.4,0.0
T004286,0,0,,,0,,,149.52,0.0
T004287,0,0,,,0,,,339.63,0.0
T004288,0,0,,,0,,,408.28,0.0
T004289,0,0,,,0,,,283.87,0.0
T004290,0,0,,,0,,,295.43,0.0
T004291,1,0,,,0,,,0.0,1398.29
T004292,0,0,,,0,,,323.72,0.0
T004293,0,0,,,0,,,192.08,0.0
T004294,0,0,,,0,,,165.34,0.0
T004295,0,0,,,0,,,183.47,0.0
T004296,0,0,,,0,,,160.47,0.0
T004297,0,0,,,0,,,369.89,0.0
T004298,0,0,,,0,,,543.81,0.0
T004299,0,0,,,0,,,373.03,0.0
T004300,0,0,,,0,,,421.32,0.0
T004301,0,0,,,0,,,409.43,0.0
T004302,0,0,,,0,,,167.48,0.0
T004303,0,0,,,0,,,162.51,0.0
T004304,0,0,,,0,,,212.28,0.0
T004305,0,0,,,0,,,201.93,0.0
T004306,0,0,,,0,,,174.09,0.0
T004307,0,0,,,0,,,175.28,0.0
T004308,0,0,,,0,,,858.86,0.0
T004309,0,0,,,0,,,152.24,0.0
T004310,0,0,,,0,,,128.86,0.0
T004311,0,0,,,0,,,266.45,0.0
T004312,0,0,,,0,,,154.51,0.0
T004313,0,0,,,0,,,222.18,0.0
T004314,0,0,,,0,,,86.35,0.0
T004315,0,0,,,0,,,163.53,0.0
T004316,0,0,,,0,,,181.76,0.0
T004317,0,0,,,0,,,184.74,0.0
T004318,0,0,,,0,,,177.28,0.0
T004319,0,0,,,0,,,391.39,0.0
T004320,0,0,,,0,,,158.87,0.0
T004321,0,0,,,0,,,709.96,0.0
T004322,0,0,,,0,,,219.95,0.0
T004323,0,0,,,0,,,253.84,0.0
T004324,0,0,,,0,,,499.98,0.0
T004325,0,0,,,0,,,141.69,0.0
T004326,0,0,,,0,,,189.85,0.0
T004327,0,0,,,0,,,207.57,0.0
T004328,0,0,,,0,,,224.69,0.0
T004329,0,0,,,0,,,191.42,0.0
T004330,0,0,,,0,,,219.46,0.0
T004331,0,0,,,0,,,180.81,0.0
T004332,0,0,,,0,,,263.86,0.0
T004333,0,0,,,0,,,158.68,0.0
T004334,0,0,,,0,,,181.58,0.0
T004335,0,0,,,0,,,176.97,0.0
T004336,0,0,,,0,,,150.17,0.0
T004337,0,0,,,0,,,626.82,0.0
T004338,0,0,,,0,,,203.28,0.0
T004339,0,0,,,0,,,320.33,0.0
T004340,0,0,,,0,,,388.99,0.0
T004341,0,0,,,0,,,150.48,0.0
T004342,0,0,,,0,,,601.8,0.0
T004343,0,0,,,0,,,179.16,0.0
T004344,0,0,,,0,,,274.54,0.0
T004345,0,0,,,0,,,520.29,0.0
T004346,0,0,,,0,,,310.73,0.0
T004347,0,0,,,0,,,247.67,0.0
T004348,0,0,,,0,,,274.6,0.0
T004349,0,0,,,0,,,153.53,0.0
T004350,1,0,,,0,,,0.0,918.99
T004351,0,0,,,0,,,472.07,0.0
T004352,0,0,,,0,,,284.19,0.0
T004353,0,0,,,0,,,212.1,0.0
T004354,0,0,,,0,,,180.98,0.0
T004355,0,0,,,0,,,455.94,0.0
T004356,0,0,,,0,,,253.05,0.0
T004357,0,0,,,0,,,412.64,0.0
T004358,0,0,,,0,,,293.79,0.0
T004359,0,0,,,0,,,157.87,0.0
T004360,0,0,,,0,,,387.57,0.0
T004361,0,0,,,0,,,184.13,0.0
T004362,0,0,,,0,,,128.08,0.0
T004363,0,0,,,0,,,230.11,0.0
T004364,0,0,,,0,,,263.41,0.0
T004365,0,0,,,0,,,195.01,0.0
T004366,0,0,,,0,,,159.25,0.0
T004367,0,0,,,0,,,231.59,0.0
T004368,0,0,,,0,,,176.4,0.0
T004369,0,0,,,0,,,167.7,0.0
T004370,0,0,,,0,,,150.64,0.0
T004371,0,0,,,0,,,161.83,0.0
T004372,1,0,,,0,,,0.0,440.62
T004373,0,0,,,0,,,237.96,0.0
T004374,0,0,,,0,,,272.84,0.0
T004375,0,0,,,0,,,213.64,0.0
T004376,0,0,,,0,,,166.53,0.0
T004377,0,0,,,0,,,164.58,0.0
T004378,0,0,,,0,,,165.33,0.0
T004379,0,0,,,0,,,216.93,0.0
T004380,0,0,,,0,,,294.92,0.0
T004381,0,0,,,0,,,207.85,0.0
T004382,0,0,,,0,,,226.15,0.0
T004383,0,0,,,0,,,196.18,0.0
T004384,0,0,,,0,,,163.61,0.0
T004385,0,0,,,0,,,160.42,0.0
T004386,0,0,,,0,,,658.11,0.0
T004387,0,0,,,0,,,155.75,0.0
T004388,0,0,,,0,,,159.85,0.0
T004389,0,0,,,0,,,633.45,0.0
T004390,0,0,,,0,,,183.93,0.0
T004391,0,0,,,0,,,229.01,0.0
T004392,0,0,,,0,,,227.84,0.0
T004393,0,0,,,0,,,341.27,0.0
T004394,0,0,,,0,,,194.45,0.0
T004395,0,0,,,0,,,157.15,0.0
T004396,0,0,,,0,,,317.67,0.0
T004397,0,0,,,0,,,906.85,0.0
T004398,0,0,,,0,,,251.94,0.0
T004399,0,0,,,0,,,503.89,0.0
T004400,0,0,,,0,,,377.5,0.0
T004401,0,0,,,0,,,207.95,0.0
T004402,0,0,,,0,,,214.33,0.0
T004403,0,0,,,0,,,90.31,0.0
T004404,0,0,,,0,,,261.75,0.0
T004405,0,0,,,0,,,200.42,0.0
T004406,0,0,,,0,,,168.24,0.0
T004407,0,0,,,0,,,450.17,0.0
T004408,0,0,,,0,,,168.23,0.0
T004409,0,0,,,0,,,546.66,0.0
T004410,0,0,,,0,,,216.83,0.0
T004411,0,0,,,0,,,274.48,0.0
T004412,0,0,,,0,,,258.04,0.0
T004413,0,0,,,0,,,214.65,0.0
T004414,0,0,,,0,,,380.06,0.0
T004415,0,0,,,0,,,211.11,0.0
T004416,0,0,,,0,,,202.47,0.0
T004417,0,0,,,0,,,203.05,0.0
T004418,0,0,,,0,,,291.27,0.0
T004419,0,0,,,0,,,227.1,0.0
T004420,0,0,,,0,,,189.93,0.0
T004421,0,0,,,0,,,141.7,0.0
T004422,0,0,,,0,,,493.66,0.0
T004423,0,0,,,0,,,108.04,0.0
T004424,0,0,,,0,,,207.92,0.0
T004425,0,0,,,0,,,319.11,0.0
T004426,1,0,,,0,,,0.0,2966.86
T004427,0,0,,,0,,,154.79,0.0
T004428,0,0,,,0,,,224.04,0.0
T004429,0,0,,,0,,,162.6,0.0
T004430,0,0,,,0,,,210.85,0.0
T004431,0,0,,,0,,,262.26,0.0
T004432,0,0,,,0,,,174.4,0.0
T004433,0,0,,,0,,,154.13,0.0
T004434,0,0,,,0,,,459.3,0.0
T004435,0,0,,,0,,,648.28,0.0
T004436,0,0,,,0,,,709.22,0.0
T004437,0,0,,,0,,,308.85,0.0
T004438,0,0,,,0,,,156.03,0.0
T004439,0,0,,,0,,,275.39,0.0
T004440,0,0,,,0,,,177.81,0.0
T004441,0,0,,,0,,,267.15,0.0
T004442,0,0,,,0,,,211.89,0.0
T004443,0,0,,,0,,,152.01,0.0
T004444,0,0,,,0,,,152.88,0.0
T004445,0,0,,,0,,,256.52,0.0
T004446,0,0,,,0,,,251.36,0.0
T004447,0,0,,,0,,,253.05,0.0
T004448,0,0,,,0,,,207.37,0.0
T004449,0,0,,,0,,,134.25,0.0
T004450,0,0,,,0,,,176.3,0.0
T004451,0,0,,,0,,,668.4,0.0
T004452,0,0,,,0,,,92.21,0.0
T004453,0,0,,,0,,,328.62,0.0
T004454,0,0,,,0,,,369.7,0.0
T004455,0,0,,,0,,,220.7,0.0
T004456,0,0,,,0,,,152.18,0.0
T004457,0,0,,,0,,,238.66,0.0
T004458,0,0,,,0,,,130.32,0.0
T004459,0,0,,,0,,,186.3,0.0
T004460,0,0,,,0,,,184.63,0.0
T004461,0,0,,,0,,,222.47,0.0
T004462,0,0,,,0,,,191.55,0.0
T004463,0,0,,,0,,,204.38,0.0
T004464,0,0,,,0,,,257.55,0.0
T004465,0,0,,,0,,,223.6,0.0
T004466,0,0,,,0,,,176.14,0.0
T004467,0,0,,,0,,,336.28,0.0
T004468,0,0,,,0,,,596.85,0.0
T004469,0,0,,,0,,,199.26,0.0
T004470,0,0,,,0,,,780.52,0.0
T004471,0,0,,,0,,,191.67,0.0
T004472,0,0,,,0,,,243.16,0.0
T004473,0,0,,,0,,,214.54,0.0
T004474,0,0,,,0,,,186.54,0.0
T004475,0,0,,,0,,,232.95,0.0
T004476,0,0,,,0,,,164.24,0.0
T004477,0,0,,,0,,,162.39,0.0
T004478,0,0,,,0,,,353.1,0.0
T004479,0,0,,,0,,,185.85,0.0
T004480,0,0,,,0,,,151.58,0.0
T004481,0,0,,,0,,,215.88,0.0
T004482,0,0,,,0,,,353.6,0.0
T004483,0,0,,,0,,,155.04,0.0
T004484,0,0,,,0,,,139.3,0.0
T004485,0,0,,,0,,,156.23,0.0
T004486,0,0,,,0,,,267.94,0.0
T004487,0,0,,,0,,,166.37,0.0
T004488,0,0,,,0,,,197.11,0.0
T004489,0,0,,,0,,,190.75,0.0
T004490,0,0,,,0,,,257.81,0.0
T004491,0,0,,,0,,,186.91,0.0
T004492,0,0,,,0,,,248.36,0.0
T004493,1,0,,,0,,,0.0,1952.09
T004494,0,0,,,0,,,145.48,0.0
T004495,0,0,,,0,,,335.03,0.0
T004496,0,0,,,0,,,2063.83,0.0
T004497,0,0,,,0,,,166.48,0.0
T004498,0,0,,,0,,,356.76,0.0
T004499,0,0,,,0,,,269.0,0.0
T004500,0,0,,,0,,,545.48,0.0
T004501,0,0,,,0,,,243.68,0.0
T004502,0,0,,,0,,,330.59,0.0
T004503,0,0,,,0,,,199.41,0.0
T004504,0,0,,,0,,,130.35,0.0
T004505,0,0,,,0,,,200.88,0.0
T004506,0,0,,,0,,,273.73,0.0
T004507,0,0,,,0,,,227.14,0.0
T004508,0,0,,,0,,,193.77,0.0
T004509,0,0,,,0,,,192.34,0.0
T004510,0,0,,,0,,,176.05,0.0
T004511,0,0,,,0,,,192.23,0.0
T004512,0,0,,,0,,,494.81,0.0
T004513,0,0,,,0,,,373.83,0.0
T004514,0,0,,,0,,,177.61,0.0
T004515,0,0,,,0,,,152.53,0.0
T004516,0,0,,,0,,,184.29,0.0
T004517,0,0,,,0,,,148.8,0.0
T004518,0,0,,,0,,,161.51,0.0
T004519,0,0,,,0,,,191.7,0.0
T004520,0,0,,,0,,,278.66,0.0
T004521,0,0,,,0,,,247.17,0.0
T004522,0,0,,,0,,,169.62,0.0
T004523,0,0,,,0,,,817.4,0.0
T004524,0,0,,,0,,,194.24,0.0
T004525,0,0,,,0,,,205.18,0.0
T004526,0,0,,,0,,,259.69,0.0
T004527,0,0,,,0,,,257.5,0.0
T004528,0,0,,,0,,,147.91,0.0
T004529,0,0,,,0,,,432.37,0.0
T004530,0,0,,,0,,,295.84,0.0
T004531,0,0,,,0,,,347.55,0.0
T004532,0,0,,,0,,,139.54,0.0
T004533,0,0,,,0,,,185.58,0.0
T004534,0,0,,,0,,,174.4,0.0
T004535,0,0,,,0,,,220.27,0.0
T004536,0,0,,,0,,,166.97,0.0
T004537,0,0,,,0,,,131.64,0.0
T004538,0,0,,,0,,,163.65,0.0
T004539,0,0,,,0,,,257.76,0.0
T004540,0,0,,,0,,,161.01,0.0
T004541,0,0,,,0,,,176.45,0.0
T004542,0,0,,,0,,,302.38,0.0
T004543,0,0,,,0,,,577.97,0.0
T004544,0,0,,,0,,,288.73,0.0
T004545,0,0,,,0,,,232.78,0.0
T004546,0,0,,,0,,,351.88,0.0
T004547,0,0,,,0,,,261.42,0.0
T004548,0,0,,,0,,,162.51,0.0
T004549,0,0,,,0,,,185.51,0.0
T004550,0,0,,,0,,,265.57,0.0
T004551,0,0,,,0,,,153.1,0.0
T004552,0,0,,,0,,,319.06,0.0
T004553,0,0,,,0,,,136.07,0.0
T004554,0,0,,,0,,,166.82,0.0
T004555,0,0,,,0,,,543.6,0.0
T004556,0,0,,,0,,,141.33,0.0
T004557,0,0,,,0,,,456.24,0.0
T004558,0,0,,,0,,,196.83,0.0
T004559,0,0,,,0,,,614.32,0.0
T004560,0,0,,,0,,,339.73,0.0
T004561,0,0,,,0,,,168.99,0.0
T004562,0,0,,,0,,,163.87,0.0
T004563,0,0,,,0,,,244.86,0.0
T004564,0,0,,,0,,,1058.8,0.0
T004565,0,0,,,0,,,76.5,0.0
T004566,0,0,,,0,,,744.61,0.0
T004567,0,0,,,0,,,141.31,0.0
T004568,0,0,,,0,,,193.73,0.0
T004569,0,0,,,0,,,208.62,0.0
T004570,0,0,,,0,,,194.87,0.0
T004571,0,0,,,0,,,286.27,0.0
T004572,0,0,,,0,,,179.63,0.0
T004573,0,0,,,0,,,209.03,0.0
T004574,0,0,,,0,,,163.32,0.0
T004575,0,0,,,0,,,155.41,0.0
T004576,0,0,,,0,,,162.34,0.0
T004577,0,0,,,0,,,217.64,0.0
T004578,0,0,,,0,,,161.17,0.0
T004579,0,0,,,0,,,404.84,0.0
T004580,0,0,,,0,,,328.51,0.0
T004581,0,0,,,0,,,352.24,0.0
T004582,0,0,,,0,,,309.98,0.0
T004583,0,0,,,0,,,178.14,0.0
T004584,0,0,,,0,,,324.25,0.0
T004585,0,0,,,0,,,859.44,0.0
T004586,0,0,,,0,,,266.87,0.0
T004587,0,0,,,0,,,182.11,0.0
T004588,0,0,,,0,,,346.88,0.0
T004589,0,0,,,0,,,288.95,0.0
T004590,0,0,,,0,,,179.42,0.0
T004591,0,0,,,0,,,344.27,0.0
T004592,0,0,,,0,,,183.53,0.0
T004593,0,0,,,0,,,161.22,0.0
T004594,0,0,,,0,,,162.56,0.0
T004595,0,0,,,0,,,172.14,0.0
T004596,0,0,,,0,,,271.58,0.0
T004597,0,0,,,0,,,525.53,0.0
T004598,0,0,,,0,,,349.34,0.0
T004599,0,0,,,0,,,495.66,0.0
T004600,0,0,,,0,,,163.77,0.0
T004601,0,0,,,0,,,486.02,0.0
T004602,0,0,,,0,,,361.29,0.0
T004603,0,0,,,0,,,107.52,0.0
T004604,0,0,,,0,,,196.52,0.0
T004605,0,0,,,0,,,187.7,0.0
T004606,0,0,,,0,,,179.96,0.0
T004607,0,0,,,0,,,291.3,0.0
T004608,0,0,,,0,,,201.45,0.0
T004609,0,0,,,0,,,203.92,0.0
T004610,0,0,,,0,,,312.97,0.0
T004611,0,0,,,0,,,315.06,0.0
T004612,0,0,,,0,,,176.85,0.0
T004613,0,0,,,0,,,208.32,0.0
T004614,0,0,,,0,,,182.31,0.0
T004615,0,0,,,0,,,62.92,0.0
T004616,0,0,,,0,,,313.73,0.0
T004617,0,0,,,0,,,144.5,0.0
T004618,0,0,,,0,,,138.86,0.0
T004619,0,0,,,0,,,170.96,0.0
T004620,0,0,,,0,,,177.73,0.0
T004621,0,0,,,0,,,222.75,0.0
T004622,0,0,,,0,,,363.02,0.0
T004623,0,0,,,0,,,121.62,0.0
T004624,0,0,,,0,,,435.46,0.0
T004625,0,0,,,0,,,170.22,0.0
T004626,0,0,,,0,,,198.72,0.0
T004627,0,0,,,0,,,105.7,0.0
T004628,0,0,,,0,,,180.27,0.0
T004629,0,0,,,0,,,447.58,0.0
T004630,0,0,,,0,,,152.93,0.0
T004631,0,0,,,0,,,194.47,0.0
T004632,0,0,,,0,,,200.13,0.0
T004633,0,0,,,0,,,198.1,0.0
T004634,0,0,,,0,,,152.91,0.0
T004635,0,0,,,0,,,352.15,0.0
T004636,0,0,,,0,,,372.24,0.0
T004637,0,0,,,0,,,229.99,0.0
T004638,0,0,,,0,,,157.82,0.0
T004639,0,0,,,0,,,224.51,0.0
T004640,0,0,,,0,,,174.46,0.0
T004641,0,0,,,0,,,219.87,0.0
T004642,0,0,,,0,,,234.16,0.0
T004643,0,0,,,0,,,169.62,0.0
T004644,0,0,,,0,,,321.75,0.0
T004645,0,0,,,0,,,198.15,0.0
T004646,0,0,,,0,,,143.33,0.0
T004647,0,0,,,0,,,223.92,0.0
T004648,0,0,,,0,,,203.74,0.0
T004649,0,0,,,0,,,236.53,0.0
T004650,0,0,,,0,,,232.1,0.0
T004651,0,0,,,0,,,501.01,0.0
T004652,0,0,,,0,,,367.3,0.0
T004653,0,0,,,0,,,227.66,0.0
T004654,0,0,,,0,,,191.41,0.0
T004655,0,0,,,0,,,195.88,0.0
T004656,0,0,,,0,,,154.87,0.0
T004657,0,0,,,0,,,222.61,0.0
T004658,0,0,,,0,,,203.24,0.0
T004659,0,0,,,0,,,175.68,0.0
T004660,0,0,,,0,,,168.81,0.0
T004661,0,0,,,0,,,152.59,0.0
T004662,0,0,,,0,,,171.06,0.0
T004663,0,0,,,0,,,205.45,0.0
T004664,0,0,,,0,,,211.64,0.0
T004665,0,0,,,0,,,149.7,0.0
T004666,0,0,,,0,,,213.76,0.0
T004667,0,0,,,0,,,142.67,0.0
T004668,0,0,,,0,,,87.46,0.0
T004669,0,0,,,0,,,161.45,0.0
T004670,0,0,,,0,,,168.66,0.0
T004671,0,0,,,0,,,1630.94,0.0
T004672,0,0,,,0,,,966.14,0.0
T004673,0,0,,,0,,,194.97,0.0
T004674,0,0,,,0,,,272.93,0.0
T004675,0,0,,,0,,,197.33,0.0
T004676,0,0,,,0,,,320.16,0.0
T004677,0,0,,,0,,,893.71,0.0
T004678,0,0,,,0,,,149.69,0.0
T004679,0,0,,,0,,,177.36,0.0
T004680,0,0,,,0,,,240.87,0.0
T004681,0,0,,,0,,,234.62,0.0
T004682,0,0,,,0,,,213.32,0.0
T004683,0,0,,,0,,,229.52,0.0
T004684,0,0,,,0,,,195.59,0.0
T004685,0,0,,,0,,,234.44,0.0
T004686,0,0,,,0,,,159.86,0.0
T004687,0,0,,,0,,,142.8,0.0
T004688,0,0,,,0,,,420.86,0.0
T004689,0,0,,,0,,,666.75,0.0
T004690,0,0,,,0,,,363.59,0.0
T004691,0,0,,,0,,,159.2,0.0
T004692,0,0,,,0,,,283.67,0.0
T004693,0,0,,,0,,,513.24,0.0
T004694,0,0,,,0,,,423.66,0.0
T004695,0,0,,,0,,,2500.0,0.0
T004696,0,0,,,0,,,189.81,0.0
T004697,0,0,,,0,,,64.6,0.0
T004698,0,0,,,0,,,229.19,0.0
T004699,0,0,,,0,,,163.33,0.0
T004700,1,0,,,0,,,0.0,983.16
T004701,0,0,,,0,,,185.46,0.0
T004702,0,0,,,0,,,190.96,0.0
T004703,0,0,,,0,,,212.83,0.0
T004704,0,0,,,0,,,172.35,0.0
T004705,0,0,,,0,,,430.54,0.0
T004706,0,0,,,0,,,173.19,0.0
T004707,0,0,,,0,,,292.76,0.0
T004708,0,0,,,0,,,264.79,0.0
T004709,0,0,,,0,,,189.97,0.0
T004710,0,0,,,0,,,248.58,0.0
T004711,0,0,,,0,,,221.41,0.0
T004712,0,0,,,0,,,389.08,0.0
T004713,0,0,,,0,,,143.91,0.0
T004714,0,0,,,0,,,347.54,0.0
T004715,0,0,,,0,,,266.08,0.0
T004716,0,0,,,0,,,148.89,0.0
T004717,0,0,,,0,,,158.56,0.0
T004718,0,0,,,0,,,460.25,0.0
T004719,0,0,,,0,,,184.01,0.0
T004720,0,0,,,0,,,311.0,0.0
T004721,0,0,,,0,,,198.92,0.0
T004722,0,0,,,0,,,216.89,0.0
T004723,0,0,,,0,,,170.3,0.0
T004724,0,0,,,0,,,174.15,0.0
T004725,0,0,,,0,,,168.09,0.0
T004726,0,0,,,0,,,217.44,0.0
T004727,0,0,,,0,,,89.13,0.0
T004728,0,0,,,0,,,263.7,0.0
T004729,0,0,,,0,,,162.73,0.0
T004730,0,0,,,0,,,433.09,0.0
T004731,0,0,,,0,,,188.92,0.0
T004732,0,0,,,0,,,165.31,0.0
T004733,0,0,,,0,,,191.27,0.0
T004734,0,0,,,0,,,156.75,0.0
T004735,0,0,,,0,,,244.77,0.0
T004736,0,0,,,0,,,213.27,0.0
T004737,0,0,,,0,,,281.67,0.0
T004738,0,0,,,0,,,350.33,0.0
T004739,0,0,,,0,,,235.89,0.0
T004740,0,0,,,0,,,227.3,0.0
T004741,0,0,,,0,,,169.42,0.0
T004742,0,0,,,0,,,246.3,0.0
T004743,0,0,,,0,,,173.57,0.0
T004744,0,0,,,0,,,217.51,0.0
T004745,0,0,,,0,,,185.38,0.0
T004746,0,0,,,0,,,439.75,0.0
T004747,0,0,,,0,,,117.6,0.0
T004748,0,0,,,0,,,210.8,0.0
T004749,0,0,,,0,,,151.03,0.0
T004750,0,0,,,0,,,180.57,0.0
T004751,0,0,,,0,,,159.27,0.0
T004752,0,0,,,0,,,179.57,0.0
T004753,0,0,,,0,,,198.09,0.0
T004754,0,0,,,0,,,236.36,0.0
T004755,0,0,,,0,,,180.24,0.0
T004756,0,0,,,0,,,688.78,0.0
T004757,0,0,,,0,,,164.8,0.0
T004758,0,0,,,0,,,163.36,0.0
T004759,0,0,,,0,,,157.03,0.0
T004760,0,0,,,0,,,155.81,0.0
T004761,0,0,,,0,,,289.44,0.0
T004762,0,0,,,0,,,215.49,0.0
T004763,0,0,,,0,,,631.25,0.0
T004764,0,0,,,0,,,258.82,0.0
T004765,0,0,,,0,,,273.7,0.0
T004766,0,0,,,0,,,440.62,0.0
T004767,0,0,,,0,,,323.01,0.0
T004768,0,0,,,0,,,331.9,0.0
T004769,0,0,,,0,,,215.17,0.0
T004770,0,0,,,0,,,272.72,0.0
T004771,0,0,,,0,,,167.45,0.0
T004772,0,0,,,0,,,310.61,0.0
T004773,0,0,,,0,,,164.46,0.0
T004774,0,0,,,0,,,233.74,0.0
T004775,0,0,,,0,,,220.11,0.0
T004776,0,0,,,0,,,562.58,0.0
T004777,0,0,,,0,,,701.96,0.0
T004778,0,0,,,0,,,461.35,0.0
T004779,0,0,,,0,,,181.03,0.0
T004780,0,0,,,0,,,136.08,0.0
T004781,0,0,,,0,,,226.08,0.0
T004782,0,0,,,0,,,255.51,0.0
T004783,0,0,,,0,,,105.86,0.0
T004784,0,0,,,0,,,160.85,0.0
T004785,0,0,,,0,,,179.6,0.0
T004786,0,0,,,0,,,382.81,0.0
T004787,0,0,,,0,,,199.39,0.0
T004788,0,0,,,0,,,224.87,0.0
T004789,0,0,,,0,,,231.48,0.0
T004790,0,0,,,0,,,156.11,0.0
T004791,0,0,,,0,,,187.01,0.0
T004792,0,0,,,0,,,232.28,0.0
T004793,0,0,,,0,,,223.62,0.0
T004794,0,0,,,0,,,154.39,0.0
T004795,0,0,,,0,,,169.34,0.0
T004796,0,0,,,0,,,327.32,0.0
T004797,0,0,,,0,,,292.32,0.0
T004798,0,0,,,0,,,197.91,0.0
T004799,0,0,,,0,,,162.34,0.0
T004800,0,0,,,0,,,239.56,0.0
T004801,0,0,,,0,,,93.52,0.0
T004802,0,0,,,0,,,341.54,0.0
T004803,0,0,,,0,,,189.92,0.0
T004804,0,0,,,0,,,183.33,0.0
T004805,0,0,,,0,,,277.28,0.0
T004806,0,0,,,0,,,392.08,0.0
T004807,0,0,,,0,,,333.98,0.0
T004808,0,0,,,0,,,150.03,0.0
T004809,0,0,,,0,,,170.81,0.0
T004810,0,0,,,0,,,467.52,0.0
T004811,0,0,,,0,,,352.16,0.0
T004812,0,0,,,0,,,315.26,0.0
T004813,0,0,,,0,,,225.0,0.0
T004814,0,0,,,0,,,162.16,0.0
T004815,0,0,,,0,,,742.77,0.0
T004816,0,0,,,0,,,266.1,0.0
T004817,0,0,,,0,,,545.14,0.0
T004818,0,0,,,0,,,175.57,0.0
T004819,0,0,,,0,,,247.03,0.0
T004820,0,0,,,0,,,154.43,0.0
T004821,0,0,,,0,,,200.99,0.0
T004822,0,0,,,0,,,168.01,0.0
T004823,0,0,,,0,,,193.18,0.0
T004824,0,0,,,0,,,257.72,0.0
T004825,0,0,,,0,,,193.71,0.0
T004826,0,0,,,0,,,189.61,0.0
T004827,0,0,,,0,,,96.83,0.0
T004828,0,0,,,0,,,522.98,0.0
T004829,0,0,,,0,,,627.49,0.0
T004830,0,0,,,0,,,279.14,0.0
T004831,0,0,,,0,,,208.49,0.0
T004832,0,0,,,0,,,113.54,0.0
T004833,0,0,,,0,,,267.29,0.0
T004834,0,0,,,0,,,333.21,0.0
T004835,0,0,,,0,,,69.67,0.0
T004836,0,0,,,0,,,657.17,0.0
T004837,0,0,,,0,,,139.35,0.0
T004838,0,0,,,0,,,380.68,0.0
T004839,0,0,,,0,,,184.71,0.0
T004840,0,0,,,0,,,450.3,0.0
T004841,0,0,,,0,,,242.0,0.0
T004842,0,0,,,0,,,293.48,0.0
T004843,0,0,,,0,,,171.95,0.0
T004844,0,0,,,0,,,187.34,0.0
T004845,0,0,,,0,,,114.0,0.0
T004846,0,0,,,0,,,160.78,0.0
T004847,0,0,,,0,,,158.49,0.0
T004848,0,0,,,0,,,217.42,0.0
T004849,0,0,,,0,,,525.86,0.0
T004850,0,0,,,0,,,183.6,0.0
T004851,0,0,,,0,,,310.26,0.0
T004852,0,0,,,0,,,137.16,0.0
T004853,0,0,,,0,,,281.02,0.0
T004854,0,0,,,0,,,192.34,0.0
T004855,0,0,,,0,,,138.23,0.0
T004856,0,0,,,0,,,246.56,0.0
T004857,0,0,,,0,,,251.74,0.0
T004858,0,0,,,0,,,166.7,0.0
T004859,0,0,,,0,,,391.8,0.0
T004860,1,0,,,0,,,0.0,4390.62
T004861,0,0,,,0,,,146.12,0.0
T004862,0,0,,,0,,,164.7,0.0
T004863,0,0,,,0,,,267.63,0.0
T004864,0,0,,,0,,,202.57,0.0
T004865,0,0,,,0,,,230.56,0.0
T004866,0,0,,,0,,,184.97,0.0
T004867,0,0,,,0,,,287.62,0.0
T004868,0,0,,,0,,,180.56,0.0
T004869,0,0,,,0,,,152.51,0.0
T004870,0,0,,,0,,,172.82,0.0
T004871,0,0,,,0,,,98.46,0.0
T004872,0,0,,,0,,,198.84,0.0
T004873,0,0,,,0,,,269.28,0.0
T004874,0,0,,,0,,,440.18,0.0
T004875,0,0,,,0,,,90.41,0.0
T004876,0,0,,,0,,,276.77,0.0
T004877,0,0,,,0,,,203.7,0.0
T004878,0,0,,,0,,,144.44,0.0
T004879,0,0,,,0,,,170.68,0.0
T004880,0,0,,,0,,,266.73,0.0
T004881,0,0,,,0,,,153.44,0.0
T004882,0,0,,,0,,,265.99,0.0
T004883,0,0,,,0,,,176.75,0.0
T004884,0,0,,,0,,,156.78,0.0
T004885,0,0,,,0,,,171.32,0.0
T004886,0,0,,,0,,,103.89,0.0
T004887,0,0,,,0,,,1107.53,0.0
T004888,0,0,,,0,,,167.46,0.0
T004889,0,0,,,0,,,343.9,0.0
T004890,0,0,,,0,,,443.01,0.0
T004891,0,0,,,0,,,161.62,0.0
T004892,0,0,,,0,,,332.43,0.0
T004893,0,0,,,0,,,171.4,0.0
T004894,0,0,,,0,,,328.47,0.0
T004895,0,0,,,0,,,329.87,0.0
T004896,0,0,,,0,,,520.37,0.0
T004897,0,0,,,0,,,158.39,0.0
T004898,0,0,,,0,,,170.66,0.0
T004899,0,0,,,0,,,156.36,0.0
T004900,0,0,,,0,,,166.96,0.0
T004901,0,0,,,0,,,187.35,0.0
T004902,0,0,,,0,,,161.32,0.0
T004903,0,0,,,0,,,315.36,0.0
T004904,0,0,,,0,,,222.9,0.0
T004905,0,0,,,0,,,96.55,0.0
T004906,0,0,,,0,,,163.09,0.0
T004907,0,0,,,0,,,276.54,0.0
T004908,0,0,,,0,,,776.09,0.0
T004909,0,0,,,0,,,207.06,0.0
T004910,0,0,,,0,,,194.93,0.0
T004911,0,0,,,0,,,200.22,0.0
T004912,0,0,,,0,,,325.06,0.0
T004913,0,0,,,0,,,173.17,0.0
T004914,0,0,,,0,,,399.01,0.0
T004915,0,0,,,0,,,173.48,0.0
T004916,0,0,,,0,,,128.25,0.0
T004917,0,0,,,0,,,490.53,0.0
T004918,0,0,,,0,,,437.2,0.0
T004919,0,0,,,0,,,177.94,0.0
T004920,0,0,,,0,,,329.74,0.0
T004921,0,0,,,0,,,203.16,0.0
T004922,0,0,,,0,,,124.27,0.0
T004923,0,0,,,0,,,387.01,0.0
T004924,0,0,,,0,,,265.14,0.0
T004925,0,0,,,0,,,179.06,0.0
T004926,0,0,,,0,,,201.86,0.0
T004927,0,0,,,0,,,250.56,0.0
T004928,0,0,,,0,,,161.26,0.0
T004929,0,0,,,0,,,271.71,0.0
T004930,0,0,,,0,,,483.87,0.0
T004931,0,0,,,0,,,210.39,0.0
T004932,0,0,,,0,,,232.41,0.0
T004933,0,0,,,0,,,400.26,0.0
T004934,0,0,,,0,,,172.78,0.0
T004935,0,0,,,0,,,192.78,0.0
T004936,1,0,,,0,,,0.0,8214.49
T004937,0,0,,,0,,,153.28,0.0
T004938,0,0,,,0,,,270.2,0.0
T004939,0,0,,,0,,,130.62,0.0
T004940,0,0,,,0,,,205.1,0.0
T004941,0,0,,,0,,,256.87,0.0
T004942,0,0,,,0,,,578.73,0.0
T004943,0,0,,,0,,,191.53,0.0
T004944,0,0,,,0,,,381.44,0.0
T004945,0,0,,,0,,,174.89,0.0
T004946,0,0,,,0,,,431.4,0.0
T004947,0,0,,,0,,,172.47,0.0
T004948,0,0,,,0,,,233.51,0.0
T004949,0,0,,,0,,,686.16,0.0
T004950,0,0,,,0,,,153.16,0.0
T004951,0,0,,,0,,,215.65,0.0
T004952,0,0,,,0,,,159.27,0.0
T004953,0,0,,,0,,,274.25,0.0
T004954,0,0,,,0,,,438.28,0.0
T004955,0,0,,,0,,,177.31,0.0
T004956,0,0,,,0,,,158.18,0.0
T004957,0,0,,,0,,,313.73,0.0
T004958,0,0,,,0,,,188.56,0.0
T004959,0,0,,,0,,,449.73,0.0
T004960,0,0,,,0,,,236.56,0.0
T004961,0,0,,,0,,,86.81,0.0
T004962,0,0,,,0,,,251.98,0.0
T004963,0,0,,,0,,,250.03,0.0
T004964,0,0,,,0,,,785.55,0.0
T004965,0,0,,,0,,,330.67,0.0
T004966,0,0,,,0,,,166.51,0.0
T004967,0,0,,,0,,,254.85,0.0
T004968,0,0,,,0,,,228.66,0.0
T004969,0,0,,,0,,,139.18,0.0
T004970,0,0,,,0,,,158.1,0.0
T004971,0,0,,,0,,,213.7,0.0
T004972,0,0,,,0,,,523.89,0.0
T004973,0,0,,,0,,,792.41,0.0
T004974,0,0,,,0,,,281.35,0.0
T004975,0,0,,,0,,,211.75,0.0
T004976,0,0,,,0,,,225.36,0.0
T004977,0,0,,,0,,,799.85,0.0
T004978,0,0,,,0,,,362.28,0.0
T004979,0,0,,,0,,,201.21,0.0
T004980,0,0,,,0,,,354.02,0.0
T004981,0,0,,,0,,,261.1,0.0
T004982,0,0,,,0,,,467.95,0.0
T004983,0,0,,,0,,,544.52,0.0
T004984,0,0,,,0,,,189.77,0.0
T004985,1,0,,,0,,,0.0,16836.17
T004986,0,0,,,0,,,244.59,0.0
T004987,0,0,,,0,,,251.44,0.0
T004988,0,0,,,0,,,438.72,0.0
T004989,0,0,,,0,,,118.66,0.0
T004990,0,0,,,0,,,253.89,0.0
T004991,0,0,,,0,,,166.41,0.0
T004992,0,0,,,0,,,131.85,0.0
T004993,0,0,,,0,,,349.73,0.0
T004994,0,0,,,0,,,343.56,0.0
T004995,0,0,,,0,,,163.2,0.0
T004996,0,0,,,0,,,195.41,0.0
T004997,0,0,,,0,,,323.77,0.0
T004998,0,0,,,0,,,169.51,0.0
T004999,0,0,,,0,,,244.89,0.0
T005000,0,0,,,0,,,277.26,0.0
T005001,0,0,,,0,,,171.17,0.0
T005002,0,0,,,0,,,338.23,0.0
T005003,0,0,,,0,,,494.83,0.0
T005004,0,0,,,0,,,159.28,0.0
T005005,0,0,,,0,,,490.6,0.0
T005006,0,0,,,0,,,223.95,0.0
T005007,0,0,,,0,,,148.65,0.0
T005008,0,0,,,0,,,141.9,0.0
T005009,0,0,,,0,,,166.42,0.0
T005010,0,0,,,0,,,188.36,0.0
T005011,0,0,,,0,,,209.14,0.0
T005012,0,0,,,0,,,397.13,0.0
T005013,0,0,,,0,,,438.18,0.0
T005014,0,0,,,0,,,854.94,0.0
T005015,0,0,,,0,,,187.05,0.0
T005016,0,0,,,0,,,506.02,0.0
T005017,0,0,,,0,,,327.45,0.0
T005018,0,0,,,0,,,224.42,0.0
T005019,0,0,,,0,,,168.16,0.0
T005020,0,0,,,0,,,405.06,0.0
T005021,0,0,,,0,,,189.98,0.0
T005022,0,0,,,0,,,774.84,0.0
T005023,0,0,,,0,,,111.55,0.0
T005024,0,0,,,0,,,420.48,0.0
T005025,0,0,,,0,,,264.38,0.0
T005026,0,0,,,0,,,178.8,0.0
T005027,0,0,,,0,,,196.74,0.0
T005028,0,0,,,0,,,260.17,0.0
T005029,1,0,,,0,,,0.0,1857.75
T005030,0,0,,,0,,,156.64,0.0
T005031,0,0,,,0,,,213.11,0.0
T005032,0,0,,,0,,,439.68,0.0
T005033,0,0,,,0,,,235.12,0.0
T005034,0,0,,,0,,,317.97,0.0
T005035,0,0,,,0,,,189.3,0.0
T005036,0,0,,,0,,,185.33,0.0
T005037,0,0,,,0,,,235.58,0.0
T005038,0,0,,,0,,,178.49,0.0
T005039,0,0,,,0,,,164.94,0.0
T005040,0,0,,,0,,,482.26,0.0
T005041,0,0,,,0,,,192.24,0.0
T005042,0,0,,,0,,,310.4,0.0
T005043,0,0,,,0,,,233.15,0.0
T005044,0,0,,,0,,,278.06,0.0
T005045,0,0,,,0,,,227.78,0.0
T005046,0,0,,,0,,,166.21,0.0
T005047,0,0,,,0,,,203.69,0.0
T005048,0,0,,,0,,,653.25,0.0
T005049,0,0,,,0,,,394.02,0.0
T005050,0,0,,,0,,,497.84,0.0
T005051,0,0,,,0,,,159.06,0.0
T005052,0,0,,,0,,,196.12,0.0
T005053,0,0,,,0,,,465.32,0.0
T005054,0,0,,,0,,,202.43,0.0
T005055,0,0,,,0,,,181.35,0.0
T005056,0,0,,,0,,,116.48,0.0
T005057,1,0,,,0,,,0.0,474.49
T005058,0,0,,,0,,,457.0,0.0
T005059,0,0,,,0,,,156.39,0.0
T005060,0,0,,,0,,,171.53,0.0
T005061,0,0,,,0,,,136.15,0.0
T005062,0,0,,,0,,,614.08,0.0
T005063,0,0,,,0,,,149.32,0.0
T005064,0,0,,,0,,,204.68,0.0
T005065,0,0,,,0,,,187.86,0.0
T005066,0,0,,,0,,,124.21,0.0
T005067,0,0,,,0,,,392.32,0.0
T005068,0,0,,,0,,,166.4,0.0
T005069,0,0,,,0,,,153.18,0.0
T005070,0,0,,,0,,,519.88,0.0
T005071,0,0,,,0,,,152.49,0.0
T005072,0,0,,,0,,,161.67,0.0
T005073,0,0,,,0,,,213.99,0.0
T005074,0,0,,,0,,,176.92,0.0
T005075,0,0,,,0,,,273.07,0.0
T005076,0,0,,,0,,,202.54,0.0
T005077,0,0,,,0,,,171.43,0.0
T005078,0,0,,,0,,,344.1,0.0
T005079,0,0,,,0,,,291.38,0.0
T005080,0,0,,,0,,,787.17,0.0
T005081,0,0,,,0,,,573.17,0.0
T005082,0,0,,,0,,,337.66,0.0
T005083,0,0,,,0,,,281.36,0.0
T005084,0,0,,,0,,,360.29,0.0
T005085,0,0,,,0,,,486.42,0.0
T005086,0,0,,,0,,,329.49,0.0
T005087,0,0,,,0,,,339.21,0.0
T005088,0,0,,,0,,,265.84,0.0
T005089,0,0,,,0,,,186.68,0.0
T005090,0,0,,,0,,,184.45,0.0
T005091,0,0,,,0,,,448.46,0.0
T005092,0,0,,,0,,,105.48,0.0
T005093,0,0,,,0,,,176.49,0.0
T005094,0,0,,,0,,,216.19,0.0
T005095,0,0,,,0,,,176.68,0.0
T005096,0,0,,,0,,,282.57,0.0
T005097,0,0,,,0,,,324.24,0.0
T005098,0,0,,,0,,,535.82,0.0
T005099,0,0,,,0,,,159.81,0.0
T005100,0,0,,,0,,,210.23,0.0
T005101,0,0,,,0,,,187.98,0.0
T005102,0,0,,,0,,,329.41,0.0
T005103,0,0,,,0,,,200.68,0.0
T005104,0,0,,,0,,,152.87,0.0
T005105,0,0,,,0,,,157.75,0.0
T005106,0,0,,,0,,,165.47,0.0
T005107,0,0,,,0,,,502.12,0.0
T005108,0,0,,,0,,,248.0,0.0
T005109,0,0,,,0,,,468.91,0.0
T005110,0,0,,,0,,,396.72,0.0
T005111,0,0,,,0,,,344.74,0.0
T005112,0,0,,,0,,,328.64,0.0
T005113,0,0,,,0,,,136.77,0.0
T005114,0,0,,,0,,,313.38,0.0
T005115,0,0,,,0,,,220.35,0.0
T005116,0,0,,,0,,,256.0,0.0
T005117,0,0,,,0,,,238.3,0.0
T005118,0,0,,,0,,,372.96,0.0
T005119,0,0,,,0,,,336.59,0.0
T005120,0,0,,,0,,,434.03,0.0
T005121,0,0,,,0,,,240.09,0.0
T005122,0,0,,,0,,,76.79,0.0
T005123,0,0,,,0,,,173.73,0.0
T005124,0,0,,,0,,,171.4,0.0
T005125,0,0,,,0,,,177.65,0.0
T005126,1,0,,,0,,,0.0,18917.32
T005127,0,0,,,0,,,135.42,0.0
T005128,0,0,,,0,,,265.9,0.0
T005129,0,0,,,0,,,321.64,0.0
T005130,0,0,,,0,,,454.24,0.0
T005131,0,0,,,0,,,216.92,0.0
T005132,1,0,,,0,,,0.0,2389.83
T005133,0,0,,,0,,,272.84,0.0
T005134,0,0,,,0,,,162.2,0.0
T005135,0,0,,,0,,,309.83,0.0
T005136,0,0,,,0,,,161.29,0.0
T005137,0,0,,,0,,,161.94,0.0
T005138,0,0,,,0,,,268.37,0.0
T005139,0,0,,,0,,,240.73,0.0
T005140,0,0,,,0,,,633.9,0.0
T005141,0,0,,,0,,,106.17,0.0
T005142,0,0,,,0,,,195.54,0.0
T005143,0,0,,,0,,,434.34,0.0
T005144,0,0,,,0,,,197.83,0.0
T005145,0,0,,,0,,,189.58,0.0
T005146,0,0,,,0,,,183.78,0.0
T005147,0,0,,,0,,,158.57,0.0
T005148,0,0,,,0,,,159.33,0.0
T005149,0,0,,,0,,,568.53,0.0
T005150,0,0,,,0,,,174.14,0.0
T005151,0,0,,,0,,,316.49,0.0
T005152,0,0,,,0,,,178.39,0.0
T005153,0,0,,,0,,,160.4,0.0
T005154,0,0,,,0,,,185.41,0.0
T005155,0,0,,,0,,,186.86,0.0
T005156,0,0,,,0,,,448.17,0.0
T005157,0,0,,,0,,,172.3,0.0
T005158,0,0,,,0,,,246.27,0.0
T005159,0,0,,,0,,,188.62,0.0
T005160,0,0,,,0,,,339.48,0.0
T005161,0,0,,,0,,,305.48,0.0
T005162,0,0,,,0,,,183.87,0.0
T005163,0,0,,,0,,,157.95,0.0
T005164,0,0,,,0,,,178.76,0.0
T005165,0,0,,,0,,,152.35,0.0
T005166,0,0,,,0,,,191.83,0.0
T005167,0,0,,,0,,,247.28,0.0
T005168,0,0,,,0,,,187.03,0.0
T005169,0,0,,,0,,,274.99,0.0
T005170,0,0,,,0,,,199.63,0.0
T005171,0,0,,,0,,,272.72,0.0
T005172,0,0,,,0,,,366.21,0.0
T005173,0,0,,,0,,,260.16,0.0
T005174,0,0,,,0,,,250.36,0.0
T005175,0,0,,,0,,,237.52,0.0
T005176,0,0,,,0,,,346.04,0.0
T005177,0,0,,,0,,,287.57,0.0
T005178,0,0,,,0,,,426.51,0.0
T005179,0,0,,,0,,,469.69,0.0
T005180,0,0,,,0,,,223.39,0.0
T005181,0,0,,,0,,,344.73,0.0
T005182,1,0,,,0,,,0.0,2876.98
T005183,0,0,,,0,,,442.54,0.0
T005184,0,0,,,0,,,99.04,0.0
T005185,0,0,,,0,,,361.65,0.0
T005186,0,0,,,0,,,180.53,0.0
T005187,0,0,,,0,,,460.34,0.0
T005188,0,0,,,0,,,168.71,0.0
T005189,0,0,,,0,,,210.72,0.0
T005190,0,0,,,0,,,157.2,0.0
T005191,0,0,,,0,,,201.86,0.0
T005192,0,0,,,0,,,168.81,0.0
T005193,0,0,,,0,,,257.26,0.0
T005194,0,0,,,0,,,211.61,0.0
T005195,0,0,,,0,,,205.51,0.0
T005196,0,0,,,0,,,333.36,0.0
T005197,0,0,,,0,,,217.07,0.0
T005198,0,0,,,0,,,292.05,0.0
T005199,0,0,,,0,,,287.08,0.0
T005200,0,0,,,0,,,624.6,0.0
T005201,0,0,,,0,,,225.81,0.0
T005202,0,0,,,0,,,172.62,0.0
T005203,0,0,,,0,,,165.78,0.0
T005204,0,0,,,0,,,356.67,0.0
T005205,0,0,,,0,,,153.3,0.0
T005206,0,0,,,0,,,152.96,0.0
T005207,0,0,,,0,,,159.34,0.0
T005208,0,0,,,0,,,234.47,0.0
T005209,0,0,,,0,,,177.37,0.0
T005210,0,0,,,0,,,704.24,0.0
T005211,0,0,,,0,,,167.35,0.0
T005212,0,0,,,0,,,272.15,0.0
T005213,0,0,,,0,,,198.17,0.0
T005214,0,0,,,0,,,301.62,0.0
T005215,0,0,,,0,,,125.27,0.0
T005216,0,0,,,0,,,276.22,0.0
T005217,0,0,,,0,,,920.48,0.0
T005218,0,0,,,0,,,164.73,0.0
T005219,0,0,,,0,,,200.48,0.0
T005220,0,0,,,0,,,159.98,0.0
T005221,0,0,,,0,,,302.68,0.0
T005222,0,0,,,0,,,190.95,0.0
T005223,0,0,,,0,,,214.33,0.0
T005224,0,0,,,0,,,337.3,0.0
T005225,0,0,,,0,,,152.44,0.0
T005226,0,0,,,0,,,179.69,0.0
T005227,0,0,,,0,,,284.99,0.0
T005228,0,0,,,0,,,239.06,0.0
T005229,0,0,,,0,,,190.08,0.0
T005230,0,0,,,0,,,247.58,0.0
T005231,0,0,,,0,,,144.97,0.0
T005232,0,0,,,0,,,161.6,0.0
T005233,0,0,,,0,,,185.79,0.0
T005234,0,0,,,0,,,159.26,0.0
T005235,0,0,,,0,,,515.94,0.0
T005236,0,0,,,0,,,689.33,0.0
T005237,0,0,,,0,,,207.43,0.0
T005238,0,0,,,0,,,224.42,0.0
T005239,0,0,,,0,,,298.43,0.0
T005240,0,0,,,0,,,281.89,0.0
T005241,0,0,,,0,,,239.65,0.0
T005242,0,0,,,0,,,377.4,0.0
T005243,0,0,,,0,,,161.91,0.0
T005244,0,0,,,0,,,183.26,0.0
T005245,0,0,,,0,,,727.3,0.0
T005246,0,0,,,0,,,160.11,0.0
T005247,0,0,,,0,,,363.82,0.0
T005248,0,0,,,0,,,340.61,0.0
T005249,0,0,,,0,,,313.82,0.0
T005250,0,0,,,0,,,257.56,0.0
T005251,1,0,,,0,,,0.0,1247.4
T005252,0,0,,,0,,,169.49,0.0
T005253,0,0,,,0,,,311.7,0.0
T005254,0,0,,,0,,,112.51,0.0
T005255,1,0,,,0,,,0.0,753.77
T005256,0,0,,,0,,,176.88,0.0
T005257,0,0,,,0,,,371.58,0.0
T005258,0,0,,,0,,,488.99,0.0
T005259,0,0,,,0,,,158.67,0.0
T005260,0,0,,,0,,,620.44,0.0
T005261,0,0,,,0,,,311.91,0.0
T005262,0,0,,,0,,,314.87,0.0
T005263,0,0,,,0,,,155.8,0.0
T005264,0,0,,,0,,,163.28,0.0
T005265,0,0,,,0,,,175.55,0.0
T005266,0,0,,,0,,,179.59,0.0
T005267,0,0,,,0,,,1010.34,0.0
T005268,0,0,,,0,,,881.34,0.0
T005269,0,0,,,0,,,128.38,0.0
T005270,0,0,,,0,,,189.66,0.0
T005271,0,0,,,0,,,344.67,0.0
T005272,0,0,,,0,,,175.17,0.0
T005273,0,0,,,0,,,153.19,0.0
T005274,0,0,,,0,,,560.88,0.0
T005275,0,0,,,0,,,205.58,0.0
T005276,0,0,,,0,,,342.61,0.0
T005277,0,0,,,0,,,192.05,0.0
T005278,0,0,,,0,,,410.77,0.0
T005279,0,0,,,0,,,175.52,0.0
T005280,0,0,,,0,,,242.43,0.0
T005281,0,0,,,0,,,731.29,0.0
T005282,0,0,,,0,,,198.34,0.0
T005283,0,0,,,0,,,151.97,0.0
T005284,0,0,,,0,,,147.95,0.0
T005285,0,0,,,0,,,331.95,0.0
T005286,0,0,,,0,,,735.05,0.0
T005287,0,0,,,0,,,210.23,0.0
T005288,0,0,,,0,,,193.91,0.0
T005289,0,0,,,0,,,303.24,0.0
T005290,0,0,,,0,,,209.7,0.0
T005291,0,0,,,0,,,323.78,0.0
T005292,0,0,,,0,,,500.92,0.0
T005293,0,0,,,0,,,180.25,0.0
T005294,0,0,,,0,,,168.15,0.0
T005295,0,0,,,0,,,174.8,0.0
T005296,0,0,,,0,,,729.62,0.0
T005297,0,0,,,0,,,245.59,0.0
T005298,0,0,,,0,,,246.99,0.0
T005299,0,0,,,0,,,223.82,0.0
T005300,0,0,,,0,,,443.59,0.0
T005301,1,0,,,0,,,0.0,1368.75
T005302,0,0,,,0,,,392.53,0.0
T005303,0,0,,,0,,,158.11,0.0
T005304,0,0,,,0,,,161.93,0.0
T005305,0,0,,,0,,,170.89,0.0
T005306,0,0,,,0,,,261.03,0.0
T005307,0,0,,,0,,,312.91,0.0
T005308,0,0,,,0,,,157.5,0.0
T005309,0,0,,,0,,,254.14,0.0
T005310,0,0,,,0,,,151.55,0.0
T005311,0,0,,,0,,,175.8,0.0
T005312,0,0,,,0,,,206.1,0.0
T005313,0,0,,,0,,,191.34,0.0
T005314,0,0,,,0,,,229.9,0.0
T005315,0,0,,,0,,,178.39,0.0
T005316,0,0,,,0,,,187.97,0.0
T005317,0,0,,,0,,,195.94,0.0
T005318,0,0,,,0,,,95.44,0.0
T005319,0,0,,,0,,,220.77,0.0
T005320,0,0,,,0,,,163.07,0.0
T005321,0,0,,,0,,,266.09,0.0
T005322,0,0,,,0,,,1446.75,0.0
T005323,0,0,,,0,,,201.21,0.0
T005324,0,0,,,0,,,159.72,0.0
T005325,0,0,,,0,,,126.22,0.0
T005326,0,0,,,0,,,219.83,0.0
T005327,0,0,,,0,,,206.59,0.0
T005328,0,0,,,0,,,289.45,0.0
T005329,0,0,,,0,,,180.52,0.0
T005330,0,0,,,0,,,254.7,0.0
T005331,0,0,,,0,,,819.72,0.0
T005332,0,0,,,0,,,233.01,0.0
T005333,0,0,,,0,,,159.79,0.0
T005334,0,0,,,0,,,306.11,0.0
T005335,0,0,,,0,,,189.24,0.0
T005336,1,0,,,0,,,0.0,189.75
T005337,0,0,,,0,,,368.63,0.0
T005338,0,0,,,0,,,302.42,0.0
T005339,0,0,,,0,,,179.45,0.0
T005340,0,0,,,0,,,199.3,0.0
T005341,0,0,,,0,,,152.2,0.0
T005342,0,0,,,0,,,164.62,0.0
T005343,0,0,,,0,,,488.08,0.0
T005344,0,0,,,0,,,227.48,0.0
T005345,0,0,,,0,,,184.78,0.0
T005346,0,0,,,0,,,117.82,0.0
T005347,0,0,,,0,,,157.17,0.0
T005348,0,0,,,0,,,263.92,0.0
T005349,0,0,,,0,,,207.09,0.0
T005350,0,0,,,0,,,164.5,0.0
T005351,1,0,,,0,,,0.0,1692.94
T005352,0,0,,,0,,,209.85,0.0
T005353,0,0,,,0,,,341.88,0.0
T005354,0,0,,,0,,,287.52,0.0
T005355,0,0,,,0,,,170.31,0.0
T005356,0,0,,,0,,,172.92,0.0
T005357,0,0,,,0,,,196.0,0.0
T005358,0,0,,,0,,,158.98,0.0
T005359,0,0,,,0,,,162.8,0.0
T005360,0,0,,,0,,,279.36,0.0
T005361,0,0,,,0,,,230.06,0.0
T005362,0,0,,,0,,,175.75,0.0
T005363,0,0,,,0,,,369.15,0.0
T005364,0,0,,,0,,,401.81,0.0
T005365,0,0,,,0,,,860.87,0.0
T005366,0,0,,,0,,,236.53,0.0
T005367,0,0,,,0,,,133.13,0.0
T005368,0,0,,,0,,,163.16,0.0
T005369,0,0,,,0,,,203.25,0.0
T005370,0,0,,,0,,,475.42,0.0
T005371,0,0,,,0,,,361.04,0.0
T005372,0,0,,,0,,,261.91,0.0
T005373,0,0,,,0,,,240.98,0.0
T005374,0,0,,,0,,,121.21,0.0
T005375,0,0,,,0,,,196.11,0.0
T005376,0,0,,,0,,,164.78,0.0
T005377,0,0,,,0,,,254.73,0.0
T005378,0,0,,,0,,,236.13,0.0
T005379,0,0,,,0,,,161.56,0.0
T005380,0,0,,,0,,,195.35,0.0
T005381,0,0,,,0,,,322.47,0.0
T005382,0,0,,,0,,,428.43,0.0
T005383,0,0,,,0,,,178.04,0.0
T005384,0,0,,,0,,,164.78,0.0
T005385,0,0,,,0,,,288.71,0.0
T005386,0,0,,,0,,,229.43,0.0
T005387,0,0,,,0,,,219.04,0.0
T005388,0,0,,,0,,,241.81,0.0
T005389,0,0,,,0,,,169.1,0.0
T005390,0,0,,,0,,,258.95,0.0
T005391,0,0,,,0,,,128.98,0.0
T005392,0,0,,,0,,,366.96,0.0
T005393,0,0,,,0,,,398.15,0.0
T005394,0,0,,,0,,,157.21,0.0
T005395,0,0,,,0,,,211.02,0.0
T005396,0,0,,,0,,,121.09,0.0
T005397,0,0,,,0,,,230.87,0.0
T005398,0,0,,,0,,,279.23,0.0
T005399,0,0,,,0,,,212.65,0.0
T005400,0,0,,,0,,,169.36,0.0
T005401,0,0,,,0,,,180.82,0.0
T005402,0,0,,,0,,,150.57,0.0
T005403,0,0,,,0,,,678.83,0.0
T005404,0,0,,,0,,,270.49,0.0
T005405,0,0,,,0,,,168.84,0.0
T005406,0,0,,,0,,,194.77,0.0
T005407,0,0,,,0,,,281.6,0.0
T005408,0,0,,,0,,,428.07,0.0
T005409,0,0,,,0,,,364.7,0.0
T005410,0,0,,,0,,,461.5,0.0
T005411,1,0,,,0,,,0.0,5455.63
T005412,0,0,,,0,,,1007.95,0.0
T005413,0,0,,,0,,,169.46,0.0
T005414,0,0,,,0,,,168.87,0.0
T005415,0,0,,,0,,,163.07,0.0
T005416,0,0,,,0,,,277.56,0.0
T005417,0,0,,,0,,,237.55,0.0
T005418,0,0,,,0,,,360.98,0.0
T005419,0,0,,,0,,,879.62,0.0
T005420,0,0,,,0,,,236.85,0.0
T005421,0,0,,,0,,,172.01,0.0
T005422,0,0,,,0,,,154.68,0.0
T005423,0,0,,,0,,,176.06,0.0
T005424,0,0,,,0,,,64.82,0.0
T005425,0,0,,,0,,,214.67,0.0
T005426,0,0,,,0,,,236.21,0.0
T005427,0,0,,,0,,,65.32,0.0
T005428,0,0,,,0,,,240.85,0.0
T005429,0,0,,,0,,,178.38,0.0
T005430,0,0,,,0,,,414.68,0.0
T005431,0,0,,,0,,,151.22,0.0
T005432,0,0,,,0,,,283.21,0.0
T005433,0,0,,,0,,,209.7,0.0
T005434,0,0,,,0,,,257.84,0.0
T005435,0,0,,,0,,,336.23,0.0
T005436,0,0,,,0,,,227.05,0.0
T005437,0,0,,,0,,,256.09,0.0
T005438,0,0,,,0,,,301.4,0.0
T005439,0,0,,,0,,,278.82,0.0
T005440,0,0,,,0,,,173.11,0.0
T005441,0,0,,,0,,,1039.94,0.0
T005442,0,0,,,0,,,678.61,0.0
T005443,0,0,,,0,,,170.45,0.0
T005444,0,0,,,0,,,108.15,0.0
T005445,0,0,,,0,,,222.98,0.0
T005446,0,0,,,0,,,166.13,0.0
T005447,0,0,,,0,,,632.94,0.0
T005448,0,0,,,0,,,185.5,0.0
T005449,0,0,,,0,,,455.79,0.0
T005450,0,0,,,0,,,80.34,0.0
T005451,0,0,,,0,,,97.11,0.0
T005452,0,0,,,0,,,171.5,0.0
T005453,1,0,,,0,,,0.0,730.51
T005454,0,0,,,0,,,348.37,0.0
T005455,0,0,,,0,,,236.91,0.0
T005456,0,0,,,0,,,248.38,0.0
T005457,0,0,,,0,,,171.51,0.0
T005458,0,0,,,0,,,361.02,0.0
T005459,0,0,,,0,,,153.62,0.0
T005460,0,0,,,0,,,201.05,0.0
T005461,0,0,,,0,,,186.5,0.0
T005462,0,0,,,0,,,170.9,0.0
T005463,0,0,,,0,,,194.93,0.0
T005464,0,0,,,0,,,173.33,0.0
T005465,0,0,,,0,,,456.7,0.0
T005466,0,0,,,0,,,110.36,0.0
T005467,0,0,,,0,,,332.83,0.0
T005468,0,0,,,0,,,252.44,0.0
T005469,0,0,,,0,,,194.1,0.0
T005470,0,0,,,0,,,196.28,0.0
T005471,0,0,,,0,,,294.58,0.0
T005472,0,0,,,0,,,283.98,0.0
T005473,0,0,,,0,,,74.89,0.0
T005474,1,0,,,0,,,0.0,1182.39
T005475,0,0,,,0,,,222.75,0.0
T005476,0,0,,,0,,,297.66,0.0
T005477,0,0,,,0,,,245.63,0.0
T005478,0,0,,,0,,,228.64,0.0
T005479,0,0,,,0,,,261.87,0.0
T005480,0,0,,,0,,,281.47,0.0
T005481,0,0,,,0,,,283.78,0.0
T005482,0,0,,,0,,,564.1,0.0
T005483,0,0,,,0,,,150.19,0.0
T005484,0,0,,,0,,,220.39,0.0
T005485,0,0,,,0,,,233.66,0.0
T005486,0,0,,,0,,,883.08,0.0
T005487,0,0,,,0,,,172.59,0.0
T005488,0,0,,,0,,,674.24,0.0
T005489,0,0,,,0,,,53.39,0.0
T005490,0,0,,,0,,,203.44,0.0
T005491,0,0,,,0,,,228.52,0.0
T005492,0,0,,,0,,,185.67,0.0
T005493,0,0,,,0,,,201.84,0.0
T005494,0,0,,,0,,,197.01,0.0
T005495,0,0,,,0,,,229.99,0.0
T005496,0,0,,,0,,,218.71,0.0
T005497,0,0,,,0,,,531.15,0.0
T005498,0,0,,,0,,,166.45,0.0
T005499,0,0,,,0,,,285.53,0.0
T005500,0,0,,,0,,,76.63,0.0
T005501,0,0,,,0,,,140.08,0.0
T005502,0,0,,,0,,,168.02,0.0
T005503,0,0,,,0,,,184.25,0.0
T005504,0,0,,,0,,,159.17,0.0
T005505,0,0,,,0,,,251.4,0.0
T005506,0,0,,,0,,,170.5,0.0
T005507,0,0,,,0,,,163.86,0.0
T005508,0,0,,,0,,,157.94,0.0
T005509,0,0,,,0,,,174.79,0.0
T005510,0,0,,,0,,,1072.05,0.0
T005511,0,0,,,0,,,500.91,0.0
T005512,0,0,,,0,,,715.45,0.0
T005513,0,0,,,0,,,267.17,0.0
T005514,0,0,,,0,,,482.67,0.0
T005515,0,0,,,0,,,208.54,0.0
T005516,0,0,,,0,,,270.36,0.0
T005517,0,0,,,0,,,444.59,0.0
T005518,0,0,,,0,,,132.52,0.0
T005519,0,0,,,0,,,148.5,0.0
T005520,0,0,,,0,,,214.67,0.0
T005521,0,0,,,0,,,105.32,0.0
T005522,0,0,,,0,,,431.7,0.0
T005523,0,0,,,0,,,262.76,0.0
T005524,0,0,,,0,,,370.09,0.0
T005525,0,0,,,0,,,355.52,0.0
T005526,0,0,,,0,,,162.17,0.0
T005527,0,0,,,0,,,116.16,0.0
T005528,0,0,,,0,,,427.36,0.0
T005529,0,0,,,0,,,167.35,0.0
T005530,0,0,,,0,,,314.33,0.0
T005531,0,0,,,0,,,311.08,0.0
T005532,0,0,,,0,,,203.85,0.0
T005533,0,0,,,0,,,172.13,0.0
T005534,0,0,,,0,,,153.94,0.0
T005535,0,0,,,0,,,121.54,0.0
T005536,0,0,,,0,,,184.11,0.0
T005537,0,0,,,0,,,960.8,0.0
T005538,0,0,,,0,,,184.94,0.0
T005539,0,0,,,0,,,181.49,0.0
T005540,0,0,,,0,,,201.12,0.0
T005541,0,0,,,0,,,199.3,0.0
T005542,0,0,,,0,,,260.27,0.0
T005543,0,0,,,0,,,99.63,0.0
T005544,0,0,,,0,,,180.37,0.0
T005545,0,0,,,0,,,209.46,0.0
T005546,0,0,,,0,,,182.89,0.0
T005547,0,0,,,0,,,239.35,0.0
T005548,0,0,,,0,,,193.27,0.0
T005549,0,0,,,0,,,168.03,0.0
T005550,0,0,,,0,,,330.14,0.0
T005551,0,0,,,0,,,161.44,0.0
T005552,0,0,,,0,,,111.8,0.0
T005553,0,0,,,0,,,223.51,0.0
T005554,0,0,,,0,,,526.69,0.0
T005555,0,0,,,0,,,440.7,0.0
T005556,0,0,,,0,,,214.26,0.0
T005557,0,0,,,0,,,168.33,0.0
T005558,0,0,,,0,,,216.35,0.0
T005559,0,0,,,0,,,169.06,0.0
T005560,0,0,,,0,,,170.24,0.0
T005561,0,0,,,0,,,279.13,0.0
T005562,0,0,,,0,,,151.64,0.0
T005563,0,0,,,0,,,314.71,0.0
T005564,0,0,,,0,,,231.54,0.0
T005565,0,0,,,0,,,190.98,0.0
T005566,0,0,,,0,,,232.5,0.0
T005567,0,0,,,0,,,274.65,0.0
T005568,0,0,,,0,,,180.69,0.0
T005569,0,0,,,0,,,176.18,0.0
T005570,0,0,,,0,,,326.14,0.0
T005571,0,0,,,0,,,341.09,0.0
T005572,0,0,,,0,,,251.24,0.0
T005573,0,0,,,0,,,320.12,0.0
T005574,0,0,,,0,,,217.93,0.0
T005575,0,0,,,0,,,247.12,0.0
T005576,0,0,,,0,,,239.75,0.0
T005577,0,0,,,0,,,172.73,0.0
T005578,0,0,,,0,,,717.48,0.0
T005579,0,0,,,0,,,659.62,0.0
T005580,0,0,,,0,,,463.26,0.0
T005581,0,0,,,0,,,151.25,0.0
T005582,0,0,,,0,,,137.36,0.0
T005583,0,0,,,0,,,159.4,0.0
T005584,0,0,,,0,,,150.37,0.0
T005585,0,0,,,0,,,174.45,0.0
T005586,0,0,,,0,,,258.66,0.0
T005587,0,0,,,0,,,186.2,0.0
T005588,0,0,,,0,,,183.22,0.0
T005589,0,0,,,0,,,362.57,0.0
T005590,0,0,,,0,,,199.56,0.0
T005591,0,0,,,0,,,333.75,0.0
T005592,0,0,,,0,,,327.63,0.0
T005593,0,0,,,0,,,133.28,0.0
T005594,0,0,,,0,,,162.86,0.0
T005595,0,0,,,0,,,165.05,0.0
T005596,0,0,,,0,,,338.61,0.0
T005597,0,0,,,0,,,208.32,0.0
T005598,0,0,,,0,,,135.4,0.0
T005599,0,0,,,0,,,565.38,0.0
T005600,0,0,,,0,,,251.73,0.0
T005601,0,0,,,0,,,155.73,0.0
T005602,0,0,,,0,,,208.44,0.0
T005603,0,0,,,0,,,227.56,0.0
T005604,0,0,,,0,,,118.02,0.0
T005605,0,0,,,0,,,292.26,0.0
T005606,0,0,,,0,,,403.83,0.0
T005607,0,0,,,0,,,416.82,0.0
T005608,0,0,,,0,,,183.18,0.0
T005609,0,0,,,0,,,291.5,0.0
T005610,0,0,,,0,,,319.59,0.0
T005611,0,0,,,0,,,155.34,0.0
T005612,0,0,,,0,,,251.66,0.0
T005613,0,0,,,0,,,157.97,0.0
T005614,0,0,,,0,,,229.52,0.0
T005615,0,0,,,0,,,177.86,0.0
T005616,0,0,,,0,,,110.9,0.0
T005617,0,0,,,0,,,339.4,0.0
T005618,0,0,,,0,,,272.55,0.0
T005619,0,0,,,0,,,143.87,0.0
T005620,0,0,,,0,,,211.69,0.0
T005621,0,0,,,0,,,173.56,0.0
T005622,0,0,,,0,,,235.39,0.0
T005623,0,0,,,0,,,193.1,0.0
T005624,0,0,,,0,,,227.55,0.0
T005625,0,0,,,0,,,125.33,0.0
T005626,0,0,,,0,,,182.49,0.0
T005627,0,0,,,0,,,201.47,0.0
T005628,0,0,,,0,,,300.76,0.0
T005629,0,0,,,0,,,152.62,0.0
T005630,0,0,,,0,,,388.46,0.0
T005631,0,0,,,0,,,236.35,0.0
T005632,0,0,,,0,,,163.34,0.0
T005633,0,0,,,0,,,230.78,0.0
T005634,0,0,,,0,,,245.06,0.0
T005635,0,0,,,0,,,181.63,0.0
T005636,0,0,,,0,,,243.7,0.0
T005637,0,0,,,0,,,251.85,0.0
T005638,0,0,,,0,,,203.8,0.0
T005639,0,0,,,0,,,150.37,0.0
T005640,1,0,,,0,,,0.0,838.65
T005641,1,0,,,0,,,0.0,3055.85
T005642,0,0,,,0,,,223.68,0.0
T005643,0,0,,,0,,,194.93,0.0
T005644,0,0,,,0,,,288.34,0.0
T005645,0,0,,,0,,,245.25,0.0
T005646,0,0,,,0,,,242.14,0.0
T005647,0,0,,,0,,,164.46,0.0
T005648,0,0,,,0,,,154.78,0.0
T005649,0,0,,,0,,,144.13,0.0
T005650,0,0,,,0,,,267.59,0.0
T005651,0,0,,,0,,,314.53,0.0
T005652,0,0,,,0,,,225.32,0.0
T005653,0,0,,,0,,,178.1,0.0
T005654,0,0,,,0,,,541.08,0.0
T005655,0,0,,,0,,,194.18,0.0
T005656,0,0,,,0,,,204.46,0.0
T005657,0,0,,,0,,,201.64,0.0
T005658,0,0,,,0,,,511.39,0.0
T005659,0,0,,,0,,,217.77,0.0
T005660,0,0,,,0,,,186.77,0.0
T005661,0,0,,,0,,,170.24,0.0
T005662,0,0,,,0,,,204.96,0.0
T005663,0,0,,,0,,,527.82,0.0
T005664,0,0,,,0,,,294.08,0.0
T005665,0,0,,,0,,,354.11,0.0
T005666,0,0,,,0,,,141.02,0.0
T005667,0,0,,,0,,,280.79,0.0
T005668,0,0,,,0,,,159.78,0.0
T005669,0,0,,,0,,,159.18,0.0
T005670,0,0,,,0,,,179.11,0.0
T005671,0,0,,,0,,,227.99,0.0
T005672,0,0,,,0,,,183.36,0.0
T005673,0,0,,,0,,,261.98,0.0
T005674,0,0,,,0,,,270.15,0.0
T005675,0,0,,,0,,,261.19,0.0
T005676,0,0,,,0,,,219.47,0.0
T005677,0,0,,,0,,,310.19,0.0
T005678,1,0,,,0,,,0.0,684.69
T005679,0,0,,,0,,,354.03,0.0
T005680,0,0,,,0,,,165.25,0.0
T005681,0,0,,,0,,,171.28,0.0
T005682,0,0,,,0,,,259.99,0.0
T005683,0,0,,,0,,,385.09,0.0
T005684,0,0,,,0,,,204.94,0.0
T005685,0,0,,,0,,,265.89,0.0
T005686,0,0,,,0,,,265.21,0.0
T005687,0,0,,,0,,,126.93,0.0
T005688,0,0,,,0,,,160.14,0.0
T005689,0,0,,,0,,,243.86,0.0
T005690,0,0,,,0,,,203.77,0.0
T005691,0,0,,,0,,,169.6,0.0
T005692,0,0,,,0,,,243.24,0.0
T005693,0,0,,,0,,,325.02,0.0
T005694,0,0,,,0,,,156.69,0.0
T005695,0,0,,,0,,,189.52,0.0
T005696,0,0,,,0,,,268.04,0.0
T005697,0,0,,,0,,,318.0,0.0
T005698,0,0,,,0,,,185.79,0.0
T005699,0,0,,,0,,,305.04,0.0
T005700,0,0,,,0,,,399.72,0.0
T005701,0,0,,,0,,,238.4,0.0
T005702,0,0,,,0,,,244.05,0.0
T005703,0,0,,,0,,,242.31,0.0
T005704,0,0,,,0,,,207.97,0.0
T005705,0,0,,,0,,,86.53,0.0
T005706,0,0,,,0,,,581.69,0.0
T005707,0,0,,,0,,,157.45,0.0
T005708,0,0,,,0,,,184.21,0.0
T005709,0,0,,,0,,,170.72,0.0
T005710,0,0,,,0,,,230.18,0.0
T005711,0,0,,,0,,,171.13,0.0
T005712,0,0,,,0,,,274.76,0.0
T005713,0,0,,,0,,,178.05,0.0
T005714,0,0,,,0,,,669.92,0.0
T005715,0,0,,,0,,,143.96,0.0
T005716,0,0,,,0,,,187.25,0.0
T005717,0,0,,,0,,,386.84,0.0
T005718,0,0,,,0,,,397.37,0.0
T005719,0,0,,,0,,,334.94,0.0
T005720,0,0,,,0,,,165.01,0.0
T005721,0,0,,,0,,,207.79,0.0
T005722,0,0,,,0,,,294.16,0.0
T005723,0,0,,,0,,,262.8,0.0
T005724,0,0,,,0,,,169.62,0.0
T005725,0,0,,,0,,,389.45,0.0
T005726,0,0,,,0,,,293.53,0.0
T005727,0,0,,,0,,,414.52,0.0
T005728,0,0,,,0,,,171.84,0.0
T005729,0,0,,,0,,,350.41,0.0
T005730,0,0,,,0,,,245.74,0.0
T005731,0,0,,,0,,,212.23,0.0
T005732,0,0,,,0,,,351.38,0.0
T005733,0,0,,,0,,,258.95,0.0
T005734,0,0,,,0,,,236.66,0.0
T005735,0,0,,,0,,,171.65,0.0
T005736,0,0,,,0,,,90.19,0.0
T005737,0,0,,,0,,,805.16,0.0
T005738,0,0,,,0,,,188.17,0.0
T005739,0,0,,,0,,,249.1,0.0
T005740,0,0,,,0,,,212.24,0.0
T005741,0,0,,,0,,,165.33,0.0
T005742,0,0,,,0,,,187.03,0.0
T005743,0,0,,,0,,,150.18,0.0
T005744,0,0,,,0,,,178.73,0.0
T005745,0,0,,,0,,,111.63,0.0
T005746,0,0,,,0,,,206.31,0.0
T005747,0,0,,,0,,,366.07,0.0
T005748,0,0,,,0,,,559.93,0.0
T005749,0,0,,,0,,,204.1,0.0
T005750,0,0,,,0,,,208.16,0.0
T005751,0,0,,,0,,,218.59,0.0
T005752,0,0,,,0,,,87.35,0.0
T005753,0,0,,,0,,,288.35,0.0
T005754,0,0,,,0,,,192.3,0.0
T005755,0,0,,,0,,,546.37,0.0
T005756,0,0,,,0,,,195.22,0.0
T005757,0,0,,,0,,,251.33,0.0
T005758,0,0,,,0,,,167.75,0.0
T005759,0,0,,,0,,,375.09,0.0
T005760,0,0,,,0,,,184.45,0.0
T005761,1,0,,,0,,,0.0,4678.48
T005762,0,0,,,0,,,186.26,0.0
T005763,0,0,,,0,,,129.74,0.0
T005764,0,0,,,0,,,431.91,0.0
T005765,0,0,,,0,,,309.73,0.0
T005766,0,0,,,0,,,1062.63,0.0
T005767,0,0,,,0,,,153.33,0.0
T005768,0,0,,,0,,,164.17,0.0
T005769,0,0,,,0,,,169.55,0.0
T005770,0,0,,,0,,,167.68,0.0
T005771,0,0,,,0,,,72.25,0.0
T005772,0,0,,,0,,,249.7,0.0
T005773,0,0,,,0,,,341.32,0.0
T005774,0,0,,,0,,,324.6,0.0
T005775,0,0,,,0,,,244.89,0.0
T005776,0,0,,,0,,,162.62,0.0
T005777,0,0,,,0,,,135.09,0.0
T005778,0,0,,,0,,,830.08,0.0
T005779,0,0,,,0,,,187.2,0.0
T005780,0,0,,,0,,,181.2,0.0
T005781,0,0,,,0,,,169.48,0.0
T005782,0,0,,,0,,,217.83,0.0
T005783,0,0,,,0,,,392.72,0.0
T005784,0,0,,,0,,,211.56,0.0
T005785,0,0,,,0,,,182.42,0.0
T005786,0,0,,,0,,,176.72,0.0
T005787,0,0,,,0,,,243.8,0.0
T005788,0,0,,,0,,,153.34,0.0
T005789,0,0,,,0,,,435.65,0.0
T005790,0,0,,,0,,,186.73,0.0
T005791,0,0,,,0,,,175.08,0.0
T005792,0,0,,,0,,,157.83,0.0
T005793,0,0,,,0,,,159.67,0.0
T005794,0,0,,,0,,,158.36,0.0
T005795,0,0,,,0,,,191.15,0.0
T005796,0,0,,,0,,,163.18,0.0
T005797,0,0,,,0,,,116.29,0.0
T005798,0,0,,,0,,,162.57,0.0
T005799,0,0,,,0,,,160.07,0.0
T005800,0,0,,,0,,,371.66,0.0
T005801,0,0,,,0,,,406.18,0.0
T005802,0,0,,,0,,,271.6,0.0
T005803,0,0,,,0,,,175.6,0.0
T005804,0,0,,,0,,,434.41,0.0
T005805,0,0,,,0,,,215.26,0.0
T005806,0,0,,,0,,,164.22,0.0
T005807,0,0,,,0,,,272.32,0.0
T005808,0,0,,,0,,,327.55,0.0
T005809,0,0,,,0,,,178.23,0.0
T005810,0,0,,,0,,,213.34,0.0
T005811,0,0,,,0,,,213.04,0.0
T005812,0,0,,,0,,,224.25,0.0
T005813,0,0,,,0,,,463.02,0.0
T005814,0,0,,,0,,,485.59,0.0
T005815,0,0,,,0,,,195.91,0.0
T005816,0,0,,,0,,,254.99,0.0
T005817,0,0,,,0,,,358.42,0.0
T005818,0,0,,,0,,,191.42,0.0
T005819,0,0,,,0,,,202.99,0.0
T005820,0,0,,,0,,,192.98,0.0
T005821,0,0,,,0,,,160.58,0.0
T005822,0,0,,,0,,,262.23,0.0
T005823,0,0,,,0,,,293.92,0.0
T005824,0,0,,,0,,,280.75,0.0
T005825,0,0,,,0,,,214.78,0.0
T005826,0,0,,,0,,,212.14,0.0
T005827,0,0,,,0,,,252.56,0.0
T005828,0,0,,,0,,,193.3,0.0
T005829,0,0,,,0,,,305.83,0.0
T005830,0,0,,,0,,,255.6,0.0
T005831,0,0,,,0,,,384.57,0.0
T005832,0,0,,,0,,,192.87,0.0
T005833,0,0,,,0,,,227.22,0.0
T005834,0,0,,,0,,,215.81,0.0
T005835,0,0,,,0,,,290.91,0.0
T005836,0,0,,,0,,,175.85,0.0
T005837,0,0,,,0,,,171.71,0.0
T005838,0,0,,,0,,,136.04,0.0
T005839,0,0,,,0,,,141.53,0.0
T005840,0,0,,,0,,,210.5,0.0
T005841,0,0,,,0,,,341.14,0.0
T005842,0,0,,,0,,,130.26,0.0
T005843,0,0,,,0,,,277.97,0.0
T005844,0,0,,,0,,,175.52,0.0
T005845,0,0,,,0,,,99.49,0.0
T005846,0,0,,,0,,,295.19,0.0
T005847,0,0,,,0,,,2500.0,0.0
T005848,0,0,,,0,,,222.59,0.0
T005849,0,0,,,0,,,198.14,0.0
T005850,0,0,,,0,,,166.54,0.0
T005851,0,0,,,0,,,295.64,0.0
T005852,0,0,,,0,,,325.67,0.0
T005853,0,0,,,0,,,230.89,0.0
T005854,0,0,,,0,,,273.07,0.0
T005855,0,0,,,0,,,195.29,0.0
T005856,0,0,,,0,,,548.59,0.0
T005857,0,0,,,0,,,985.69,0.0
T005858,0,0,,,0,,,186.21,0.0
T005859,0,0,,,0,,,485.75,0.0
T005860,0,0,,,0,,,420.83,0.0
T005861,0,0,,,0,,,154.97,0.0
T005862,0,0,,,0,,,272.54,0.0
T005863,0,0,,,0,,,192.9,0.0
T005864,0,0,,,0,,,232.79,0.0
T005865,0,0,,,0,,,576.48,0.0
T005866,0,0,,,0,,,204.35,0.0
T005867,0,0,,,0,,,163.93,0.0
T005868,0,0,,,0,,,196.4,0.0
T005869,0,0,,,0,,,339.71,0.0
T005870,0,0,,,0,,,386.32,0.0
T005871,0,0,,,0,,,153.57,0.0
T005872,0,0,,,0,,,1015.05,0.0
T005873,0,0,,,0,,,932.69,0.0
T005874,0,0,,,0,,,163.94,0.0
T005875,0,0,,,0,,,180.48,0.0
T005876,0,0,,,0,,,192.35,0.0
T005877,0,0,,,0,,,336.05,0.0
T005878,0,0,,,0,,,160.14,0.0
T005879,0,0,,,0,,,346.43,0.0
T005880,0,0,,,0,,,179.02,0.0
T005881,0,0,,,0,,,170.92,0.0
T005882,0,0,,,0,,,227.32,0.0
T005883,0,0,,,0,,,269.4,0.0
T005884,0,0,,,0,,,257.12,0.0
T005885,0,0,,,0,,,293.26,0.0
T005886,0,0,,,0,,,210.02,0.0
T005887,0,0,,,0,,,110.24,0.0
T005888,0,0,,,0,,,290.42,0.0
T005889,0,0,,,0,,,185.14,0.0
T005890,0,0,,,0,,,287.5,0.0
T005891,0,0,,,0,,,165.55,0.0
T005892,0,0,,,0,,,287.93,0.0
T005893,0,0,,,0,,,284.25,0.0
T005894,0,0,,,0,,,531.97,0.0
T005895,0,0,,,0,,,161.38,0.0
T005896,0,0,,,0,,,189.5,0.0
T005897,0,0,,,0,,,292.56,0.0
T005898,0,0,,,0,,,227.01,0.0
T005899,0,0,,,0,,,302.04,0.0
T005900,0,0,,,0,,,182.98,0.0
T005901,0,0,,,0,,,207.03,0.0
T005902,0,0,,,0,,,157.89,0.0
T005903,0,0,,,0,,,173.08,0.0
T005904,0,0,,,0,,,172.06,0.0
T005905,0,0,,,0,,,289.08,0.0
T005906,0,0,,,0,,,124.88,0.0
T005907,0,0,,,0,,,199.66,0.0
T005908,0,0,,,0,,,412.38,0.0
T005909,0,0,,,0,,,367.48,0.0
T005910,0,0,,,0,,,162.84,0.0
T005911,0,0,,,0,,,456.86,0.0
T005912,0,0,,,0,,,949.7,0.0
T005913,0,0,,,0,,,156.07,0.0
T005914,0,0,,,0,,,211.55,0.0
T005915,0,0,,,0,,,187.47,0.0
T005916,0,0,,,0,,,70.91,0.0
T005917,0,0,,,0,,,207.76,0.0
T005918,0,0,,,0,,,108.57,0.0
T005919,0,0,,,0,,,206.36,0.0
T005920,0,0,,,0,,,171.28,0.0
T005921,0,0,,,0,,,185.55,0.0
T005922,0,0,,,0,,,159.76,0.0
T005923,0,0,,,0,,,176.9,0.0
T005924,0,0,,,0,,,371.56,0.0
T005925,0,0,,,0,,,184.76,0.0
T005926,0,0,,,0,,,163.01,0.0
T005927,0,0,,,0,,,222.52,0.0
T005928,0,0,,,0,,,139.93,0.0
T005929,0,0,,,0,,,368.4,0.0
T005930,0,0,,,0,,,174.11,0.0
T005931,0,0,,,0,,,188.58,0.0
T005932,0,0,,,0,,,293.62,0.0
T005933,0,0,,,0,,,227.42,0.0
T005934,0,0,,,0,,,631.97,0.0
T005935,0,0,,,0,,,196.35,0.0
T005936,0,0,,,0,,,184.45,0.0
T005937,0,0,,,0,,,165.07,0.0
T005938,0,0,,,0,,,550.34,0.0
T005939,0,0,,,0,,,294.78,0.0
T005940,0,0,,,0,,,141.1,0.0
T005941,0,0,,,0,,,162.0,0.0
T005942,0,0,,,0,,,155.85,0.0
T005943,0,0,,,0,,,568.84,0.0
T005944,0,0,,,0,,,176.89,0.0
T005945,0,0,,,0,,,255.34,0.0
T005946,0,0,,,0,,,223.54,0.0
T005947,0,0,,,0,,,301.71,0.0
T005948,0,0,,,0,,,199.5,0.0
T005949,0,0,,,0,,,274.35,0.0
T005950,0,0,,,0,,,410.44,0.0
T005951,0,0,,,0,,,96.03,0.0
T005952,0,0,,,0,,,223.21,0.0
T005953,0,0,,,0,,,590.76,0.0
T005954,0,0,,,0,,,174.68,0.0
T005955,0,0,,,0,,,154.11,0.0
T005956,0,0,,,0,,,157.8,0.0
T005957,0,0,,,0,,,177.33,0.0
T005958,0,0,,,0,,,177.38,0.0
T005959,0,0,,,0,,,217.08,0.0
T005960,0,0,,,0,,,195.75,0.0
T005961,0,0,,,0,,,156.27,0.0
T005962,0,0,,,0,,,742.91,0.0
T005963,0,0,,,0,,,505.84,0.0
T005964,0,0,,,0,,,173.53,0.0
T005965,0,0,,,0,,,253.07,0.0
T005966,0,0,,,0,,,456.02,0.0
T005967,0,0,,,0,,,188.68,0.0
T005968,0,0,,,0,,,163.97,0.0
T005969,0,0,,,0,,,340.74,0.0
T005970,0,0,,,0,,,162.89,0.0
T005971,0,0,,,0,,,120.14,0.0
T005972,0,0,,,0,,,193.35,0.0
T005973,0,0,,,0,,,411.98,0.0
T005974,0,0,,,0,,,267.71,0.0
T005975,0,0,,,0,,,275.09,0.0
T005976,0,0,,,0,,,125.3,0.0
T005977,0,0,,,0,,,185.62,0.0
T005978,1,0,,,0,,,0.0,2738.57
T005979,0,0,,,0,,,212.71,0.0
T005980,0,0,,,0,,,211.3,0.0
T005981,0,0,,,0,,,180.17,0.0
T005982,0,0,,,0,,,376.12,0.0
T005983,0,0,,,0,,,175.14,0.0
T005984,0,0,,,0,,,798.35,0.0
T005985,0,0,,,0,,,152.48,0.0
T005986,0,0,,,0,,,509.78,0.0
T005987,0,0,,,0,,,178.11,0.0
T005988,0,0,,,0,,,347.99,0.0
T005989,0,0,,,0,,,234.82,0.0
T005990,0,0,,,0,,,594.67,0.0
T005991,0,0,,,0,,,237.63,0.0
T005992,0,0,,,0,,,481.96,0.0
T005993,0,0,,,0,,,216.92,0.0
T005994,0,0,,,0,,,303.71,0.0
T005995,0,0,,,0,,,171.0,0.0
T005996,0,0,,,0,,,225.55,0.0
T005997,0,0,,,0,,,171.0,0.0
T005998,0,0,,,0,,,276.36,0.0
T005999,0,0,,,0,,,169.81,0.0
T006000,0,0,,,0,,,247.21,0.0
T006001,0,0,,,0,,,333.54,0.0
T006002,0,0,,,0,,,293.47,0.0
T006003,0,0,,,0,,,362.65,0.0
T006004,0,0,,,0,,,341.19,0.0
T006005,0,0,,,0,,,155.51,0.0
T006006,0,0,,,0,,,234.72,0.0
T006007,0,0,,,0,,,170.3,0.0
T006008,0,0,,,0,,,153.02,0.0
T006009,0,0,,,0,,,725.7,0.0
T006010,0,0,,,0,,,274.51,0.0
T006011,0,0,,,0,,,355.52,0.0
T006012,0,0,,,0,,,253.62,0.0
T006013,0,0,,,0,,,220.81,0.0
T006014,0,0,,,0,,,2500.0,0.0
T006015,0,0,,,0,,,523.68,0.0
T006016,0,0,,,0,,,270.51,0.0
T006017,0,0,,,0,,,393.85,0.0
T006018,0,0,,,0,,,137.23,0.0
T006019,0,0,,,0,,,249.48,0.0
T006020,1,0,,,0,,,0.0,14529.98
T006021,0,0,,,0,,,154.02,0.0
T006022,0,0,,,0,,,213.87,0.0
T006023,0,0,,,0,,,221.44,0.0
T006024,0,0,,,0,,,139.09,0.0
T006025,0,0,,,0,,,136.84,0.0
T006026,0,0,,,0,,,295.74,0.0
T006027,0,0,,,0,,,463.83,0.0
T006028,0,0,,,0,,,162.25,0.0
T006029,0,0,,,0,,,151.63,0.0
T006030,0,0,,,0,,,161.41,0.0
T006031,0,0,,,0,,,304.05,0.0
T006032,0,0,,,0,,,1808.23,0.0
T006033,0,0,,,0,,,142.73,0.0
T006034,0,0,,,0,,,121.35,0.0
T006035,0,0,,,0,,,325.72,0.0
T006036,0,0,,,0,,,533.89,0.0
T006037,0,0,,,0,,,433.39,0.0
T006038,0,0,,,0,,,230.64,0.0
T006039,0,0,,,0,,,175.42,0.0
T006040,0,0,,,0,,,191.95,0.0
T006041,0,0,,,0,,,161.96,0.0
T006042,0,0,,,0,,,281.51,0.0
T006043,0,0,,,0,,,196.21,0.0
T006044,0,0,,,0,,,265.7,0.0
T006045,1,0,,,0,,,0.0,519.04
T006046,0,0,,,0,,,291.54,0.0
T006047,0,0,,,0,,,2139.57,0.0
T006048,0,0,,,0,,,243.19,0.0
T006049,0,0,,,0,,,267.28,0.0
T006050,0,0,,,0,,,463.08,0.0
T006051,0,0,,,0,,,234.46,0.0
T006052,0,0,,,0,,,187.22,0.0
T006053,0,0,,,0,,,189.77,0.0
T006054,0,0,,,0,,,298.09,0.0
T006055,0,0,,,0,,,181.78,0.0
T006056,0,0,,,0,,,264.32,0.0
T006057,0,0,,,0,,,204.07,0.0
T006058,0,0,,,0,,,226.82,0.0
T006059,0,0,,,0,,,504.05,0.0
T006060,0,0,,,0,,,185.6,0.0
T006061,0,0,,,0,,,190.57,0.0
T006062,0,0,,,0,,,165.18,0.0
T006063,0,0,,,0,,,110.8,0.0
T006064,0,0,,,0,,,198.05,0.0
T006065,0,0,,,0,,,175.8,0.0
T006066,0,0,,,0,,,308.97,0.0
T006067,0,0,,,0,,,112.74,0.0
T006068,0,0,,,0,,,134.01,0.0
T006069,0,0,,,0,,,203.83,0.0
T006070,0,0,,,0,,,251.99,0.0
T006071,0,0,,,0,,,187.23,0.0
T006072,0,0,,,0,,,489.89,0.0
T006073,0,0,,,0,,,270.18,0.0
T006074,0,0,,,0,,,283.77,0.0
T006075,0,0,,,0,,,173.71,0.0
T006076,0,0,,,0,,,214.3,0.0
T006077,0,0,,,0,,,232.13,0.0
T006078,0,0,,,0,,,419.38,0.0
T006079,0,0,,,0,,,346.09,0.0
T006080,0,0,,,0,,,257.49,0.0
T006081,0,0,,,0,,,190.44,0.0
T006082,0,0,,,0,,,226.22,0.0
T006083,0,0,,,0,,,194.05,0.0
T006084,0,0,,,0,,,85.35,0.0
T006085,0,0,,,0,,,172.1,0.0
T006086,0,0,,,0,,,260.39,0.0
T006087,0,0,,TRN_B1,0,,,134.35,0.0
T006088,0,0,,,0,,,1121.53,0.0
T006089,0,0,,TRN_B1,0,,,166.01,0.0
T006090,0,0,,,0,,,452.61,0.0
T006091,0,0,,TRN_B1,0,,,166.66,0.0
T006092,0,0,,TRN_B1,0,,,550.18,0.0
T006093,0,0,,TRN_B1,0,,,193.03,0.0
T006094,0,0,,TRN_B1,0,,,248.71,0.0
T006095,0,0,,,0,,,214.15,0.0
T006096,0,0,,,0,,,155.87,0.0
T006097,0,0,,TRN_B1,0,,,358.44,0.0
T006098,0,0,,TRN_B1,0,,,323.58,0.0
T006099,0,0,,,0,,,186.05,0.0
T006100,0,0,,TRN_B1,0,,,155.48,0.0
T006101,0,0,,,0,,,188.88,0.0
T006102,0,0,,TRN_B1,0,,,163.85,0.0
T006103,0,0,,,0,,,315.51,0.0
T006104,0,0,,,0,,,173.13,0.0
T006105,0,0,,TRN_B1,0,,,290.83,0.0
T006106,0,0,,,0,,,232.66,0.0
T006107,0,0,,,0,,,289.81,0.0
T006108,0,0,,,0,,,153.25,0.0
T006109,0,0,,TRN_B1,0,,,207.53,0.0
T006110,0,0,,,0,,,359.85,0.0
T006111,0,0,,TRN_B1,0,,,532.94,0.0
T006112,0,0,,TRN_B1,0,,,181.43,0.0
T006113,0,0,,,0,,,336.37,0.0
T006114,0,0,,,0,,,182.95,0.0
T006115,0,0,,,0,,,368.4,0.0
T006116,0,0,,TRN_B1,0,,,308.45,0.0
T006117,0,0,,TRN_B1,0,,,152.18,0.0
T006118,0,0,,TRN_B1,0,,,181.39,0.0
T006119,0,0,,TRN_B1,0,,,193.05,0.0
T006120,0,0,,,0,,,157.72,0.0
T006121,0,0,,TRN_B1,0,,,242.28,0.0
T006122,0,0,,,0,,,525.91,0.0
T006123,0,0,,,0,,,188.98,0.0
T006124,0,0,,TRN_B1,0,,,222.84,0.0
T006125,0,0,,,0,,,179.33,0.0
T006126,0,0,,,0,,,99.33,0.0
T006127,0,0,,,0,,,198.35,0.0
T006128,0,0,,,0,,,132.74,0.0
T006129,0,0,,,0,,,823.84,0.0
T006130,0,0,,TRN_B1,0,,,105.43,0.0
T006131,0,0,,TRN_B1,0,,,299.41,0.0
T006132,0,0,,,0,,,149.62,0.0
T006133,0,0,,,0,,,64.14,0.0
T006134,0,0,,,0,,,153.45,0.0
T006135,0,0,,TRN_B1,0,,,262.12,0.0
T006136,0,0,,TRN_B1,0,,,197.55,0.0
T006137,0,0,,,0,,,185.42,0.0
T006138,0,0,,,0,,,173.24,0.0
T006139,0,0,,TRN_B1,0,,,220.62,0.0
T006140,0,0,,TRN_B1,0,,,169.17,0.0
T006141,0,0,,TRN_B1,0,,,688.94,0.0
T006142,0,0,,,0,,,308.52,0.0
T006143,0,0,,TRN_B1,0,,,163.18,0.0
T006144,0,0,,TRN_B1,0,,,214.93,0.0
T006145,0,0,,TRN_B1,0,,,307.9,0.0
T006146,0,0,,,0,,,248.68,0.0
T006147,0,0,,TRN_B1,0,,,245.86,0.0
T006148,0,0,,TRN_B1,0,,,256.22,0.0
T006149,0,0,,,0,,,545.45,0.0
T006150,0,0,,TRN_B1,0,,,154.7,0.0
T006151,0,0,,,0,,,145.79,0.0
T006152,0,0,,TRN_B1,0,,,241.44,0.0
T006153,0,0,,,0,,,253.58,0.0
T006154,0,0,,,0,,,256.62,0.0
T006155,0,0,,,0,,,175.45,0.0
T006156,0,0,,TRN_B1,0,,,129.78,0.0
T006157,0,0,,,0,,,710.45,0.0
T006158,0,0,,,0,,,168.44,0.0
T006159,1,0,,TRN_B1,0,,,0.0,613.92
T006160,0,0,,TRN_B1,0,,,635.91,0.0
T006161,0,0,,,0,,,170.37,0.0
T006162,0,0,,,0,,,96.49,0.0
T006163,0,0,,TRN_B1,0,,,162.81,0.0
T006164,0,0,,,0,,,283.14,0.0
T006165,0,0,,TRN_B1,0,,,293.78,0.0
T006166,0,0,,TRN_B1,0,,,225.56,0.0
T006167,0,0,,,0,,,143.69,0.0
T006168,0,0,,,0,,,297.32,0.0
T006169,0,0,,,0,,,609.71,0.0
T006170,0,0,,,0,,,289.69,0.0
T006171,0,0,,TRN_B1,0,,,233.32,0.0
T006172,0,0,,,0,,,179.3,0.0
T006173,0,0,,,0,,,465.92,0.0
T006174,0,0,,TRN_B1,0,,,165.13,0.0
T006175,0,0,,,0,,,202.25,0.0
T006176,0,0,,TRN_B1,0,,,182.42,0.0
T006177,0,0,,,0,,,168.52,0.0
T006178,0,0,,TRN_B1,0,,,169.56,0.0
T006179,0,0,,TRN_B1,0,,,346.6,0.0
T006180,0,0,,TRN_B1,0,,,107.22,0.0
T006181,0,0,,,0,,,263.55,0.0
T006182,0,0,,,0,,,256.31,0.0
T006183,0,0,,TRN_B1,0,,,226.44,0.0
T006184,0,0,,TRN_B1,0,,,202.26,0.0
T006185,0,0,,TRN_B1,0,,,151.46,0.0
T006186,0,0,,,0,,,305.02,0.0
T006187,0,0,,,0,,,130.64,0.0
T006188,0,0,,TRN_B1,0,,,221.74,0.0
T006189,0,0,,,0,,,170.5,0.0
T006190,0,0,,TRN_B1,0,,,118.22,0.0
T006191,0,0,,,0,,,218.35,0.0
T006192,0,0,,TRN_B1,0,,,224.77,0.0
T006193,0,0,,,0,,,583.88,0.0
T006194,0,0,,,0,,,316.6,0.0
T006195,0,0,,TRN_B1,0,,,198.8,0.0
T006196,0,0,,TRN_B1,0,,,207.24,0.0
T006197,0,0,,TRN_B1,0,,,153.52,0.0
T006198,0,0,,,0,,,273.7,0.0
T006199,1,0,,,0,,,0.0,734.09
T006200,0,0,,TRN_B1,0,,,183.8,0.0
T006201,0,0,,TRN_B1,0,,,233.55,0.0
T006202,0,0,,TRN_B1,0,,,161.83,0.0
T006203,0,0,,TRN_B1,0,,,149.7,0.0
T006204,0,0,,TRN_B1,0,,,267.15,0.0
T006205,0,0,,,0,,,231.87,0.0
T006206,0,0,,,0,,,291.91,0.0
T006207,0,0,,TRN_B1,0,,,227.85,0.0
T006208,0,0,,TRN_B1,0,,,170.79,0.0
T006209,0,0,,TRN_B1,0,,,207.57,0.0
T006210,0,0,,TRN_B1,0,,,189.41,0.0
T006211,0,0,,,0,,,256.94,0.0
T006212,0,0,,TRN_B1,0,,,857.59,0.0
T006213,0,0,,TRN_B1,0,,,165.85,0.0
T006214,0,0,,TRN_B1,0,,,581.63,0.0
T006215,0,0,,,0,,,176.48,0.0
T006216,0,0,,,0,,,300.93,0.0
T006217,0,0,,TRN_B1,0,,,237.68,0.0
T006218,0,0,,,0,,,193.77,0.0
T006219,0,0,,,0,,,206.77,0.0
T006220,0,0,,TRN_B1,0,,,162.63,0.0
T006221,0,0,,TRN_B1,0,,,223.74,0.0
T006222,0,0,,,0,,,224.31,0.0
T006223,0,0,,TRN_B1,0,,,1362.29,0.0
T006224,0,0,,TRN_B1,0,,,210.14,0.0
T006225,0,0,,TRN_B1,0,,,322.13,0.0
T006226,0,0,,TRN_B1,0,,,162.74,0.0
T006227,0,0,,TRN_B1,0,,,159.09,0.0
T006228,0,0,,TRN_B1,0,,,198.24,0.0
T006229,0,0,,,0,,,193.68,0.0
T006230,0,0,,,0,,,162.5,0.0
T006231,0,0,,TRN_B1,0,,,234.47,0.0
T006232,0,0,,TRN_B1,0,,,202.73,0.0
T006233,0,0,,TRN_B1,0,,,192.87,0.0
T006234,0,0,,,0,,,195.14,0.0
T006235,0,0,,TRN_B1,0,,,624.74,0.0
T006236,0,0,,,0,,,207.8,0.0
T006237,0,0,,TRN_B1,0,,,261.33,0.0
T006238,0,0,,,0,,,194.57,0.0
T006239,0,0,,,0,,,199.84,0.0
T006240,0,0,,,0,,,96.41,0.0
T006241,0,0,,TRN_B1,0,,,352.46,0.0
T006242,0,0,,TRN_B1,0,,,221.09,0.0
T006243,0,0,,TRN_B1,0,,,244.65,0.0
T006244,0,0,,TRN_B1,0,,,171.19,0.0
T006245,0,0,,,0,,,150.75,0.0
T006246,0,0,,TRN_B1,0,,,238.69,0.0
T006247,0,0,,,0,,,604.83,0.0
T006248,0,0,,,0,,,215.41,0.0
T006249,0,0,,,0,,,240.08,0.0
T006250,0,0,,,0,,,200.02,0.0
T006251,0,0,,,0,,,231.26,0.0
T006252,0,0,,TRN_B1,0,,,713.66,0.0
T006253,0,0,,TRN_B1,0,,,110.25,0.0
T006254,0,0,,TRN_B1,0,,,184.89,0.0
T006255,0,0,,TRN_B1,0,,,201.45,0.0
T006256,0,0,,,0,,,157.86,0.0
T006257,0,0,,TRN_B1,0,,,165.89,0.0
T006258,0,0,,TRN_B1,0,,,135.69,0.0
T006259,0,0,,TRN_B1,0,,,427.13,0.0
T006260,0,0,,,0,,,187.49,0.0
T006261,0,0,,,0,,,159.94,0.0
T006262,0,0,,TRN_B1,0,,,129.68,0.0
T006263,0,0,,TRN_B1,0,,,884.32,0.0
T006264,0,0,,,0,,,193.55,0.0
T006265,0,0,,,0,,,172.54,0.0
T006266,0,0,,TRN_B1,0,,,222.61,0.0
T006267,0,0,,TRN_B1,0,,,200.03,0.0
T006268,0,0,,TRN_B1,0,,,168.99,0.0
T006269,0,0,,,0,,,169.13,0.0
T006270,0,0,,,0,,,194.77,0.0
T006271,0,0,,,0,,,168.71,0.0
T006272,0,0,,TRN_B1,0,,,345.65,0.0
T006273,0,0,,TRN_B1,0,,,418.52,0.0
T006274,0,0,,TRN_B1,0,,,341.22,0.0
T006275,0,0,,,0,,,179.81,0.0
T006276,0,0,,TRN_B1,0,,,188.43,0.0
T006277,0,0,,,0,,,337.36,0.0
T006278,0,0,,TRN_B1,0,,,422.46,0.0
T006279,0,0,,TRN_B1,0,,,266.97,0.0
T006280,0,0,,,0,,,146.36,0.0
T006281,0,0,,TRN_B1,0,,,164.06,0.0
T006282,0,0,,,0,,,270.18,0.0
T006283,0,0,,TRN_B1,0,,,160.92,0.0
T006284,0,0,,TRN_B1,0,,,396.25,0.0
T006285,0,0,,TRN_B1,0,,,192.07,0.0
T006286,0,0,,TRN_B1,0,,,262.94,0.0
T006287,0,0,,TRN_B1,0,,,448.26,0.0
T006288,0,0,,TRN_B1,0,,,95.38,0.0
T006289,0,0,,,0,,,483.53,0.0
T006290,0,0,,TRN_B1,0,,,1026.61,0.0
T006291,0,0,,,0,,,334.08,0.0
T006292,0,0,,,0,,,221.29,0.0
T006293,0,0,,,0,,,145.85,0.0
T006294,0,0,,TRN_B1,0,,,184.0,0.0
T006295,0,0,,TRN_B1,0,,,167.9,0.0
T006296,0,0,,TRN_B1,0,,,517.19,0.0
T006297,0,0,,TRN_B1,0,,,214.46,0.0
T006298,0,0,,TRN_B1,0,,,440.54,0.0
T006299,0,0,,TRN_B1,0,,,236.06,0.0
T006300,0,0,,TRN_B1,0,,,305.57,0.0
T006301,0,0,,,0,,,166.26,0.0
T006302,0,0,,,0,,,322.34,0.0
T006303,0,0,,TRN_B1,0,,,155.09,0.0
T006304,0,0,,,0,,,173.8,0.0
T006305,0,0,,TRN_B1,0,,,678.54,0.0
T006306,0,0,,TRN_B1,0,,,108.32,0.0
T006307,0,0,,TRN_B1,0,,,190.7,0.0
T006308,0,0,,TRN_B1,0,,,146.77,0.0
T006309,0,0,,TRN_B1,0,,,202.87,0.0
T006310,0,0,,,0,,,195.94,0.0
T006311,0,0,,TRN_B1,0,,,97.97,0.0
T006312,0,0,,,0,,,166.26,0.0
T006313,0,0,,,0,,,2005.75,0.0
T006314,0,0,,TRN_B1,0,,,250.92,0.0
T006315,0,0,,TRN_B1,0,,,372.22,0.0
T006316,0,0,,TRN_B1,0,,,171.36,0.0
T006317,0,0,,TRN_B1,0,,,192.79,0.0
T006318,0,0,,,0,,,104.87,0.0
T006319,0,0,,TRN_B1,0,,,184.84,0.0
T006320,0,0,,,0,,,243.49,0.0
T006321,0,0,,TRN_B1,0,,,315.32,0.0
T006322,0,0,,,0,,,434.24,0.0
T006323,0,0,,,0,,,157.75,0.0
T006324,0,0,,TRN_B1,0,,,847.01,0.0
T006325,0,0,,TRN_B1,0,,,129.64,0.0
T006326,0,0,,TRN_B1,0,,,552.85,0.0
T006327,0,0,,TRN_B1,0,,,187.33,0.0
T006328,0,0,,TRN_B1,0,,,174.53,0.0
T006329,0,0,,,0,,,240.52,0.0
T006330,0,0,,TRN_B1,0,,,153.1,0.0
T006331,0,0,,,0,,,267.48,0.0
T006332,0,0,,TRN_B1,0,,,175.02,0.0
T006333,0,0,,,0,,,195.95,0.0
T006334,0,0,,TRN_B1,0,,,201.86,0.0
T006335,0,0,,TRN_B1,0,,,388.23,0.0
T006336,0,0,,,0,,,391.55,0.0
T006337,0,0,,TRN_B1,0,,,156.57,0.0
T006338,0,0,,TRN_B1,0,,,170.37,0.0
T006339,0,0,,TRN_B1,0,,,348.05,0.0
T006340,0,0,,,0,,,227.65,0.0
T006341,0,0,,TRN_B1,0,,,174.33,0.0
T006342,0,0,,TRN_B1,0,,,349.49,0.0
T006343,0,0,,TRN_B1,0,,,214.09,0.0
T006344,1,0,,TRN_B1,0,,,0.0,4698.38
T006345,0,0,,TRN_B1,0,,,154.77,0.0
T006346,0,0,,,0,,,386.4,0.0
T006347,0,0,,TRN_B1,0,,,284.19,0.0
T006348,0,0,,TRN_B1,0,,,663.75,0.0
T006349,0,0,,TRN_B1,0,,,507.67,0.0
T006350,0,0,,TRN_B1,0,,,139.75,0.0
T006351,0,0,,TRN_B1,0,,,213.33,0.0
T006352,0,0,,TRN_B1,0,,,165.27,0.0
T006353,0,0,,TRN_B1,0,,,204.69,0.0
T006354,0,0,,TRN_B1,0,,,159.46,0.0
T006355,0,0,,TRN_B1,0,,,269.29,0.0
T006356,0,0,,TRN_B1,0,,,209.87,0.0
T006357,0,0,,TRN_B1,0,,,641.04,0.0
T006358,0,0,,TRN_B1,0,,,829.97,0.0
T006359,0,0,,TRN_B1,0,,,147.66,0.0
T006360,0,0,,TRN_B1,0,,,152.07,0.0
T006361,0,0,,TRN_B1,0,,,241.45,0.0
T006362,0,0,,TRN_B1,0,,,243.46,0.0
T006363,0,0,,TRN_B1,0,,,155.99,0.0
T006364,0,0,,TRN_B1,0,,,158.91,0.0
T006365,0,0,,,0,,,169.94,0.0
T006366,0,0,,,0,,,269.94,0.0
T006367,0,0,,TRN_B1,0,,,337.0,0.0
T006368,0,0,,TRN_B1,0,,,201.35,0.0
T006369,0,0,,,0,,,180.08,0.0
T006370,0,0,,TRN_B1,0,,,242.44,0.0
T006371,0,0,,TRN_B1,0,,,200.38,0.0
T006372,0,0,,TRN_B1,0,,,200.93,0.0
T006373,0,0,,TRN_B1,0,,,213.21,0.0
T006374,0,0,,,0,,,359.99,0.0
T006375,0,0,,TRN_B1,0,,,255.28,0.0
T006376,0,0,,TRN_B1,0,,,215.2,0.0
T006377,0,0,,TRN_B1,0,,,203.86,0.0
T006378,0,0,,TRN_B1,0,,,309.1,0.0
T006379,0,0,,,0,,,369.79,0.0
T006380,0,0,,TRN_B1,0,,,297.07,0.0
T006381,0,0,,TRN_B1,0,,,167.61,0.0
T006382,0,0,,TRN_B1,0,,,173.81,0.0
T006383,0,0,,TRN_B1,0,,,211.24,0.0
T006384,0,0,,TRN_B1,0,,,164.31,0.0
T006385,0,0,,,0,,,217.34,0.0
T006386,0,0,,TRN_B1,0,,,207.17,0.0
T006387,0,0,,TRN_B1,0,,,162.03,0.0
T006388,0,0,,,0,,,184.55,0.0
T006389,0,0,,TRN_B1,0,,,254.54,0.0
T006390,0,0,,TRN_B1,0,,,437.29,0.0
T006391,0,0,,TRN_B1,0,,,281.8,0.0
T006392,0,0,,TRN_B1,0,,,152.29,0.0
T006393,0,0,,,0,,,181.57,0.0
T006394,0,0,,TRN_B1,0,,,149.38,0.0
T006395,0,0,,TRN_B1,0,,,240.91,0.0
T006396,0,0,,TRN_B1,0,,,468.82,0.0
T006397,0,0,,,0,,,204.17,0.0
T006398,0,0,,,0,,,237.82,0.0
T006399,0,0,,TRN_B1,0,,,136.97,0.0
T006400,0,0,,TRN_B1,0,,,236.88,0.0
T006401,0,0,,TRN_B1,0,,,111.64,0.0
T006402,0,0,,TRN_B1,0,,,287.1,0.0
T006403,0,0,,,0,,,159.25,0.0
T006404,0,0,,TRN_B1,0,,,396.65,0.0
T006405,0,0,,,0,,,214.42,0.0
T006406,0,0,,TRN_B1,0,,,168.53,0.0
T006407,0,0,,TRN_B1,0,,,170.23,0.0
T006408,0,0,,TRN_B1,0,,,100.96,0.0
T006409,0,0,,TRN_B1,0,,,408.6,0.0
T006410,0,0,,TRN_B1,0,,,332.43,0.0
T006411,0,0,,TRN_B1,0,,,880.67,0.0
T006412,0,0,,TRN_B1,0,,,162.69,0.0
T006413,0,0,,TRN_B1,0,,,178.09,0.0
T006414,0,0,,TRN_B1,0,,,227.18,0.0
T006415,0,0,,TRN_B1,0,,,188.22,0.0
T006416,0,0,,,0,,,166.06,0.0
T006417,0,0,,,0,,,246.18,0.0
T006418,0,0,,TRN_B1,0,,,303.87,0.0
T006419,1,0,,TRN_B1,0,,,0.0,7453.56
T006420,0,0,,TRN_B1,0,,,546.68,0.0
T006421,0,0,,,0,,,113.54,0.0
T006422,0,0,,TRN_B1,0,,,195.82,0.0
T006423,0,0,,TRN_B1,0,,,175.23,0.0
T006424,0,0,,TRN_B1,0,,,333.31,0.0
T006425,0,0,,,0,,,162.97,0.0
T006426,0,0,,TRN_B1,0,,,175.79,0.0
T006427,0,0,,TRN_B1,0,,,961.79,0.0
T006428,0,0,,,0,,,338.17,0.0
T006429,0,0,,,0,,,110.73,0.0
T006430,0,0,,TRN_B1,0,,,388.52,0.0
T006431,0,0,,TRN_B1,0,,,282.88,0.0
T006432,0,0,,TRN_B1,0,,,140.47,0.0
T006433,0,0,,,0,,,199.47,0.0
T006434,0,0,,TRN_B1,0,,,1002.59,0.0
T006435,0,0,,TRN_B1,0,,,184.73,0.0
T006436,0,0,,,0,,,231.1,0.0
T006437,0,0,,,0,,,219.97,0.0
T006438,0,0,,,0,,,355.55,0.0
T006439,0,0,,TRN_B1,0,,,167.63,0.0
T006440,0,0,,,0,,,180.32,0.0
T006441,0,0,,,0,,,381.06,0.0
T006442,0,0,,,0,,,671.09,0.0
T006443,0,0,,,0,,,111.54,0.0
T006444,0,0,,,0,,,154.9,0.0
T006445,0,0,,,0,,,156.86,0.0
T006446,0,0,,,0,,,142.4,0.0
T006447,0,0,,,0,,,248.89,0.0
T006448,0,0,,,0,,,465.0,0.0
T006449,0,0,,,0,,,285.7,0.0
T006450,0,0,,,0,,,181.25,0.0
T006451,0,0,,,0,,,182.23,0.0
T006452,0,0,,,0,,,243.63,0.0
T006453,0,0,,,0,,,220.27,0.0
T006454,0,0,,,0,,,174.02,0.0
T006455,0,0,,,0,,,324.18,0.0
T006456,0,0,,,0,,,162.61,0.0
T006457,0,0,,,0,,,215.36,0.0
T006458,0,0,,,0,,,165.03,0.0
T006459,0,0,,,0,,,300.13,0.0
T006460,0,0,,,0,,,198.64,0.0
T006461,0,0,,,0,,,196.93,0.0
T006462,0,0,,,0,,,245.47,0.0
T006463,0,0,,,0,,,178.12,0.0
T006464,0,0,,,0,,,149.5,0.0
T006465,0,0,,,0,,,270.75,0.0
T006466,0,0,,,0,,,183.38,0.0
T006467,0,0,,,0,,,199.31,0.0
T006468,0,0,,,0,,,1113.04,0.0
T006469,0,0,,,0,,,302.55,0.0
T006470,0,0,,,0,,,330.55,0.0
T006471,0,0,,,0,,,204.06,0.0
T006472,0,0,,,0,,,210.2,0.0
T006473,0,0,,,0,,,126.92,0.0
T006474,0,0,,,0,,,164.42,0.0
T006475,0,0,,,0,,,156.16,0.0
T006476,0,0,,,0,,,193.27,0.0
T006477,0,0,,,0,,,246.51,0.0
T006478,0,0,,,0,,,181.04,0.0
T006479,0,0,,,0,,,252.21,0.0
T006480,0,0,,,0,,,293.14,0.0
T006481,0,0,,,0,,,559.15,0.0
T006482,0,0,,,0,,,165.27,0.0
T006483,0,0,,,0,,,195.36,0.0
T006484,0,0,,,0,,,168.29,0.0
T006485,0,0,,,0,,,192.63,0.0
T006486,0,0,,,0,,,156.32,0.0
T006487,0,0,,,0,,,151.55,0.0
T006488,0,0,,,0,,,462.52,0.0
T006489,0,0,,,0,,,171.12,0.0
T006490,0,0,,,0,,,184.97,0.0
T006491,0,0,,,0,,,163.21,0.0
T006492,1,0,,,0,,,0.0,1220.9
T006493,0,0,,,0,,,445.88,0.0
T006494,0,0,,,0,,,123.89,0.0
T006495,0,0,,,0,,,186.31,0.0
T006496,0,0,,,0,,,165.72,0.0
T006497,0,0,,,0,,,161.68,0.0
T006498,0,0,,,0,,,671.33,0.0
T006499,0,0,,,0,,,398.06,0.0
T006500,0,0,,,0,,,144.87,0.0
T006501,0,0,,,0,,,158.52,0.0
T006502,0,0,,,0,,,161.19,0.0
T006503,0,0,,,0,,,199.79,0.0
T006504,0,0,,,0,,,165.45,0.0
T006505,0,0,,,0,,,413.64,0.0
T006506,0,0,,,0,,,170.26,0.0
T006507,0,0,,,0,,,160.31,0.0
T006508,0,0,,,0,,,796.32,0.0
T006509,0,0,,,0,,,307.25,0.0
T006510,0,0,,,0,,,110.33,0.0
T006511,0,0,,,0,,,322.94,0.0
T006512,0,0,,,0,,,430.12,0.0
T006513,0,0,,,0,,,68.95,0.0
T006514,0,0,,,0,,,170.77,0.0
T006515,0,0,,,0,,,180.74,0.0
T006516,0,0,,,0,,,253.71,0.0
T006517,0,0,,,0,,,226.33,0.0
T006518,0,0,,,0,,,172.62,0.0
T006519,1,0,,,0,,,0.0,934.21
T006520,0,0,,,0,,,353.89,0.0
T006521,0,0,,,0,,,162.88,0.0
T006522,0,0,,,0,,,177.01,0.0
T006523,0,0,,,0,,,494.34,0.0
T006524,0,0,,,0,,,152.81,0.0
T006525,0,0,,,0,,,280.85,0.0
T006526,0,0,,,0,,,253.53,0.0
T006527,0,0,,,0,,,259.82,0.0
T006528,0,0,,,0,,,920.51,0.0
T006529,0,0,,,0,,,115.85,0.0
T006530,0,0,,,0,,,194.06,0.0
T006531,0,0,,,0,,,273.48,0.0
T006532,0,0,,,0,,,169.13,0.0
T006533,0,0,,,0,,,375.6,0.0
T006534,0,0,,,0,,,184.64,0.0
T006535,0,0,,,0,,,169.3,0.0
T006536,0,0,,,0,,,180.69,0.0
T006537,0,0,,,0,,,510.45,0.0
T006538,0,0,,,0,,,219.63,0.0
T006539,0,0,,,0,,,226.45,0.0
T006540,0,0,,,0,,,307.04,0.0
T006541,0,0,,,0,,,79.65,0.0
T006542,0,0,,,0,,,167.9,0.0
T006543,0,0,,,0,,,95.62,0.0
T006544,0,0,,,0,,,237.36,0.0
T006545,0,0,,,0,,,211.87,0.0
T006546,0,0,,,0,,,94.18,0.0
T006547,0,0,,,0,,,180.35,0.0
T006548,0,0,,,0,,,329.63,0.0
T006549,0,0,,,0,,,182.48,0.0
T006550,0,0,,,0,,,280.36,0.0
T006551,0,0,,,0,,,237.49,0.0
T006552,0,0,,,0,,,180.1,0.0
T006553,0,0,,,0,,,164.8,0.0
T006554,0,0,,,0,,,176.35,0.0
T006555,0,0,,,0,,,179.65,0.0
T006556,0,0,,,0,,,310.26,0.0
T006557,0,0,,,0,,,185.14,0.0
T006558,0,0,,,0,,,765.81,0.0
T006559,1,0,,,0,,,0.0,1889.45
T006560,0,0,,,0,,,195.15,0.0
T006561,0,0,,,0,,,476.29,0.0
T006562,0,0,,,0,,,295.94,0.0
T006563,0,0,,,0,,,335.36,0.0
T006564,0,0,,,0,,,168.01,0.0
T006565,0,0,,,0,,,156.52,0.0
T006566,0,0,,,0,,,170.0,0.0
T006567,0,0,,,0,,,193.62,0.0
T006568,0,0,,,0,,,229.73,0.0
T006569,0,0,,,0,,,134.35,0.0
T006570,0,0,,,0,,,239.13,0.0
T006571,0,0,,,0,,,381.29,0.0
T006572,0,0,,,0,,,197.4,0.0
T006573,0,0,,,0,,,122.42,0.0
T006574,1,0,,,0,,,0.0,1109.07
T006575,0,0,,,0,,,430.34,0.0
T006576,0,0,,,0,,,166.92,0.0
T006577,0,0,,,0,,,234.88,0.0
T006578,0,0,,,0,,,151.42,0.0
T006579,0,0,,,0,,,208.71,0.0
T006580,0,0,,,0,,,190.46,0.0
T006581,0,0,,,0,,,356.5,0.0
T006582,0,0,,,0,,,326.7,0.0
T006583,0,0,,,0,,,191.36,0.0
T006584,0,0,,,0,,,167.75,0.0
T006585,1,0,,,0,,,0.0,1557.44
T006586,0,0,,,0,,,160.53,0.0
T006587,0,0,,,0,,,99.99,0.0
T006588,0,0,,,0,,,164.6,0.0
T006589,0,0,,,0,,,200.77,0.0
T006590,0,0,,,0,,,236.76,0.0
T006591,1,0,,,0,,,0.0,2229.18
T006592,0,0,,,0,,,210.35,0.0
T006593,0,0,,,0,,,812.51,0.0
T006594,0,0,,,0,,,254.01,0.0
T006595,0,0,,,0,,,182.01,0.0
T006596,0,0,,,0,,,284.18,0.0
T006597,1,0,,,0,,,0.0,1302.45
T006598,0,0,,,0,,,169.71,0.0
T006599,0,0,,,0,,,99.21,0.0
T006600,0,0,,,0,,,173.05,0.0
T006601,0,0,,,0,,,169.81,0.0
T006602,0,0,,,0,,,464.24,0.0
T006603,0,0,,,0,,,205.39,0.0
T006604,0,0,,,0,,,152.36,0.0
T006605,0,0,,,0,,,175.71,0.0
T006606,0,0,,,0,,,266.56,0.0
T006607,0,0,,,0,,,194.93,0.0
T006608,0,0,,,0,,,413.02,0.0
T006609,0,0,,,0,,,160.63,0.0
T006610,0,0,,,0,,,592.69,0.0
T006611,0,0,,,0,,,365.08,0.0
T006612,0,0,,,0,,,147.44,0.0
T006613,0,0,,,0,,,420.65,0.0
T006614,0,0,,,0,,,206.67,0.0
T006615,0,0,,,0,,,268.3,0.0
T006616,0,0,,,0,,,220.97,0.0
T006617,0,0,,,0,,,707.67,0.0
T006618,0,0,,,0,,,197.46,0.0
T006619,0,0,,,0,,,175.31,0.0
T006620,0,0,,,0,,,203.72,0.0
T006621,0,0,,,0,,,210.1,0.0
T006622,0,0,,,0,,,322.24,0.0
T006623,0,0,,,0,,,192.78,0.0
T006624,0,0,,,0,,,163.85,0.0
T006625,0,0,,,0,,,172.74,0.0
T006626,0,0,,,0,,,170.7,0.0
T006627,0,0,,,0,,,174.74,0.0
T006628,0,0,,,0,,,141.17,0.0
T006629,0,0,,,0,,,218.4,0.0
T006630,0,0,,,0,,,340.16,0.0
T006631,0,0,,,0,,,1132.73,0.0
T006632,0,0,,,0,,,253.87,0.0
T006633,0,0,,,0,,,317.13,0.0
T006634,0,0,,,0,,,278.44,0.0
T006635,0,0,,,0,,,417.72,0.0
T006636,1,0,,,0,,,0.0,3570.74
T006637,0,0,,,0,,,202.44,0.0
T006638,1,0,,,0,,,0.0,13992.55
T006639,0,0,,,0,,,266.56,0.0
T006640,0,0,,,0,,,88.24,0.0
T006641,0,0,,,0,,,130.04,0.0
T006642,0,0,,,0,,,220.39,0.0
T006643,0,0,,,0,,,530.32,0.0
T006644,0,0,,,0,,,210.73,0.0
T006645,0,0,,,0,,,211.05,0.0
T006646,0,0,,,0,,,390.15,0.0
T006647,0,0,,,0,,,160.27,0.0
T006648,0,0,,,0,,,188.3,0.0
T006649,0,0,,,0,,,254.33,0.0
T006650,0,0,,,0,,,1798.67,0.0
T006651,0,0,,,0,,,161.6,0.0
T006652,0,0,,,0,,,95.13,0.0
T006653,0,0,,,0,,,217.23,0.0
T006654,0,0,,,0,,,232.16,0.0
T006655,0,0,,,0,,,149.07,0.0
T006656,0,0,,,0,,,222.64,0.0
T006657,0,0,,,0,,,166.05,0.0
T006658,0,0,,,0,,,281.51,0.0
T006659,0,0,,,0,,,184.99,0.0
T006660,0,0,,,0,,,294.82,0.0
T006661,0,0,,,0,,,144.89,0.0
T006662,0,0,,,0,,,309.0,0.0
T006663,0,0,,,0,,,176.36,0.0
T006664,0,0,,,0,,,226.03,0.0
T006665,0,0,,,0,,,218.14,0.0
T006666,0,0,,,0,,,153.89,0.0
T006667,0,0,,,0,,,188.78,0.0
T006668,0,0,,,0,,,188.16,0.0
T006669,0,0,,,0,,,306.73,0.0
T006670,0,0,,,0,,,187.79,0.0
T006671,0,0,,,0,,,211.1,0.0
T006672,0,0,,,0,,,210.77,0.0
T006673,0,0,,,0,,,164.66,0.0
T006674,0,0,,,0,,,125.17,0.0
T006675,0,0,,,0,,,230.46,0.0
T006676,0,0,,,0,,,136.11,0.0
T006677,0,0,,,0,,,108.74,0.0
T006678,0,0,,,0,,,130.82,0.0
T006679,0,0,,,0,,,322.8,0.0
T006680,0,0,,,0,,,176.02,0.0
T006681,0,0,,,0,,,154.77,0.0
T006682,0,0,,,0,,,320.37,0.0
T006683,0,0,,,0,,,243.52,0.0
T006684,0,0,,,0,,,196.42,0.0
T006685,0,0,,,0,,,547.04,0.0
T006686,0,0,,,0,,,168.46,0.0
T006687,0,0,,,0,,,234.6,0.0
T006688,0,0,,,0,,,207.72,0.0
T006689,0,0,,,0,,,423.42,0.0
T006690,0,0,,,0,,,176.32,0.0
T006691,0,0,,,0,,,230.03,0.0
T006692,0,0,,,0,,,187.45,0.0
T006693,0,0,,,0,,,210.55,0.0
T006694,0,0,,,0,,,191.88,0.0
T006695,0,0,,,0,,,68.13,0.0
T006696,0,0,,,0,,,128.46,0.0
T006697,0,0,,,0,,,176.94,0.0
T006698,0,0,,,0,,,114.69,0.0
T006699,0,0,,,0,,,141.6,0.0
T006700,0,0,,,0,,,185.5,0.0
T006701,0,0,,,0,,,236.22,0.0
T006702,0,0,,,0,,,344.69,0.0
T006703,0,0,,,0,,,181.35,0.0
T006704,0,0,,,0,,,180.72,0.0
T006705,0,0,,,0,,,278.62,0.0
T006706,0,0,,,0,,,253.28,0.0
T006707,0,0,,,0,,,154.51,0.0
T006708,0,0,,,0,,,451.44,0.0
T006709,0,0,,,0,,,268.44,0.0
T006710,0,0,,,0,,,282.19,0.0
T006711,0,0,,,0,,,193.04,0.0
T006712,0,0,,,0,,,382.24,0.0
T006713,0,0,,,0,,,191.62,0.0
T006714,0,0,,,0,,,157.01,0.0
T006715,0,0,,,0,,,381.47,0.0
T006716,0,0,,,0,,,294.79,0.0
T006717,0,0,,,0,,,92.89,0.0
T006718,0,0,,,0,,,130.62,0.0
T006719,0,0,,,0,,,208.27,0.0
T006720,0,0,,,0,,,1826.37,0.0
T006721,0,0,,,0,,,2171.52,0.0
T006722,0,0,,,0,,,184.37,0.0
T006723,0,0,,,0,,,194.29,0.0
T006724,0,0,,,0,,,255.65,0.0
T006725,0,0,,,0,,,215.02,0.0
T006726,0,0,,,0,,,354.84,0.0
T006727,0,0,,,0,,,97.57,0.0
T006728,0,0,,,0,,,289.89,0.0
T006729,0,0,,,0,,,218.55,0.0
T006730,0,0,,,0,,,274.0,0.0
T006731,0,0,,,0,,,171.32,0.0
T006732,0,0,,,0,,,459.04,0.0
T006733,0,0,,,0,,,215.69,0.0
T006734,0,0,,,0,,,214.01,0.0
T006735,0,0,,,0,,,174.48,0.0
T006736,0,0,,,0,,,169.92,0.0
T006737,0,0,,,0,,,143.68,0.0
T006738,0,0,,,0,,,251.65,0.0
T006739,0,0,,,0,,,266.47,0.0
T006740,0,0,,,0,,,161.16,0.0
T006741,0,0,,,0,,,173.57,0.0
T006742,0,0,,,0,,,321.12,0.0
T006743,0,0,,,0,,,154.9,0.0
T006744,0,0,,,0,,,182.03,0.0
T006745,0,0,,,0,,,396.11,0.0
T006746,0,0,,,0,,,1400.79,0.0
T006747,0,0,,,0,,,287.6,0.0
T006748,0,0,,,0,,,176.7,0.0
T006749,0,0,,,0,,,199.03,0.0
T006750,0,0,,,0,,,173.47,0.0
T006751,0,0,,,0,,,136.27,0.0
T006752,0,0,,,0,,,177.53,0.0
T006753,0,0,,,0,,,240.38,0.0
T006754,0,0,,,0,,,326.05,0.0
T006755,0,0,,,0,,,169.17,0.0
T006756,0,0,,,0,,,159.5,0.0
T006757,0,0,,,0,,,224.16,0.0
T006758,0,0,,,0,,,178.37,0.0
T006759,0,0,,,0,,,148.51,0.0
T006760,0,0,,,0,,,241.51,0.0
T006761,0,0,,,0,,,165.29,0.0
T006762,0,0,,,0,,,298.19,0.0
T006763,0,0,,,0,,,186.3,0.0
T006764,0,0,,,0,,,176.35,0.0
T006765,0,0,,,0,,,201.79,0.0
T006766,0,0,,,0,,,252.58,0.0
T006767,0,0,,,0,,,154.55,0.0
T006768,0,0,,,0,,,280.43,0.0
T006769,0,0,,,0,,,157.27,0.0
T006770,0,0,,,0,,,230.92,0.0
T006771,0,0,,,0,,,190.68,0.0
T006772,0,0,,,0,,,239.79,0.0
T006773,0,0,,,0,,,242.22,0.0
T006774,0,0,,,0,,,241.67,0.0
T006775,0,0,,,0,,,156.72,0.0
T006776,0,0,,,0,,,176.27,0.0
T006777,0,0,,,0,,,183.03,0.0
T006778,0,0,,,0,,,224.45,0.0
T006779,0,0,,,0,,,408.0,0.0
T006780,0,0,,,0,,,152.86,0.0
T006781,0,0,,,0,,,495.26,0.0
T006782,0,0,,,0,,,338.08,0.0
T006783,0,0,,,0,,,190.49,0.0
T006784,0,0,,,0,,,58.45,0.0
T006785,0,0,,,0,,,238.82,0.0
T006786,0,0,,,0,,,167.78,0.0
T006787,0,0,,,0,,,153.41,0.0
T006788,0,0,,,0,,,258.15,0.0
T006789,0,0,,,0,,,126.07,0.0
T006790,0,0,,,0,,,180.58,0.0
T006791,0,0,,,0,,,157.64,0.0
T006792,0,0,,,0,,,138.39,0.0
T006793,0,0,,,0,,,176.22,0.0
T006794,0,0,,,0,,,215.78,0.0
T006795,0,0,,,0,,,508.12,0.0
T006796,0,0,,,0,,,203.01,0.0
T006797,0,0,,,0,,,130.59,0.0
T006798,0,0,,,0,,,193.6,0.0
T006799,0,0,,,0,,,155.51,0.0
T006800,0,0,,,0,,,149.18,0.0
T006801,0,0,,,0,,,197.94,0.0
T006802,1,0,,,0,,,0.0,6481.34
T006803,0,0,,,0,,,150.81,0.0
T006804,0,0,,,0,,,162.8,0.0
T006805,1,0,,,0,,,0.0,705.82
T006806,0,0,,,0,,,169.81,0.0
T006807,0,0,,,0,,,239.39,0.0
T006808,0,0,,,0,,,313.4,0.0
T006809,0,0,,,0,,,168.8,0.0
T006810,0,0,,,0,,,226.88,0.0
T006811,0,0,,,0,,,75.43,0.0
T006812,0,0,,,0,,,284.45,0.0
T006813,0,0,,,0,,,242.92,0.0
T006814,0,0,,,0,,,171.91,0.0
T006815,0,0,,,0,,,192.22,0.0
T006816,0,0,,,0,,,337.3,0.0
T006817,0,0,,,0,,,165.52,0.0
T006818,0,0,,,0,,,452.48,0.0
T006819,0,0,,,0,,,174.44,0.0
T006820,0,0,,,0,,,123.73,0.0
T006821,0,0,,,0,,,254.91,0.0
T006822,0,0,,,0,,,191.4,0.0
T006823,0,0,,,0,,,383.46,0.0
T006824,0,0,,,0,,,292.08,0.0
T006825,0,0,,,0,,,161.81,0.0
T006826,0,0,,,0,,,172.1,0.0
T006827,0,0,,,0,,,131.97,0.0
T006828,0,0,,,0,,,237.63,0.0
T006829,0,0,,,0,,,166.43,0.0
T006830,0,0,,,0,,,194.74,0.0
T006831,0,0,,,0,,,207.95,0.0
T006832,0,0,,,0,,,262.82,0.0
T006833,0,0,,,0,,,457.14,0.0
T006834,0,0,,,0,,,212.67,0.0
T006835,0,0,,,0,,,660.64,0.0
T006836,0,0,,,0,,,228.72,0.0
T006837,0,0,,,0,,,252.02,0.0
T006838,0,0,,,0,,,572.86,0.0
T006839,0,0,,,0,,,273.29,0.0
T006840,1,0,,,0,,,0.0,10281.74
T006841,0,0,,,0,,,251.33,0.0
T006842,0,0,,,0,,,124.56,0.0
T006843,0,0,,,0,,,161.31,0.0
T006844,0,0,,,0,,,178.01,0.0
T006845,0,0,,,0,,,296.78,0.0
T006846,0,0,,,0,,,193.87,0.0
T006847,0,0,,,0,,,239.71,0.0
T006848,0,0,,,0,,,1125.36,0.0
T006849,0,0,,,0,,,719.97,0.0
T006850,0,0,,,0,,,197.14,0.0
T006851,0,0,,,0,,,745.97,0.0
T006852,0,0,,,0,,,209.82,0.0
T006853,0,0,,,0,,,238.48,0.0
T006854,0,0,,,0,,,446.51,0.0
T006855,0,0,,,0,,,242.1,0.0
T006856,0,0,,,0,,,193.08,0.0
T006857,0,0,,,0,,,389.04,0.0
T006858,0,0,,,0,,,683.11,0.0
T006859,0,0,,,0,,,110.13,0.0
T006860,0,0,,,0,,,237.22,0.0
T006861,0,0,,,0,,,263.76,0.0
T006862,0,0,,,0,,,129.24,0.0
T006863,0,0,,,0,,,207.75,0.0
T006864,0,0,,,0,,,119.04,0.0
T006865,0,0,,,0,,,390.0,0.0
T006866,0,0,,,0,,,374.2,0.0
T006867,0,0,,,0,,,191.47,0.0
T006868,0,0,,,0,,,287.36,0.0
T006869,0,0,,,0,,,226.48,0.0
T006870,0,0,,,0,,,349.89,0.0
T006871,0,0,,,0,,,225.36,0.0
T006872,0,0,,,0,,,141.32,0.0
T006873,0,0,,,0,,,208.03,0.0
T006874,0,0,,,0,,,415.87,0.0
T006875,0,0,,,0,,,307.7,0.0
T006876,0,0,,,0,,,194.75,0.0
T006877,0,0,,,0,,,435.46,0.0
T006878,0,0,,,0,,,301.02,0.0
T006879,0,0,,,0,,,271.75,0.0
T006880,0,0,,,0,,,225.32,0.0
T006881,0,0,,,0,,,595.88,0.0
T006882,0,0,,,0,,,276.09,0.0
T006883,0,0,,,0,,,804.1,0.0
T006884,0,0,,,0,,,172.26,0.0
T006885,0,0,,,0,,,188.02,0.0
T006886,0,0,,,0,,,162.49,0.0
T006887,0,0,,,0,,,207.52,0.0
T006888,0,0,,,0,,,147.63,0.0
T006889,0,0,,,0,,,192.36,0.0
T006890,0,0,,,0,,,162.22,0.0
T006891,0,0,,,0,,,163.38,0.0
T006892,0,0,,,0,,,498.88,0.0
T006893,1,0,,,0,,,0.0,2341.29
T006894,0,0,,,0,,,225.57,0.0
T006895,0,0,,,0,,,392.2,0.0
T006896,0,0,,,0,,,209.43,0.0
T006897,0,0,,,0,,,283.2,0.0
T006898,0,0,,,0,,,184.1,0.0
T006899,0,0,,,0,,,192.89,0.0
T006900,0,0,,,0,,,198.51,0.0
T006901,0,0,,,0,,,210.91,0.0
T006902,0,0,,,0,,,112.64,0.0
T006903,1,0,,,0,,,0.0,355.03
T006904,0,0,,,0,,,164.92,0.0
T006905,0,0,,,0,,,283.69,0.0
T006906,0,0,,,0,,,171.46,0.0
T006907,0,0,,,0,,,189.76,0.0
T006908,0,0,,,0,,,434.51,0.0
T006909,0,0,,,0,,,358.94,0.0
T006910,0,0,,,0,,,231.95,0.0
T006911,0,0,,,0,,,243.34,0.0
T006912,0,0,,,0,,,182.99,0.0
T006913,0,0,,,0,,,162.29,0.0
T006914,0,0,,,0,,,195.47,0.0
T006915,0,0,,,0,,,181.12,0.0
T006916,0,0,,,0,,,153.26,0.0
T006917,0,0,,,0,,,209.66,0.0
T006918,0,0,,,0,,,447.97,0.0
T006919,0,0,,,0,,,52.85,0.0
T006920,0,0,,,0,,,309.29,0.0
T006921,0,0,,,0,,,178.71,0.0
T006922,0,0,,,0,,,153.33,0.0
T006923,0,0,,,0,,,214.89,0.0
T006924,0,0,,,0,,,150.43,0.0
T006925,0,0,,,0,,,174.61,0.0
T006926,0,0,,,0,,,180.57,0.0
T006927,0,0,,,0,,,223.93,0.0
T006928,0,0,,,0,,,315.69,0.0
T006929,0,0,,,0,,,306.49,0.0
T006930,0,0,,,0,,,148.54,0.0
T006931,0,0,,,0,,,78.68,0.0
T006932,0,0,,,0,,,171.13,0.0
T006933,0,0,,,0,,,169.84,0.0
T006934,1,0,,,0,,,0.0,446.91
T006935,0,0,,,0,,,193.64,0.0
T006936,0,0,,,0,,,125.62,0.0
T006937,0,0,,,0,,,86.68,0.0
T006938,0,0,,,0,,,644.5,0.0
T006939,0,0,,,0,,,339.86,0.0
T006940,0,0,,,0,,,184.27,0.0
T006941,0,0,,,0,,,187.82,0.0
T006942,0,0,,,0,,,160.97,0.0
T006943,0,0,,,0,,,173.67,0.0
T006944,0,0,,,0,,,194.74,0.0
T006945,0,0,,,0,,,2467.94,0.0
T006946,0,0,,,0,,,201.02,0.0
T006947,0,0,,,0,,,220.03,0.0
T006948,0,0,,,0,,,201.47,0.0
T006949,0,0,,,0,,,99.23,0.0
T006950,0,0,,,0,,,178.01,0.0
T006951,0,0,,,0,,,370.45,0.0
T006952,0,0,,,0,,,290.17,0.0
T006953,0,0,,,0,,,186.0,0.0
T006954,0,0,,,0,,,362.27,0.0
T006955,0,0,,,0,,,282.02,0.0
T006956,0,0,,,0,,,151.01,0.0
T006957,0,0,,,0,,,177.87,0.0
T006958,0,0,,,0,,,156.31,0.0
T006959,0,0,,,0,,,291.29,0.0
T006960,0,0,,,0,,,100.63,0.0
T006961,0,0,,,0,,,684.1,0.0
T006962,0,0,,,0,,,98.37,0.0
T006963,0,0,,,0,,,67.94,0.0
T006964,0,0,,,0,,,275.8,0.0
T006965,0,0,,,0,,,185.23,0.0
T006966,0,0,,,0,,,201.26,0.0
T006967,0,0,,,0,,,155.91,0.0
T006968,0,0,,,0,,,194.13,0.0
T006969,0,0,,,0,,,698.15,0.0
T006970,0,0,,,0,,,260.64,0.0
T006971,0,0,,,0,,,161.04,0.0
T006972,0,0,,,0,,,164.07,0.0
T006973,0,0,,,0,,,219.85,0.0
T006974,0,0,,,0,,,640.82,0.0
T006975,0,0,,,0,,,185.06,0.0
T006976,0,0,,,0,,,170.14,0.0
T006977,0,0,,,0,,,236.66,0.0
T006978,0,0,,,0,,,112.44,0.0
T006979,0,0,,,0,,,136.38,0.0
T006980,0,0,,,0,,,359.05,0.0
T006981,0,0,,,0,,,298.01,0.0
T006982,0,0,,,0,,,162.22,0.0
T006983,0,0,,,0,,,425.54,0.0
T006984,0,0,,,0,,,179.78,0.0
T006985,0,0,,,0,,,444.58,0.0
T006986,0,0,,,0,,,242.17,0.0
T006987,0,0,,,0,,,150.68,0.0
T006988,0,0,,,0,,,349.95,0.0
T006989,0,0,,,0,,,175.1,0.0
T006990,0,0,,,0,,,181.73,0.0
T006991,0,0,,,0,,,209.1,0.0
T006992,0,0,,,0,,,292.0,0.0
T006993,0,0,,,0,,,102.36,0.0
T006994,0,0,,,0,,,265.01,0.0
T006995,0,0,,,0,,,194.52,0.0
T006996,0,0,,,0,,,259.04,0.0
T006997,0,0,,,0,,,233.56,0.0
T006998,0,0,,,0,,,256.34,0.0
T006999,0,0,,,0,,,202.43,0.0
T007000,0,0,,,0,,,202.01,0.0
T007001,0,0,,,0,,,369.0,0.0
T007002,0,0,,,0,,,1618.25,0.0
T007003,0,0,,,0,,,102.96,0.0
T007004,0,0,,,0,,,532.0,0.0
T007005,0,0,,,0,,,161.3,0.0
T007006,0,0,,,0,,,218.0,0.0
T007007,0,0,,,0,,,426.28,0.0
T007008,0,0,,,0,,,163.0,0.0
T007009,0,0,,,0,,,231.3,0.0
T007010,0,0,,,0,,,169.9,0.0
T007011,0,0,,,0,,,233.91,0.0
T007012,0,0,,,0,,,296.31,0.0
T007013,0,0,,,0,,,432.69,0.0
T007014,0,0,,,0,,,154.58,0.0
T007015,0,0,,,0,,,110.69,0.0
T007016,0,0,,,0,,,152.47,0.0
T007017,0,0,,,0,,,155.38,0.0
T007018,0,0,,,0,,,401.6,0.0
T007019,0,0,,,0,,,351.26,0.0
T007020,0,0,,,0,,,200.61,0.0
T007021,0,0,,,0,,,230.42,0.0
T007022,0,0,,,0,,,165.12,0.0
T007023,0,0,,,0,,,154.25,0.0
T007024,0,0,,,0,,,156.22,0.0
T007025,0,0,,,0,,,176.54,0.0
T007026,0,0,,,0,,,226.29,0.0
T007027,0,0,,,0,,,152.4,0.0
T007028,0,0,,,0,,,230.21,0.0
T007029,0,0,,,0,,,109.93,0.0
T007030,0,0,,,0,,,118.81,0.0
T007031,0,0,,,0,,,158.44,0.0
T007032,0,0,,,0,,,446.47,0.0
T007033,0,0,,,0,,,220.45,0.0
T007034,0,0,,,0,,,150.25,0.0
T007035,0,0,,,0,,,171.51,0.0
T007036,0,0,,,0,,,164.12,0.0
T007037,0,0,,,0,,,158.59,0.0
T007038,0,0,,,0,,,280.81,0.0
T007039,0,0,,,0,,,174.07,0.0
T007040,0,0,,,0,,,1565.14,0.0
T007041,0,0,,,0,,,157.35,0.0
T007042,0,0,,,0,,,173.58,0.0
T007043,0,0,,,0,,,353.98,0.0
T007044,0,0,,,0,,,236.55,0.0
T007045,0,0,,,0,,,457.42,0.0
T007046,0,0,,,0,,,590.97,0.0
T007047,0,0,,,0,,,588.61,0.0
T007048,0,0,,,0,,,732.4,0.0
T007049,0,0,,,0,,,1200.71,0.0
T007050,0,0,,,0,,,1286.18,0.0
T007051,0,0,,,0,,,251.05,0.0
T007052,0,0,,,0,,,181.44,0.0
T007053,0,0,,,0,,,134.66,0.0
T007054,0,0,,,0,,,168.05,0.0
T007055,0,0,,,0,,,233.05,0.0
T007056,1,0,,,0,,,0.0,2457.8
T007057,0,0,,,0,,,214.24,0.0
T007058,0,0,,,0,,,201.89,0.0
T007059,0,0,,,0,,,152.96,0.0
T007060,0,0,,,0,,,190.99,0.0
T007061,0,0,,,0,,,409.32,0.0
T007062,0,0,,,0,,,384.34,0.0
T007063,0,0,,,0,,,166.63,0.0
T007064,0,0,,,0,,,347.92,0.0
T007065,0,0,,,0,,,203.51,0.0
T007066,0,0,,,0,,,293.07,0.0
T007067,0,0,,,0,,,245.32,0.0
T007068,0,0,,,0,,,220.54,0.0
T007069,0,0,,,0,,,264.26,0.0
T007070,0,0,,,0,,,281.29,0.0
T007071,0,0,,,0,,,183.63,0.0
T007072,0,0,,,0,,,168.16,0.0
T007073,0,0,,,0,,,161.44,0.0
T007074,0,0,,,0,,,243.62,0.0
T007075,0,0,,,0,,,167.54,0.0
T007076,0,0,,,0,,,100.38,0.0
T007077,0,0,,,0,,,338.48,0.0
T007078,0,0,,,0,,,276.58,0.0
T007079,0,0,,,0,,,212.34,0.0
T007080,0,0,,,0,,,421.17,0.0
T007081,0,0,,,0,,,978.89,0.0
T007082,0,0,,,0,,,186.34,0.0
T007083,0,0,,,0,,,152.52,0.0
T007084,0,0,,,0,,,331.07,0.0
T007085,0,0,,,0,,,699.09,0.0
T007086,0,0,,,0,,,238.8,0.0
T007087,0,0,,,0,,,224.34,0.0
T007088,0,0,,,0,,,487.62,0.0
T007089,0,0,,,0,,,153.81,0.0
T007090,0,0,,,0,,,93.26,0.0
T007091,0,0,,,0,,,169.25,0.0
T007092,0,0,,,0,,,245.46,0.0
T007093,0,0,,,0,,,236.69,0.0
T007094,0,0,,,0,,,184.45,0.0
T007095,1,0,,,0,,,0.0,1137.0
T007096,0,0,,,0,,,414.48,0.0
T007097,0,0,,,0,,,527.37,0.0
T007098,0,0,,,0,,,172.48,0.0
T007099,0,0,,,0,,,187.28,0.0
T007100,0,0,,,0,,,875.12,0.0
T007101,0,0,,,0,,,638.66,0.0
T007102,0,0,,,0,,,187.9,0.0
T007103,0,0,,,0,,,177.46,0.0
T007104,0,0,,,0,,,168.65,0.0
T007105,0,0,,,0,,,335.0,0.0
T007106,1,0,,,0,,,0.0,1794.63
T007107,0,0,,,0,,,261.55,0.0
T007108,0,0,,,0,,,187.67,0.0
T007109,0,0,,,0,,,175.0,0.0
T007110,0,0,,,0,,,174.97,0.0
T007111,0,0,,,0,,,186.46,0.0
T007112,0,0,,,0,,,221.91,0.0
T007113,0,0,,,0,,,380.71,0.0
T007114,0,0,,,0,,,150.77,0.0
T007115,0,0,,,0,,,162.02,0.0
T007116,0,0,,,0,,,541.59,0.0
T007117,0,0,,,0,,,249.11,0.0
T007118,0,0,,,0,,,103.23,0.0
T007119,0,0,,,0,,,332.6,0.0
T007120,0,0,,,0,,,146.53,0.0
T007121,0,0,,,0,,,165.32,0.0
T007122,0,0,,,0,,,205.63,0.0
T007123,0,0,,,0,,,196.84,0.0
T007124,0,0,,,0,,,411.04,0.0
T007125,0,0,,,0,,,156.61,0.0
T007126,0,0,,,0,,,164.6,0.0
T007127,0,0,,,0,,,347.04,0.0
T007128,0,0,,,0,,,318.17,0.0
T007129,0,0,,,0,,,426.78,0.0
T007130,0,0,,,0,,,381.1,0.0
T007131,0,0,,,0,,,389.36,0.0
T007132,0,0,,,0,,,223.32,0.0
T007133,0,0,,,0,,,361.44,0.0
T007134,0,0,,,0,,,506.0,0.0
T007135,0,0,,,0,,,230.67,0.0
T007136,0,0,,,0,,,361.63,0.0
T007137,0,0,,,0,,,511.19,0.0
T007138,0,0,,,0,,,305.37,0.0
T007139,0,0,,,0,,,200.84,0.0
T007140,0,0,,,0,,,302.66,0.0
T007141,0,0,,,0,,,186.82,0.0
T007142,0,0,,,0,,,125.94,0.0
T007143,0,0,,,0,,,157.32,0.0
T007144,0,0,,,0,,,278.45,0.0
T007145,0,0,,,0,,,326.23,0.0
T007146,0,0,,,0,,,290.23,0.0
T007147,0,0,,,0,,,525.83,0.0
T007148,0,0,,,0,,,354.08,0.0
T007149,0,0,,,0,,,158.86,0.0
T007150,0,0,,,0,,,1114.02,0.0
T007151,0,0,,,0,,,207.99,0.0
T007152,0,0,,,0,,,322.91,0.0
T007153,0,0,,,0,,,177.09,0.0
T007154,0,0,,,0,,,172.94,0.0
T007155,0,0,,,0,,,174.54,0.0
T007156,0,0,,,0,,,605.18,0.0
T007157,0,0,,,0,,,209.12,0.0
T007158,0,0,,,0,,,202.74,0.0
T007159,0,0,,,0,,,161.91,0.0
T007160,0,0,,,0,,,167.58,0.0
T007161,0,0,,,0,,,150.37,0.0
T007162,0,0,,,0,,,172.19,0.0
T007163,0,0,,,0,,,171.04,0.0
T007164,0,0,,,0,,,215.32,0.0
T007165,0,0,,,0,,,187.34,0.0
T007166,0,0,,,0,,,170.11,0.0
T007167,0,0,,,0,,,301.28,0.0
T007168,0,0,,,0,,,225.15,0.0
T007169,0,0,,,0,,,762.76,0.0
T007170,0,0,,,0,,,345.93,0.0
T007171,0,0,,,0,,,107.35,0.0
T007172,0,0,,,0,,,169.07,0.0
T007173,1,0,,,0,,,0.0,3891.85
T007174,0,0,,,0,,,152.62,0.0
T007175,0,0,,,0,,,221.07,0.0
T007176,0,0,,,0,,,459.41,0.0
T007177,0,0,,,0,,,178.19,0.0
T007178,0,0,,,0,,,286.54,0.0
T007179,0,0,,,0,,,286.97,0.0
T007180,0,0,,,0,,,157.65,0.0
T007181,0,0,,,0,,,200.18,0.0
T007182,0,0,,,0,,,160.6,0.0
T007183,0,0,,,0,,,105.6,0.0
T007184,0,0,,,0,,,349.59,0.0
T007185,0,0,,,0,,,223.64,0.0
T007186,0,0,,,0,,,357.15,0.0
T007187,0,0,,,0,,,187.24,0.0
T007188,0,0,,,0,,,298.75,0.0
T007189,0,0,,,0,,,448.5,0.0
T007190,0,0,,,0,,,448.27,0.0
T007191,0,0,,,0,,,258.06,0.0
T007192,0,0,,,0,,,187.47,0.0
T007193,0,0,,,0,,,341.57,0.0
T007194,0,0,,,0,,,164.2,0.0
T007195,0,0,,,0,,,275.2,0.0
T007196,0,0,,,0,,,188.15,0.0
T007197,0,0,,,0,,,220.21,0.0
T007198,0,0,,,0,,,236.04,0.0
T007199,0,0,,,0,,,182.23,0.0
T007200,0,0,,,0,,,166.91,0.0
T007201,0,0,,,0,,,312.59,0.0
T007202,1,0,,,0,,,0.0,818.72
T007203,0,0,,,0,,,157.71,0.0
T007204,0,0,,,0,,,191.08,0.0
T007205,0,0,,,0,,,184.07,0.0
T007206,0,0,,,0,,,379.54,0.0
T007207,0,0,,,0,,,1367.03,0.0
T007208,0,0,,,0,,,180.19,0.0
T007209,0,0,,,0,,,173.61,0.0
T007210,0,0,,,0,,,204.68,0.0
T007211,0,0,,,0,,,178.54,0.0
T007212,0,0,,,0,,,357.9,0.0
T007213,0,0,,,0,,,173.67,0.0
T007214,0,0,,,0,,,259.06,0.0
T007215,0,0,,,0,,,285.12,0.0
T007216,0,0,,,0,,,414.88,0.0
T007217,0,0,,,0,,,326.95,0.0
T007218,0,0,,,0,,,150.75,0.0
T007219,0,0,,,0,,,99.84,0.0
T007220,0,0,,,0,,,192.23,0.0
T007221,0,0,,,0,,,171.93,0.0
T007222,1,0,,,0,,,0.0,2127.49
T007223,0,0,,,0,,,189.87,0.0
T007224,0,0,,,0,,,152.79,0.0
T007225,0,0,,,0,,,306.91,0.0
T007226,0,0,,,0,,,251.86,0.0
T007227,0,0,,,0,,,330.1,0.0
T007228,0,0,,,0,,,302.99,0.0
T007229,0,0,,,0,,,429.62,0.0
T007230,0,0,,,0,,,150.61,0.0
T007231,0,0,,,0,,,339.35,0.0
T007232,0,0,,,0,,,134.62,0.0
T007233,0,0,,,0,,,162.15,0.0
T007234,0,0,,,0,,,154.97,0.0
T007235,0,0,,,0,,,264.44,0.0
T007236,0,0,,,0,,,508.89,0.0
T007237,0,0,,,0,,,172.98,0.0
T007238,0,0,,,0,,,349.38,0.0
T007239,0,0,,,0,,,168.39,0.0
T007240,0,0,,,0,,,187.71,0.0
T007241,0,0,,,0,,,244.94,0.0
T007242,0,0,,,0,,,416.61,0.0
T007243,0,0,,,0,,,174.61,0.0
T007244,0,0,,,0,,,479.54,0.0
T007245,0,0,,,0,,,433.97,0.0
T007246,0,0,,,0,,,376.28,0.0
T007247,0,0,,,0,,,719.17,0.0
T007248,0,0,,,0,,,217.69,0.0
T007249,0,0,,,0,,,266.68,0.0
T007250,0,0,,,0,,,326.22,0.0
T007251,0,0,,,0,,,858.07,0.0
T007252,0,0,,,0,,,168.56,0.0
T007253,0,0,,,0,,,382.89,0.0
T007254,0,0,,,0,,,197.52,0.0
T007255,0,0,,,0,,,327.92,0.0
T007256,0,0,,,0,,,181.48,0.0
T007257,0,0,,,0,,,275.55,0.0
T007258,0,0,,,0,,,190.04,0.0
T007259,0,0,,,0,,,236.06,0.0
T007260,0,0,,,0,,,220.89,0.0
T007261,1,0,,,0,,,0.0,5730.51
T007262,0,0,,,0,,,103.66,0.0
T007263,0,0,,,0,,,159.49,0.0
T007264,0,0,,,0,,,278.88,0.0
T007265,0,0,,,0,,,112.04,0.0
T007266,0,0,,,0,,,217.96,0.0
T007267,0,0,,,0,,,258.72,0.0
T007268,0,0,,,0,,,52.07,0.0
T007269,0,0,,,0,,,159.29,0.0
T007270,0,0,,,0,,,192.46,0.0
T007271,0,0,,,0,,,170.27,0.0
T007272,0,0,,,0,,,194.51,0.0
T007273,0,0,,,0,,,725.03,0.0
T007274,0,0,,,0,,,233.28,0.0
T007275,0,0,,,0,,,259.65,0.0
T007276,0,0,,,0,,,162.5,0.0
T007277,0,0,,,0,,,161.75,0.0
T007278,0,0,,,0,,,470.77,0.0
T007279,0,0,,,0,,,123.58,0.0
T007280,0,0,,,0,,,287.75,0.0
T007281,0,0,,,0,,,202.81,0.0
T007282,0,0,,,0,,,180.86,0.0
T007283,0,0,,,0,,,213.8,0.0
T007284,0,0,,,0,,,98.07,0.0
T007285,0,0,,,0,,,207.2,0.0
T007286,0,0,,,0,,,164.51,0.0
T007287,0,0,,,0,,,172.84,0.0
T007288,0,0,,,0,,,159.29,0.0
T007289,0,0,,,0,,,322.87,0.0
T007290,0,0,,,0,,,306.16,0.0
T007291,0,0,,,0,,,156.73,0.0
T007292,0,0,,,0,,,92.82,0.0
T007293,0,0,,,0,,,164.43,0.0
T007294,0,0,,,0,,,180.7,0.0
T007295,0,0,,,0,,,241.09,0.0
T007296,1,0,,,0,,,0.0,6664.23
T007297,0,0,,,0,,,184.3,0.0
T007298,0,0,,,0,,,230.36,0.0
T007299,0,0,,,0,,,226.47,0.0
T007300,0,0,,,0,,,477.35,0.0
T007301,0,0,,,0,,,244.4,0.0
T007302,0,0,,,0,,,343.25,0.0
T007303,0,0,,,0,,,199.17,0.0
T007304,0,0,,,0,,,233.68,0.0
T007305,0,0,,,0,,,321.33,0.0
T007306,0,0,,,0,,,290.99,0.0
T007307,0,0,,,0,,,157.28,0.0
T007308,0,0,,,0,,,181.82,0.0
T007309,0,0,,,0,,,171.74,0.0
T007310,0,0,,,0,,,334.28,0.0
T007311,0,0,,,0,,,169.32,0.0
T007312,0,0,,,0,,,252.23,0.0
T007313,0,0,,,0,,,290.36,0.0
T007314,0,0,,,0,,,161.71,0.0
T007315,0,0,,,0,,,221.06,0.0
T007316,0,0,,,0,,,193.56,0.0
T007317,0,0,,,0,,,176.2,0.0
T007318,1,0,,,0,,,0.0,5506.18
T007319,0,0,,,0,,,387.98,0.0
T007320,0,0,,,0,,,151.25,0.0
T007321,0,0,,,0,,,90.25,0.0
T007322,0,0,,,0,,,192.58,0.0
T007323,0,0,,,0,,,242.62,0.0
T007324,0,0,,,0,,,470.77,0.0
T007325,0,0,,,0,,,203.06,0.0
T007326,0,0,,,0,,,83.9,0.0
T007327,0,0,,,0,,,282.01,0.0
T007328,0,0,,,0,,,277.59,0.0
T007329,0,0,,,0,,,202.33,0.0
T007330,0,0,,,0,,,167.76,0.0
T007331,0,0,,,0,,,258.89,0.0
T007332,0,0,,,0,,,163.94,0.0
T007333,0,0,,,0,,,253.94,0.0
T007334,0,0,,,0,,,154.31,0.0
T007335,0,0,,,0,,,84.5,0.0
T007336,0,0,,,0,,,180.86,0.0
T007337,0,0,,,0,,,225.94,0.0
T007338,0,0,,,0,,,241.62,0.0
T007339,0,0,,,0,,,153.92,0.0
T007340,0,0,,,0,,,114.53,0.0
T007341,0,0,,,0,,,116.02,0.0
T007342,0,0,,,0,,,208.98,0.0
T007343,0,0,,,0,,,159.3,0.0
T007344,0,0,,,0,,,155.25,0.0
T007345,0,0,,,0,,,607.36,0.0
T007346,0,0,,,0,,,196.89,0.0
T007347,0,0,,,0,,,326.61,0.0
T007348,0,0,,,0,,,178.45,0.0
T007349,0,0,,,0,,,186.83,0.0
T007350,0,0,,,0,,,324.35,0.0
T007351,0,0,,,0,,,211.22,0.0
T007352,0,0,,,0,,,257.41,0.0
T007353,0,0,,,0,,,294.93,0.0
T007354,0,0,,,0,,,192.31,0.0
T007355,0,0,,,0,,,163.86,0.0
T007356,0,0,,,0,,,423.41,0.0
T007357,0,0,,,0,,,516.05,0.0
T007358,0,0,,,0,,,273.64,0.0
T007359,0,0,,,0,,,120.96,0.0
T007360,0,0,,,0,,,241.48,0.0
T007361,0,0,,,0,,,229.88,0.0
T007362,0,0,,,0,,,499.78,0.0
T007363,0,0,,,0,,,175.93,0.0
T007364,0,0,,,0,,,200.19,0.0
T007365,0,0,,,0,,,186.77,0.0
T007366,0,0,,,0,,,138.75,0.0
T007367,0,0,,,0,,,223.82,0.0
T007368,0,0,,,0,,,309.64,0.0
T007369,0,0,,,0,,,202.3,0.0
T007370,0,0,,,0,,,227.36,0.0
T007371,0,0,,,0,,,230.21,0.0
T007372,0,0,,,0,,,146.94,0.0
T007373,0,0,,,0,,,200.81,0.0
T007374,0,0,,,0,,,293.11,0.0
T007375,0,0,,,0,,,134.55,0.0
T007376,0,0,,,0,,,180.49,0.0
T007377,0,0,,,0,,,270.25,0.0
T007378,0,0,,,0,,,114.88,0.0
T007379,0,0,,,0,,,376.08,0.0
T007380,0,0,,,0,,,183.28,0.0
T007381,0,0,,,0,,,204.65,0.0
T007382,0,0,,,0,,,201.47,0.0
T007383,0,0,,,0,,,597.02,0.0
T007384,0,0,,,0,,,155.21,0.0
T007385,0,0,,,0,,,151.64,0.0
T007386,0,0,,,0,,,296.22,0.0
T007387,0,0,,,0,,,192.77,0.0
T007388,0,0,,,0,,,434.27,0.0
T007389,0,0,,,0,,,306.04,0.0
T007390,0,0,,,0,,,100.3,0.0
T007391,0,0,,,0,,,798.62,0.0
T007392,0,0,,,0,,,180.14,0.0
T007393,0,0,,,0,,,165.3,0.0
T007394,0,0,,,0,,,251.37,0.0
T007395,0,0,,,0,,,190.46,0.0
T007396,0,0,,,0,,,303.57,0.0
T007397,0,0,,,0,,,176.83,0.0
T007398,0,0,,,0,,,214.22,0.0
T007399,0,0,,,0,,,266.74,0.0
T007400,0,0,,,0,,,214.7,0.0
T007401,0,0,,,0,,,107.99,0.0
T007402,0,0,,,0,,,188.54,0.0
T007403,0,0,,,0,,,87.99,0.0
T007404,0,0,,,0,,,1845.12,0.0
T007405,0,0,,,0,,,186.92,0.0
T007406,0,0,,,0,,,657.62,0.0
T007407,0,0,,,0,,,241.58,0.0
T007408,0,0,,,0,,,197.66,0.0
T007409,0,0,,,0,,,193.39,0.0
T007410,0,0,,,0,,,167.67,0.0
T007411,0,0,,,0,,,480.86,0.0
T007412,0,0,,,0,,,160.92,0.0
T007413,0,0,,,0,,,206.96,0.0
T007414,0,0,,,0,,,179.86,0.0
T007415,0,0,,,0,,,163.79,0.0
T007416,0,0,,,0,,,107.95,0.0
T007417,0,0,,,0,,,135.17,0.0
T007418,0,0,,,0,,,184.7,0.0
T007419,0,0,,,0,,,246.19,0.0
T007420,0,0,,,0,,,82.96,0.0
T007421,0,0,,,0,,,697.39,0.0
T007422,0,0,,,0,,,200.4,0.0
T007423,0,0,,,0,,,262.75,0.0
T007424,0,0,,,0,,,175.08,0.0
T007425,0,0,,,0,,,197.22,0.0
T007426,0,0,,,0,,,348.31,0.0
T007427,0,0,,,0,,,207.0,0.0
T007428,0,0,,,0,,,162.38,0.0
T007429,0,0,,,0,,,249.05,0.0
T007430,0,0,,,0,,,175.63,0.0
T007431,0,0,,,0,,,164.47,0.0
T007432,0,0,,,0,,,191.52,0.0
T007433,0,0,,,0,,,320.73,0.0
T007434,0,0,,,0,,,337.82,0.0
T007435,0,0,,,0,,,327.43,0.0
T007436,0,0,,,0,,,110.24,0.0
T007437,0,0,,,0,,,154.47,0.0
T007438,0,0,,,0,,,166.04,0.0
T007439,0,0,,,0,,,263.62,0.0
T007440,0,0,,,0,,,190.86,0.0
T007441,0,0,,,0,,,249.88,0.0
T007442,0,0,,,0,,,157.7,0.0
T007443,0,0,,,0,,,191.43,0.0
T007444,0,0,,,0,,,212.39,0.0
T007445,0,0,,,0,,,158.54,0.0
T007446,0,0,,,0,,,332.62,0.0
T007447,0,0,,,0,,,691.56,0.0
T007448,0,0,,,0,,,253.51,0.0
T007449,0,0,,,0,,,582.6,0.0
T007450,0,0,,,0,,,200.22,0.0
T007451,0,0,,,0,,,220.87,0.0
T007452,0,0,,,0,,,338.6,0.0
T007453,0,0,,,0,,,281.45,0.0
T007454,0,0,,,0,,,678.84,0.0
T007455,0,0,,,0,,,106.35,0.0
T007456,0,0,,,0,,,302.53,0.0
T007457,0,0,,,0,,,250.42,0.0
T007458,0,0,,,0,,,196.03,0.0
T007459,0,0,,,0,,,655.11,0.0
T007460,0,0,,,0,,,177.94,0.0
T007461,0,0,,,0,,,213.19,0.0
T007462,0,0,,,0,,,193.11,0.0
T007463,0,0,,,0,,,155.67,0.0
T007464,0,0,,,0,,,237.2,0.0
T007465,0,0,,,0,,,229.5,0.0
T007466,0,0,,,0,,,576.15,0.0
T007467,0,0,,,0,,,169.35,0.0
T007468,0,0,,,0,,,148.25,0.0
T007469,0,0,,,0,,,105.62,0.0
T007470,0,0,,,0,,,152.12,0.0
T007471,0,0,,,0,,,157.76,0.0
T007472,0,0,,,0,,,157.53,0.0
T007473,0,0,,,0,,,155.88,0.0
T007474,0,0,,,0,,,237.87,0.0
T007475,0,0,,,0,,,235.61,0.0
T007476,0,0,,,0,,,471.38,0.0
T007477,1,0,,,0,,,0.0,1100.4
T007478,0,0,,,0,,,1114.07,0.0
T007479,0,0,,,0,,,220.9,0.0
T007480,0,0,,,0,,,188.17,0.0
T007481,0,0,,,0,,,597.94,0.0
T007482,0,0,,,0,,,286.67,0.0
T007483,0,0,,,0,,,414.49,0.0
T007484,0,0,,,0,,,128.36,0.0
T007485,0,0,,,0,,,667.78,0.0
T007486,0,0,,,0,,,279.32,0.0
T007487,0,0,,,0,,,212.03,0.0
T007488,0,0,,,0,,,344.71,0.0
T007489,0,0,,,0,,,1096.68,0.0
T007490,0,0,,,0,,,160.19,0.0
T007491,0,0,,,0,,,274.13,0.0
T007492,0,0,,,0,,,302.34,0.0
T007493,0,0,,,0,,,197.26,0.0
T007494,0,0,,,0,,,302.0,0.0
T007495,0,0,,,0,,,257.2,0.0
T007496,0,0,,,0,,,181.95,0.0
T007497,0,0,,,0,,,270.29,0.0
T007498,0,0,,,0,,,350.16,0.0
T007499,0,0,,,0,,,164.75,0.0
T007500,0,0,,,0,,,156.87,0.0
T007501,0,0,,,0,,,163.65,0.0
T007502,0,0,,,0,,,323.01,0.0
T007503,0,0,,,0,,,349.33,0.0
T007504,0,0,,,0,,,293.02,0.0
T007505,0,0,,,0,,,271.27,0.0
T007506,0,0,,,0,,,2226.68,0.0
T007507,0,0,,,0,,,383.85,0.0
T007508,0,0,,,0,,,98.67,0.0
T007509,0,0,,,0,,,175.23,0.0
T007510,0,0,,,0,,,176.54,0.0
T007511,0,0,,,0,,,172.33,0.0
T007512,0,0,,,0,,,161.26,0.0
T007513,0,0,,,0,,,175.41,0.0
T007514,0,0,,,0,,,473.68,0.0
T007515,0,0,,,0,,,642.74,0.0
T007516,0,0,,,0,,,259.75,0.0
T007517,0,0,,,0,,,172.29,0.0
T007518,0,0,,,0,,,545.36,0.0
T007519,0,0,,,0,,,185.61,0.0
T007520,0,0,,,0,,,169.15,0.0
T007521,0,0,,,0,,,309.42,0.0
T007522,0,0,,,0,,,184.91,0.0
T007523,0,0,,,0,,,318.32,0.0
T007524,0,0,,,0,,,264.99,0.0
T007525,0,0,,,0,,,112.02,0.0
T007526,0,0,,,0,,,159.42,0.0
T007527,0,0,,,0,,,178.91,0.0
T007528,0,0,,,0,,,161.88,0.0
T007529,0,0,,,0,,,738.83,0.0
T007530,0,0,,,0,,,265.33,0.0
T007531,0,0,,,0,,,166.45,0.0
T007532,0,0,,,0,,,170.51,0.0
T007533,0,0,,,0,,,173.02,0.0
T007534,1,0,,,0,,,0.0,2954.66
T007535,0,0,,,0,,,324.79,0.0
T007536,0,0,,,0,,,224.26,0.0
T007537,0,0,,,0,,,165.66,0.0
T007538,0,0,,,0,,,185.2,0.0
T007539,0,0,,,0,,,556.81,0.0
T007540,0,0,,,0,,,362.79,0.0
T007541,0,0,,,0,,,92.78,0.0
T007542,0,0,,,0,,,167.47,0.0
T007543,0,0,,,0,,,302.61,0.0
T007544,0,0,,,0,,,84.74,0.0
T007545,0,0,,,0,,,189.2,0.0
T007546,0,0,,,0,,,92.16,0.0
T007547,0,0,,,0,,,190.5,0.0
T007548,0,0,,,0,,,163.25,0.0
T007549,0,0,,,0,,,166.68,0.0
T007550,0,0,,,0,,,184.64,0.0
T007551,0,0,,,0,,,161.24,0.0
T007552,0,0,,,0,,,93.14,0.0
T007553,0,0,,,0,,,140.61,0.0
T007554,0,0,,,0,,,553.06,0.0
T007555,0,0,,,0,,,1105.41,0.0
T007556,0,0,,,0,,,666.06,0.0
T007557,0,0,,,0,,,581.62,0.0
T007558,0,0,,,0,,,80.78,0.0
T007559,1,0,,,0,,,0.0,1193.77
T007560,0,0,,,0,,,182.92,0.0
T007561,0,0,,,0,,,226.9,0.0
T007562,0,0,,,0,,,367.45,0.0
T007563,0,0,,,0,,,170.02,0.0
T007564,0,0,,,0,,,233.08,0.0
T007565,0,0,,,0,,,313.52,0.0
T007566,0,0,,,0,,,191.48,0.0
T007567,0,0,,,0,,,168.34,0.0
T007568,0,0,,,0,,,189.46,0.0
T007569,0,0,,,0,,,195.18,0.0
T007570,0,0,,,0,,,217.63,0.0
T007571,0,0,,,0,,,237.47,0.0
T007572,0,0,,,0,,,200.38,0.0
T007573,0,0,,,0,,,60.81,0.0
T007574,0,0,,,0,,,262.21,0.0
T007575,0,0,,,0,,,369.04,0.0
T007576,0,0,,,0,,,360.79,0.0
T007577,0,0,,,0,,,175.81,0.0
T007578,0,0,,,0,,,178.6,0.0
T007579,0,0,,,0,,,156.13,0.0
T007580,0,0,,,0,,,207.6,0.0
T007581,0,0,,,0,,,228.38,0.0
T007582,0,0,,,0,,,216.22,0.0
T007583,0,0,,,0,,,304.41,0.0
T007584,0,0,,,0,,,313.21,0.0
T007585,0,0,,,0,,,241.82,0.0
T007586,0,0,,,0,,,160.73,0.0
T007587,0,0,,,0,,,169.76,0.0
T007588,0,0,,,0,,,950.14,0.0
T007589,0,0,,,0,,,177.92,0.0
T007590,0,0,,,0,,,160.98,0.0
T007591,0,0,,,0,,,177.86,0.0
T007592,0,0,,,0,,,191.09,0.0
T007593,0,0,,,0,,,336.63,0.0
T007594,0,0,,,0,,,249.11,0.0
T007595,1,0,,,0,,,0.0,544.78
T007596,0,0,,,0,,,190.6,0.0
T007597,0,0,,,0,,,233.77,0.0
T007598,0,0,,,0,,,301.91,0.0
T007599,0,0,,,0,,,230.79,0.0
T007600,0,0,,,0,,,176.51,0.0
T007601,0,0,,,0,,,154.9,0.0
T007602,0,0,,,0,,,163.43,0.0
T007603,0,0,,,0,,,126.76,0.0
T007604,0,0,,,0,,,579.17,0.0
T007605,0,0,,,0,,,168.04,0.0
T007606,0,0,,,0,,,149.18,0.0
T007607,0,0,,,0,,,162.45,0.0
T007608,0,0,,,0,,,183.6,0.0
T007609,0,0,,,0,,,267.3,0.0
T007610,0,0,,,0,,,150.21,0.0
T007611,0,0,,,0,,,243.88,0.0
T007612,0,0,,,0,,,255.82,0.0
T007613,0,0,,,0,,,189.87,0.0
T007614,0,0,,,0,,,236.12,0.0
T007615,0,0,,,0,,,179.94,0.0
T007616,1,0,,,0,,,0.0,1865.16
T007617,0,0,,,0,,,445.46,0.0
T007618,0,0,,,0,,,169.76,0.0
T007619,0,0,,,0,,,188.39,0.0
T007620,0,0,,,0,,,774.82,0.0
T007621,0,0,,,0,,,179.15,0.0
T007622,0,0,,,0,,,373.07,0.0
T007623,0,0,,,0,,,188.94,0.0
T007624,0,0,,,0,,,161.85,0.0
T007625,0,0,,,0,,,313.59,0.0
T007626,0,0,,,0,,,405.31,0.0
T007627,0,0,,,0,,,261.28,0.0
T007628,0,0,,,0,,,154.1,0.0
T007629,0,0,,,0,,,266.96,0.0
T007630,0,0,,,0,,,627.06,0.0
T007631,0,0,,,0,,,203.41,0.0
T007632,0,0,,,0,,,183.55,0.0
T007633,0,0,,,0,,,185.09,0.0
T007634,0,0,,,0,,,169.73,0.0
T007635,0,0,,,0,,,166.93,0.0
T007636,0,0,,,0,,,181.46,0.0
T007637,0,0,,,0,,,185.0,0.0
T007638,0,0,,,0,,,334.13,0.0
T007639,0,0,,,0,,,238.62,0.0
T007640,0,0,,,0,,,321.78,0.0
T007641,0,0,,,0,,,127.16,0.0
T007642,0,0,,,0,,,169.15,0.0
T007643,0,0,,,0,,,442.85,0.0
T007644,0,0,,,0,,,207.11,0.0
T007645,0,0,,,0,,,862.07,0.0
T007646,0,0,,,0,,,179.14,0.0
T007647,0,0,,,0,,,337.56,0.0
T007648,0,0,,,0,,,159.87,0.0
T007649,0,0,,,0,,,182.37,0.0
T007650,0,0,,,0,,,271.08,0.0
T007651,0,0,,,0,,,240.08,0.0
T007652,0,0,,,0,,,254.96,0.0
T007653,0,0,,,0,,,164.45,0.0
T007654,0,0,,,0,,,209.77,0.0
T007655,0,0,,,0,,,174.99,0.0
T007656,0,0,,,0,,,304.87,0.0
T007657,0,0,,,0,,,189.7,0.0
T007658,0,0,,,0,,,276.46,0.0
T007659,0,0,,,0,,,327.83,0.0
T007660,0,0,,,0,,,414.5,0.0
T007661,0,0,,,0,,,183.75,0.0
T007662,0,0,,,0,,,154.71,0.0
T007663,0,0,,,0,,,193.23,0.0
T007664,0,0,,,0,,,189.91,0.0
T007665,0,0,,,0,,,218.63,0.0
T007666,0,0,,,0,,,233.32,0.0
T007667,0,0,,,0,,,152.03,0.0
T007668,0,0,,,0,,,192.5,0.0
T007669,0,0,,,0,,,454.76,0.0
T007670,0,0,,,0,,,178.96,0.0
T007671,0,0,,,0,,,177.1,0.0
T007672,0,0,,,0,,,164.09,0.0
T007673,0,0,,,0,,,236.05,0.0
T007674,0,0,,,0,,,212.37,0.0
T007675,0,0,,,0,,,169.83,0.0
T007676,0,0,,,0,,,274.23,0.0
T007677,0,0,,,0,,,199.32,0.0
T007678,0,0,,,0,,,170.01,0.0
T007679,0,0,,,0,,,488.49,0.0
T007680,0,0,,,0,,,655.21,0.0
T007681,0,0,,,0,,,133.1,0.0
T007682,0,0,,,0,,,297.31,0.0
T007683,0,0,,,0,,,455.89,0.0
T007684,0,0,,,0,,,303.9,0.0
T007685,0,0,,,0,,,228.53,0.0
T007686,0,0,,,0,,,184.53,0.0
T007687,0,0,,,0,,,220.92,0.0
T007688,0,0,,,0,,,140.16,0.0
T007689,0,0,,,0,,,158.54,0.0
T007690,0,0,,,0,,,817.88,0.0
T007691,0,0,,,0,,,135.22,0.0
T007692,1,0,,,0,,,0.0,2246.79
T007693,0,0,,,0,,,165.91,0.0
T007694,0,0,,,0,,,300.84,0.0
T007695,0,0,,,0,,,172.41,0.0
T007696,0,0,,,0,,,230.88,0.0
T007697,0,0,,,0,,,215.05,0.0
T007698,0,0,,,0,,,239.57,0.0
T007699,0,0,,,0,,,389.53,0.0
T007700,0,0,,,0,,,372.68,0.0
T007701,0,0,,,0,,,471.61,0.0
T007702,0,0,,,0,,,514.69,0.0
T007703,0,0,,,0,,,169.21,0.0
T007704,0,0,,,0,,,154.92,0.0
T007705,0,0,,,0,,,189.48,0.0
T007706,0,0,,,0,,,101.88,0.0
T007707,0,0,,,0,,,218.67,0.0
T007708,0,0,,,0,,,451.53,0.0
T007709,0,0,,,0,,,2068.14,0.0
T007710,0,0,,,0,,,383.26,0.0
T007711,0,0,,,0,,,586.67,0.0
T007712,0,0,,,0,,,753.62,0.0
T007713,0,0,,,0,,,418.0,0.0
T007714,0,0,,,0,,,159.78,0.0
T007715,0,0,,,0,,,522.19,0.0
T007716,0,0,,,0,,,199.4,0.0
T007717,0,0,,,0,,,200.46,0.0
T007718,0,0,,,0,,,340.34,0.0
T007719,0,0,,,0,,,197.82,0.0
T007720,0,0,,,0,,,149.77,0.0
T007721,0,0,,,0,,,298.47,0.0
T007722,0,0,,,0,,,194.69,0.0
T007723,0,0,,,0,,,970.77,0.0
T007724,0,0,,,0,,,159.56,0.0
T007725,0,0,,,0,,,257.4,0.0
T007726,0,0,,,0,,,117.01,0.0
T007727,0,0,,,0,,,179.8,0.0
T007728,0,0,,,0,,,199.06,0.0
T007729,1,0,,,0,,,0.0,1085.8
T007730,0,0,,,0,,,159.7,0.0
T007731,0,0,,,0,,,151.85,0.0
T007732,0,0,,,0,,,170.08,0.0
T007733,0,0,,,0,,,216.46,0.0
T007734,0,0,,,0,,,158.33,0.0
T007735,0,0,,,0,,,529.27,0.0
T007736,0,0,,,0,,,200.94,0.0
T007737,0,0,,,0,,,414.62,0.0
T007738,0,0,,,0,,,168.31,0.0
T007739,0,0,,,0,,,216.0,0.0
T007740,0,0,,,0,,,229.26,0.0
T007741,0,0,,,0,,,160.11,0.0
T007742,0,0,,,0,,,599.53,0.0
T007743,0,0,,,0,,,217.86,0.0
T007744,0,0,,,0,,,165.04,0.0
T007745,0,0,,,0,,,330.43,0.0
T007746,0,0,,,0,,,77.72,0.0
T007747,0,0,,,0,,,213.92,0.0
T007748,0,0,,,0,,,222.37,0.0
T007749,0,0,,,0,,,173.5,0.0
T007750,0,0,,,0,,,218.71,0.0
T007751,0,0,,,0,,,153.23,0.0
T007752,0,0,,,0,,,262.44,0.0
T007753,0,0,,,0,,,261.97,0.0
T007754,0,0,,,0,,,169.17,0.0
T007755,0,0,,,0,,,124.37,0.0
T007756,0,0,,,0,,,265.27,0.0
T007757,0,0,,,0,,,184.53,0.0
T007758,0,0,,,0,,,160.51,0.0
T007759,0,0,,,0,,,518.34,0.0
T007760,0,0,,,0,,,333.68,0.0
T007761,0,0,,,0,,,223.23,0.0
T007762,0,0,,,0,,,161.81,0.0
T007763,0,0,,,0,,,341.11,0.0
T007764,0,0,,,0,,,232.33,0.0
T007765,0,0,,,0,,,1100.64,0.0
T007766,0,0,,,0,,,261.39,0.0
T007767,0,0,,,0,,,237.16,0.0
T007768,0,0,,,0,,,294.2,0.0
T007769,0,0,,,0,,,155.59,0.0
T007770,0,0,,,0,,,1108.09,0.0
T007771,0,0,,,0,,,171.69,0.0
T007772,0,0,,,0,,,269.78,0.0
T007773,0,0,,,0,,,326.32,0.0
T007774,0,0,,,0,,,273.04,0.0
T007775,0,0,,,0,,,307.63,0.0
T007776,0,0,,,0,,,193.51,0.0
T007777,0,0,,,0,,,532.06,0.0
T007778,0,0,,,0,,,143.22,0.0
T007779,0,0,,,0,,,196.93,0.0
T007780,0,0,,,0,,,279.7,0.0
T007781,0,0,,,0,,,195.69,0.0
T007782,0,0,,,0,,,181.73,0.0
T007783,0,0,,,0,,,280.34,0.0
T007784,0,0,,,0,,,138.84,0.0
T007785,0,0,,,0,,,530.01,0.0
T007786,0,0,,,0,,,373.7,0.0
T007787,0,0,,,0,,,173.6,0.0
T007788,0,0,,,0,,,299.53,0.0
T007789,0,0,,,0,,,167.75,0.0
T007790,0,0,,,0,,,191.52,0.0
T007791,0,0,,,0,,,284.51,0.0
T007792,0,0,,,0,,,415.89,0.0
T007793,0,0,,,0,,,205.69,0.0
T007794,0,0,,,0,,,318.03,0.0
T007795,0,0,,,0,,,317.32,0.0
T007796,0,0,,,0,,,408.0,0.0
T007797,0,0,,,0,,,193.89,0.0
T007798,0,0,,,0,,,199.78,0.0
T007799,0,0,,,0,,,203.0,0.0
T007800,0,0,,,0,,,190.47,0.0
T007801,0,0,,,0,,,173.5,0.0
T007802,0,0,,,0,,,193.07,0.0
T007803,0,0,,,0,,,527.4,0.0
T007804,0,0,,,0,,,197.52,0.0
T007805,0,0,,,0,,,312.96,0.0
T007806,0,0,,,0,,,1380.39,0.0
T007807,0,0,,,0,,,66.94,0.0
T007808,0,0,,,0,,,355.02,0.0
T007809,0,0,,,0,,,158.15,0.0
T007810,0,0,,,0,,,287.14,0.0
T007811,0,0,,,0,,,361.25,0.0
T007812,0,0,,,0,,,359.41,0.0
T007813,0,0,,,0,,,969.32,0.0
T007814,0,0,,,0,,,199.14,0.0
T007815,0,0,,,0,,,110.91,0.0
T007816,0,0,,,0,,,63.42,0.0
T007817,0,0,,,0,,,155.23,0.0
T007818,0,0,,,0,,,222.76,0.0
T007819,0,0,,,0,,,323.27,0.0
T007820,0,0,,,0,,,426.71,0.0
T007821,0,0,,,0,,,173.56,0.0
T007822,0,0,,,0,,,1226.03,0.0
T007823,0,0,,,0,,,248.63,0.0
T007824,0,0,,,0,,,163.73,0.0
T007825,0,0,,,0,,,294.59,0.0
T007826,0,0,,,0,,,277.71,0.0
T007827,0,0,,,0,,,168.17,0.0
T007828,0,0,,,0,,,540.84,0.0
T007829,0,0,,,0,,,165.09,0.0
T007830,0,0,,,0,,,271.9,0.0
T007831,0,0,,,0,,,280.03,0.0
T007832,0,0,,,0,,,230.93,0.0
T007833,0,0,,,0,,,337.84,0.0
T007834,0,0,,,0,,,266.21,0.0
T007835,0,0,,,0,,,307.47,0.0
T007836,0,0,,,0,,,182.44,0.0
T007837,0,0,,,0,,,912.0,0.0
T007838,1,0,,,0,,,0.0,1828.96
T007839,1,0,,,0,,,0.0,359.42
T007840,0,0,,,0,,,290.62,0.0
T007841,1,0,,,0,,,0.0,7326.16
T007842,0,0,,,0,,,484.3,0.0
T007843,0,0,,,0,,,346.48,0.0
T007844,0,0,,,0,,,221.83,0.0
T007845,0,0,,,0,,,277.86,0.0
T007846,0,0,,,0,,,183.69,0.0
T007847,0,0,,,0,,,231.75,0.0
T007848,0,0,,,0,,,179.04,0.0
T007849,0,0,,,0,,,492.76,0.0
T007850,0,0,,,0,,,220.24,0.0
T007851,0,0,,,0,,,96.43,0.0
T007852,0,0,,,0,,,160.21,0.0
T007853,0,0,,,0,,,383.06,0.0
T007854,0,0,,,0,,,176.45,0.0
T007855,0,0,,,0,,,253.44,0.0
T007856,0,0,,,0,,,156.78,0.0
T007857,0,0,,,0,,,116.1,0.0
T007858,0,0,,,0,,,391.44,0.0
T007859,0,0,,,0,,,171.11,0.0
T007860,0,0,,,0,,,140.9,0.0
T007861,0,0,,,0,,,152.17,0.0
T007862,0,0,,,0,,,2500.0,0.0
T007863,0,0,,,0,,,205.87,0.0
T007864,0,0,,,0,,,301.33,0.0
T007865,0,0,,,0,,,386.64,0.0
T007866,0,0,,,0,,,136.67,0.0
T007867,0,0,,,0,,,136.37,0.0
T007868,0,0,,,0,,,195.28,0.0
T007869,0,0,,,0,,,181.75,0.0
T007870,0,0,,,0,,,176.53,0.0
T007871,0,0,,,0,,,132.48,0.0
T007872,0,0,,,0,,,583.25,0.0
T007873,0,0,,,0,,,243.68,0.0
T007874,0,0,,,0,,,216.92,0.0
T007875,0,0,,,0,,,226.66,0.0
T007876,0,0,,,0,,,386.55,0.0
T007877,0,0,,,0,,,184.2,0.0
T007878,0,0,,,0,,,105.82,0.0
T007879,0,0,,,0,,,161.3,0.0
T007880,0,0,,,0,,,106.9,0.0
T007881,0,0,,,0,,,333.87,0.0
T007882,0,0,,,0,,,184.02,0.0
T007883,0,0,,,0,,,227.07,0.0
T007884,0,0,,,0,,,200.86,0.0
T007885,0,0,,,0,,,1054.05,0.0
T007886,0,0,,,0,,,175.89,0.0
T007887,0,0,,,0,,,181.57,0.0
T007888,0,0,,,0,,,119.75,0.0
T007889,0,0,,,0,,,224.1,0.0
T007890,0,0,,,0,,,244.84,0.0
T007891,0,0,,,0,,,476.89,0.0
T007892,0,0,,,0,,,219.35,0.0
T007893,0,0,,,0,,,174.98,0.0
T007894,0,0,,,0,,,177.34,0.0
T007895,0,0,,,0,,,361.93,0.0
T007896,0,0,,,0,,,248.63,0.0
T007897,0,0,,,0,,,412.84,0.0
T007898,0,0,,,0,,,266.78,0.0
T007899,0,0,,,0,,,152.15,0.0
T007900,0,0,,,0,,,194.61,0.0
T007901,0,0,,,0,,,201.58,0.0
T007902,0,0,,,0,,,156.36,0.0
T007903,0,0,,,0,,,310.83,0.0
T007904,0,0,,,0,,,858.18,0.0
T007905,0,0,,,0,,,179.2,0.0
T007906,0,0,,,0,,,276.38,0.0
T007907,0,0,,,0,,,295.78,0.0
T007908,0,0,,,0,,,411.1,0.0
T007909,0,0,,,0,,,139.97,0.0
T007910,0,0,,,0,,,332.81,0.0
T007911,0,0,,,0,,,468.45,0.0
T007912,0,0,,,0,,,351.33,0.0
T007913,0,0,,,0,,,281.72,0.0
T007914,0,0,,,0,,,234.24,0.0
T007915,0,0,,,0,,,333.95,0.0
T007916,0,0,,,0,,,225.4,0.0
T007917,0,0,,,0,,,167.75,0.0
T007918,0,0,,,0,,,270.89,0.0
T007919,0,0,,,0,,,140.67,0.0
T007920,1,0,,,0,,,0.0,3023.35
T007921,0,0,,,0,,,387.49,0.0
T007922,0,0,,,0,,,311.45,0.0
T007923,0,0,,,0,,,328.99,0.0
T007924,0,0,,,0,,,223.56,0.0
T007925,0,0,,,0,,,207.07,0.0
T007926,0,0,,,0,,,114.78,0.0
T007927,0,0,,,0,,,172.6,0.0
T007928,0,0,,,0,,,715.87,0.0
T007929,0,0,,,0,,,319.61,0.0
T007930,0,0,,,0,,,82.25,0.0
T007931,0,0,,,0,,,164.1,0.0
T007932,0,0,,,0,,,164.97,0.0
T007933,0,0,,,0,,,429.91,0.0
T007934,0,0,,,0,,,182.06,0.0
T007935,0,0,,,0,,,156.48,0.0
T007936,0,0,,,0,,,184.09,0.0
T007937,0,0,,,0,,,190.72,0.0
T007938,0,0,,,0,,,274.23,0.0
T007939,0,0,,,0,,,150.82,0.0
T007940,0,0,,,0,,,220.92,0.0
T007941,0,0,,,0,,,174.98,0.0
T007942,0,0,,,0,,,76.61,0.0
T007943,0,0,,,0,,,333.56,0.0
T007944,0,0,,,0,,,253.07,0.0
T007945,0,0,,,0,,,168.1,0.0
T007946,0,0,,,0,,,311.78,0.0
T007947,0,0,,,0,,,230.16,0.0
T007948,0,0,,,0,,,279.46,0.0
T007949,0,0,,,0,,,232.19,0.0
T007950,0,0,,,0,,,401.42,0.0
T007951,0,0,,,0,,,264.75,0.0
T007952,0,0,,,0,,,539.19,0.0
T007953,0,0,,,0,,,288.48,0.0
T007954,0,0,,,0,,,174.23,0.0
T007955,0,0,,,0,,,130.71,0.0
T007956,0,0,,,0,,,165.55,0.0
T007957,0,0,,,0,,,241.21,0.0
T007958,0,0,,,0,,,297.63,0.0
T007959,0,0,,,0,,,169.02,0.0
T007960,0,0,,,0,,,151.59,0.0
T007961,0,0,,,0,,,240.12,0.0
T007962,0,0,,,0,,,129.25,0.0
T007963,0,0,,,0,,,441.34,0.0
T007964,0,0,,,0,,,190.08,0.0
T007965,0,0,,,0,,,178.73,0.0
T007966,0,0,,,0,,,160.72,0.0
T007967,0,0,,,0,,,249.0,0.0
T007968,0,0,,,0,,,805.92,0.0
T007969,0,0,,,0,,,155.87,0.0
T007970,0,0,,,0,,,327.37,0.0
T007971,0,0,,,0,,,200.51,0.0
T007972,0,0,,,0,,,241.69,0.0
T007973,0,0,,,0,,,560.35,0.0
T007974,0,0,,,0,,,237.5,0.0
T007975,0,0,,,0,,,201.32,0.0
T007976,0,0,,,0,,,128.82,0.0
T007977,0,0,,,0,,,197.07,0.0
T007978,0,0,,,0,,,178.16,0.0
T007979,0,0,,,0,,,194.86,0.0
T007980,0,0,,,0,,,693.19,0.0
T007981,0,0,,,0,,,188.41,0.0
T007982,0,0,,,0,,,159.62,0.0
T007983,0,0,,,0,,,246.25,0.0
T007984,0,0,,,0,,,227.36,0.0
T007985,0,0,,,0,,,396.21,0.0
T007986,0,0,,,0,,,430.71,0.0
T007987,0,0,,,0,,,170.43,0.0
T007988,0,0,,,0,,,366.82,0.0
T007989,0,0,,,0,,,545.79,0.0
T007990,0,0,,,0,,,91.55,0.0
T007991,0,0,,,0,,,184.06,0.0
T007992,0,0,,,0,,,462.39,0.0
T007993,0,0,,,0,,,160.26,0.0
T007994,0,0,,,0,,,213.71,0.0
T007995,0,0,,,0,,,173.07,0.0
T007996,0,0,,,0,,,198.64,0.0
T007997,0,0,,,0,,,197.1,0.0
T007998,0,0,,,0,,,772.12,0.0
T007999,0,0,,,0,,,257.69,0.0
T008000,0,0,,,0,,,166.52,0.0
T008001,0,0,,,0,,,157.58,0.0
T008002,0,0,,,0,,,163.03,0.0
T008003,0,0,,,0,,,196.49,0.0
T008004,0,0,,,0,,,82.36,0.0
T008005,0,0,,,0,,,126.9,0.0
T008006,0,0,,,0,,,272.2,0.0
T008007,0,0,,,0,,,187.15,0.0
T008008,0,0,,,0,,,291.86,0.0
T008009,0,0,,,0,,,741.61,0.0
T008010,0,0,,,0,,,319.74,0.0
T008011,0,0,,,0,,,202.33,0.0
T008012,0,0,,,0,,,159.65,0.0
T008013,0,0,,,0,,,227.93,0.0
T008014,0,0,,,0,,,841.04,0.0
T008015,0,0,,,0,,,209.6,0.0
T008016,0,0,,,0,,,529.41,0.0
T008017,0,0,,,0,,,401.78,0.0
T008018,0,0,,,0,,,180.75,0.0
T008019,0,0,,,0,,,208.67,0.0
T008020,0,0,,,0,,,255.57,0.0
T008021,0,0,,,0,,,143.44,0.0
T008022,0,0,,,0,,,319.51,0.0
T008023,0,0,,,0,,,151.88,0.0
T008024,0,0,,,0,,,201.15,0.0
T008025,0,0,,,0,,,330.1,0.0
T008026,0,0,,,0,,,342.9,0.0
T008027,0,0,,,0,,,130.89,0.0
T008028,0,0,,,0,,,215.05,0.0
T008029,0,0,,,0,,,212.03,0.0
T008030,0,0,,,0,,,248.92,0.0
T008031,0,0,,,0,,,211.87,0.0
T008032,0,0,,,0,,,182.73,0.0
T008033,0,0,,,0,,,264.08,0.0
T008034,0,0,,,0,,,226.42,0.0
T008035,0,0,,,0,,,227.19,0.0
T008036,0,0,,,0,,,395.14,0.0
T008037,0,0,,,0,,,227.86,0.0
T008038,0,0,,,0,,,101.09,0.0
T008039,0,0,,,0,,,403.68,0.0
T008040,0,0,,,0,,,127.15,0.0
T008041,0,0,,,0,,,617.66,0.0
T008042,0,0,,,0,,,239.53,0.0
T008043,0,0,,,0,,,174.98,0.0
T008044,0,0,,,0,,,260.68,0.0
T008045,0,0,,,0,,,197.6,0.0
T008046,0,0,,,0,,,713.5,0.0
T008047,0,0,,,0,,,173.69,0.0
T008048,0,0,,,0,,,190.21,0.0
T008049,0,0,,,0,,,205.05,0.0
T008050,0,0,,,0,,,120.35,0.0
T008051,0,0,,,0,,,346.27,0.0
T008052,0,0,,,0,,,373.44,0.0
T008053,0,0,,,0,,,295.46,0.0
T008054,0,0,,,0,,,252.51,0.0
T008055,0,0,,,0,,,107.02,0.0
T008056,0,0,,,0,,,203.2,0.0
T008057,0,0,,,0,,,198.84,0.0
T008058,0,0,,,0,,,576.28,0.0
T008059,0,0,,,0,,,342.89,0.0
T008060,0,0,,,0,,,254.75,0.0
T008061,0,0,,,0,,,192.74,0.0
T008062,0,0,,,0,,,169.25,0.0
T008063,0,0,,,0,,,262.92,0.0
T008064,0,0,,,0,,,241.61,0.0
T008065,0,0,,,0,,,222.79,0.0
T008066,0,0,,,0,,,448.02,0.0
T008067,0,0,,,0,,,391.51,0.0
T008068,0,0,,,0,,,172.68,0.0
T008069,0,0,,,0,,,342.99,0.0
T008070,0,0,,,0,,,136.9,0.0
T008071,0,0,,,0,,,455.01,0.0
T008072,0,0,,,0,,,167.25,0.0
T008073,0,0,,,0,,,370.94,0.0
T008074,0,0,,,0,,,221.59,0.0
T008075,0,0,,,0,,,249.31,0.0
T008076,0,0,,,0,,,228.6,0.0
T008077,0,0,,,0,,,312.18,0.0
T008078,0,0,,,0,,,234.82,0.0
T008079,0,0,,,0,,,294.63,0.0
T008080,0,0,,,0,,,154.29,0.0
T008081,0,0,,,0,,,330.41,0.0
T008082,0,0,,,0,,,185.81,0.0
T008083,0,0,,,0,,,168.66,0.0
T008084,0,0,,,0,,,420.91,0.0
T008085,0,0,,,0,,,166.71,0.0
T008086,0,0,,,0,,,141.14,0.0
T008087,0,0,,,0,,,154.38,0.0
T008088,0,0,,,0,,,580.76,0.0
T008089,0,0,,,0,,,236.61,0.0
T008090,0,0,,,0,,,437.24,0.0
T008091,0,0,,,0,,,271.79,0.0
T008092,0,0,,,0,,,498.81,0.0
T008093,0,0,,,0,,,262.63,0.0
T008094,0,0,,,0,,,172.27,0.0
T008095,0,0,,,0,,,260.81,0.0
T008096,0,0,,,0,,,162.09,0.0
T008097,0,0,,,0,,,190.62,0.0
T008098,0,0,,,0,,,652.7,0.0
T008099,0,0,,,0,,,213.38,0.0
T008100,0,0,,,0,,,299.04,0.0
T008101,0,0,,,0,,,118.93,0.0
T008102,0,0,,,0,,,188.21,0.0
T008103,0,0,,,0,,,100.18,0.0
T008104,0,0,,,0,,,198.72,0.0
T008105,0,0,,,0,,,360.93,0.0
T008106,0,0,,,0,,,152.59,0.0
T008107,0,0,,,0,,,667.29,0.0
T008108,0,0,,,0,,,163.14,0.0
T008109,0,0,,,0,,,164.67,0.0
T008110,0,0,,,0,,,411.07,0.0
T008111,1,0,,,0,,,0.0,841.89
T008112,0,0,,,0,,,236.96,0.0
T008113,0,0,,,0,,,248.12,0.0
T008114,0,0,,,0,,,208.02,0.0
T008115,0,0,,,0,,,314.21,0.0
T008116,0,0,,,0,,,234.67,0.0
T008117,0,0,,,0,,,192.15,0.0
T008118,0,0,,,0,,,388.32,0.0
T008119,0,0,,,0,,,158.32,0.0
T008120,0,0,,,0,,,182.9,0.0
T008121,0,0,,,0,,,180.69,0.0
T008122,0,0,,,0,,,228.11,0.0
T008123,0,0,,,0,,,153.61,0.0
T008124,0,0,,,0,,,119.67,0.0
T008125,0,0,,,0,,,243.96,0.0
T008126,0,0,,,0,,,760.87,0.0
T008127,0,0,,,0,,,383.83,0.0
T008128,0,0,,,0,,,202.51,0.0
T008129,0,0,,,0,,,283.67,0.0
T008130,0,0,,,0,,,168.02,0.0
T008131,0,0,,,0,,,249.25,0.0
T008132,0,0,,,0,,,166.32,0.0
T008133,0,0,,,0,,,171.21,0.0
T008134,0,0,,,0,,,168.15,0.0
T008135,0,0,,,0,,,705.86,0.0
T008136,0,0,,,0,,,121.4,0.0
T008137,0,0,,,0,,,154.35,0.0
T008138,0,0,,,0,,,186.28,0.0
T008139,0,0,,,0,,,634.37,0.0
T008140,0,0,,,0,,,628.57,0.0
T008141,0,0,,,0,,,234.41,0.0
T008142,0,0,,,0,,,649.71,0.0
T008143,0,0,,,0,,,185.07,0.0
T008144,0,0,,,0,,,139.34,0.0
T008145,0,0,,,0,,,234.71,0.0
T008146,0,0,,,0,,,258.41,0.0
T008147,0,0,,,0,,,333.7,0.0
T008148,0,0,,,0,,,157.35,0.0
T008149,0,0,,,0,,,146.15,0.0
T008150,0,0,,,0,,,709.34,0.0
T008151,0,0,,,0,,,185.5,0.0
T008152,0,0,,,0,,,413.5,0.0
T008153,0,0,,,0,,,209.14,0.0
T008154,0,0,,,0,,,750.63,0.0
T008155,0,0,,,0,,,194.48,0.0
T008156,0,0,,,0,,,590.69,0.0
T008157,0,0,,,0,,,190.82,0.0
T008158,0,0,,,0,,,182.94,0.0
T008159,0,0,,,0,,,176.12,0.0
T008160,0,0,,,0,,,567.93,0.0
T008161,0,0,,,0,,,233.62,0.0
T008162,0,0,,,0,,,278.17,0.0
T008163,0,0,,,0,,,189.1,0.0
T008164,0,0,,,0,,,188.28,0.0
T008165,0,0,,,0,,,402.75,0.0
T008166,0,0,,,0,,,385.86,0.0
T008167,0,0,,,0,,,157.86,0.0
T008168,0,0,,,0,,,185.5,0.0
T008169,0,0,,,0,,,183.16,0.0
T008170,1,0,,,0,,,0.0,1413.92
T008171,0,0,,,0,,,210.28,0.0
T008172,0,0,,,0,,,260.46,0.0
T008173,0,0,,,0,,,172.99,0.0
T008174,0,0,,,0,,,741.74,0.0
T008175,0,0,,,0,,,398.76,0.0
T008176,0,0,,,0,,,160.2,0.0
T008177,0,0,,,0,,,158.21,0.0
T008178,0,0,,,0,,,357.03,0.0
T008179,0,0,,,0,,,307.32,0.0
T008180,0,0,,,0,,,216.1,0.0
T008181,0,0,,,0,,,203.57,0.0
T008182,0,0,,,0,,,168.45,0.0
T008183,0,0,,,0,,,1394.99,0.0
T008184,0,0,,,0,,,573.39,0.0
T008185,0,0,,,0,,,259.86,0.0
T008186,0,0,,,0,,,235.89,0.0
T008187,0,0,,,0,,,205.62,0.0
T008188,0,0,,,0,,,329.51,0.0
T008189,0,0,,,0,,,363.16,0.0
T008190,0,0,,,0,,,196.91,0.0
T008191,0,0,,,0,,,268.77,0.0
T008192,0,0,,,0,,,162.02,0.0
T008193,0,0,,,0,,,232.98,0.0
T008194,0,0,,,0,,,204.65,0.0
T008195,0,0,,,0,,,505.46,0.0
T008196,0,0,,,0,,,189.93,0.0
T008197,0,0,,,0,,,327.06,0.0
T008198,0,0,,,0,,,279.76,0.0
T008199,0,0,,,0,,,160.28,0.0
T008200,0,0,,,0,,,150.63,0.0
T008201,0,0,,,0,,,1234.9,0.0
T008202,0,0,,,0,,,225.06,0.0
T008203,0,0,,,0,,,481.07,0.0
T008204,0,0,,,0,,,345.34,0.0
T008205,0,0,,,0,,,189.04,0.0
T008206,0,0,,,0,,,264.06,0.0
T008207,0,0,,,0,,,225.33,0.0
T008208,0,0,,,0,,,162.5,0.0
T008209,0,0,,,0,,,237.89,0.0
T008210,0,0,,,0,,,156.38,0.0
T008211,0,0,,,0,,,224.93,0.0
T008212,0,0,,,0,,,565.48,0.0
T008213,0,0,,,0,,,247.2,0.0
T008214,0,0,,,0,,,1347.64,0.0
T008215,0,0,,,0,,,183.89,0.0
T008216,0,0,,,0,,,224.69,0.0
T008217,0,0,,,0,,,207.93,0.0
T008218,0,0,,,0,,,231.78,0.0
T008219,0,0,,,0,,,196.68,0.0
T008220,0,0,,,0,,,238.62,0.0
T008221,1,0,,,0,,,0.0,1001.55
T008222,0,0,,,0,,,309.68,0.0
T008223,0,0,,,0,,,673.83,0.0
T008224,0,0,,,0,,,283.46,0.0
T008225,0,0,,,0,,,157.37,0.0
T008226,0,0,,,0,,,203.04,0.0
T008227,0,0,,,0,,,283.23,0.0
T008228,0,0,,,0,,,501.15,0.0
T008229,0,0,,,0,,,229.96,0.0
T008230,0,0,,,0,,,270.94,0.0
T008231,0,0,,,0,,,373.98,0.0
T008232,0,0,,,0,,,336.65,0.0
T008233,0,0,,,0,,,306.0,0.0
T008234,0,0,,,0,,,246.21,0.0
T008235,0,0,,,0,,,204.35,0.0
T008236,0,0,,,0,,,163.46,0.0
T008237,0,0,,,0,,,714.67,0.0
T008238,0,0,,,0,,,182.66,0.0
T008239,0,0,,,0,,,189.73,0.0
T008240,0,0,,,0,,,325.97,0.0
T008241,0,0,,,0,,,300.55,0.0
T008242,0,0,,,0,,,256.19,0.0
T008243,0,0,,,0,,,202.49,0.0
T008244,0,0,,,0,,,204.64,0.0
T008245,1,0,,,0,,,0.0,1576.96
T008246,0,0,,,0,,,349.18,0.0
T008247,0,0,,,0,,,175.93,0.0
T008248,0,0,,,0,,,188.88,0.0
T008249,0,0,,,0,,,174.12,0.0
T008250,0,0,,,0,,,157.3,0.0
T008251,0,0,,,0,,,458.22,0.0
T008252,0,0,,,0,,,647.51,0.0
T008253,0,0,,,0,,,181.01,0.0
T008254,0,0,,,0,,,215.4,0.0
T008255,0,0,,,0,,,382.08,0.0
T008256,0,0,,,0,,,246.74,0.0
T008257,0,0,,,0,,,304.86,0.0
T008258,0,0,,,0,,,193.71,0.0
T008259,0,0,,,0,,,232.9,0.0
T008260,0,0,,,0,,,168.96,0.0
T008261,0,0,,,0,,,137.45,0.0
T008262,1,0,,,0,,,0.0,1261.39
T008263,0,0,,,0,,,305.36,0.0
T008264,0,0,,,0,,,167.93,0.0
T008265,0,0,,,0,,,93.08,0.0
T008266,0,0,,,0,,,201.47,0.0
T008267,0,0,,,0,,,140.57,0.0
T008268,0,0,,,0,,,144.87,0.0
T008269,0,0,,,0,,,165.52,0.0
T008270,0,0,,,0,,,165.19,0.0
T008271,0,0,,,0,,,170.31,0.0
T008272,0,0,,,0,,,176.31,0.0
T008273,0,0,,,0,,,161.28,0.0
T008274,0,0,,,0,,,177.94,0.0
T008275,0,0,,,0,,,188.21,0.0
T008276,0,0,,,0,,,266.9,0.0
T008277,1,0,,,0,,,0.0,720.47
T008278,0,0,,,0,,,174.51,0.0
T008279,0,0,,,0,,,170.53,0.0
T008280,0,0,,,0,,,187.21,0.0
T008281,0,0,,,0,,,302.92,0.0
T008282,0,0,,,0,,,225.9,0.0
T008283,0,0,,,0,,,240.91,0.0
T008284,0,0,,,0,,,487.78,0.0
T008285,0,0,,,0,,,168.01,0.0
T008286,0,0,,,0,,,200.44,0.0
T008287,0,0,,,1,TRN_S2,proxy_geo_burst,349.81,0.0
T008288,0,1,TRN_S2,,1,TRN_S2,proxy_geo_burst,182.66,0.0
T008289,0,0,,,1,TRN_S2,proxy_geo_burst,152.21,0.0
T008290,0,0,,,1,TRN_S2,proxy_geo_burst,343.7,0.0
T008291,0,1,TRN_S2,,1,TRN_S2,proxy_geo_burst,272.55,0.0
T008292,0,0,,,1,TRN_S2,proxy_geo_burst,324.82,0.0
T008293,0,1,TRN_S2,,1,TRN_S2,proxy_geo_burst,328.27,0.0
T008294,0,0,,,1,TRN_S2,proxy_geo_burst,177.11,0.0
T008295,0,1,TRN_S2,,1,TRN_S2,proxy_geo_burst,230.29,0.0
T008296,0,0,,,1,TRN_S2,proxy_geo_burst,190.68,0.0
T008297,0,0,,,1,TRN_S2,proxy_geo_burst,527.15,0.0
T008298,0,0,,,1,TRN_S2,proxy_geo_burst,419.08,0.0
T008299,1,1,TRN_S2,,1,TRN_S2,proxy_geo_burst,0.0,3377.67
T008300,0,1,TRN_S2,,1,TRN_S2,proxy_geo_burst,366.47,0.0
T008301,0,0,,,1,TRN_S2,proxy_geo_burst,149.69,0.0
T008302,0,0,,,1,TRN_S2,proxy_geo_burst,159.94,0.0
T008303,0,0,,,1,TRN_S2,proxy_geo_burst,203.26,0.0
T008304,0,1,TRN_S2,,1,TRN_S2,proxy_geo_burst,106.49,0.0
T008305,0,1,TRN_S2,,1,TRN_S2,proxy_geo_burst,185.16,0.0
T008306,1,1,TRN_S2,,1,TRN_S2,proxy_geo_burst,0.0,778.03
T008307,0,0,,,1,TRN_S2,proxy_geo_burst,330.41,0.0
T008308,0,1,TRN_S2,,1,TRN_S2,proxy_geo_burst,204.39,0.0
T008309,0,1,TRN_S2,,1,TRN_S2,proxy_geo_burst,222.58,0.0
T008310,0,0,,,1,TRN_S2,proxy_geo_burst,250.03,0.0
T008311,0,1,TRN_S2,,1,TRN_S2,proxy_geo_burst,885.05,0.0
T008312,0,0,,,1,TRN_S2,proxy_geo_burst,456.06,0.0
T008313,0,0,,,1,TRN_S2,proxy_geo_burst,279.66,0.0
T008314,0,0,,,1,TRN_S2,proxy_geo_burst,279.26,0.0
T008315,0,0,,,1,TRN_S2,proxy_geo_burst,333.1,0.0
T008316,0,0,,,1,TRN_S2,proxy_geo_burst,104.59,0.0
T008317,0,0,,,1,TRN_S2,proxy_geo_burst,218.85,0.0
T008318,1,1,TRN_S2,,1,TRN_S2,proxy_geo_burst,0.0,2503.01
T008319,0,0,,,1,TRN_S2,proxy_geo_burst,156.5,0.0
T008320,1,1,TRN_S2,,1,TRN_S2,proxy_geo_burst,0.0,351.29
T008321,1,1,TRN_S2,,1,TRN_S2,proxy_geo_burst,0.0,2897.63
T008322,1,1,TRN_S2,,1,TRN_S2,proxy_geo_burst,0.0,546.29
T008323,0,0,,,1,TRN_S2,proxy_geo_burst,205.87,0.0
T008324,0,1,TRN_S2,,1,TRN_S2,proxy_geo_burst,127.48,0.0
T008325,0,0,,,1,TRN_S2,proxy_geo_burst,145.42,0.0
T008326,1,1,TRN_S2,,1,TRN_S2,proxy_geo_burst,0.0,397.23
T008327,0,0,,,1,TRN_S2,proxy_geo_burst,166.39,0.0
T008328,0,0,,,1,TRN_S2,proxy_geo_burst,448.59,0.0
T008329,1,1,TRN_S2,,1,TRN_S2,proxy_geo_burst,0.0,2947.5
T008330,0,1,TRN_S2,,1,TRN_S2,proxy_geo_burst,396.87,0.0
T008331,0,0,,,1,TRN_S2,proxy_geo_burst,124.21,0.0
T008332,0,0,,,1,TRN_S2,proxy_geo_burst,229.21,0.0
T008333,0,1,TRN_S2,,1,TRN_S2,proxy_geo_burst,173.92,0.0
T008334,0,1,TRN_S2,,1,TRN_S2,proxy_geo_burst,180.73,0.0
T008335,0,1,TRN_S2,,1,TRN_S2,proxy_geo_burst,251.95,0.0
T008336,1,1,TRN_S2,,1,TRN_S2,proxy_geo_burst,0.0,4094.49
T008337,0,0,,,1,TRN_S2,proxy_geo_burst,239.01,0.0
T008338,0,1,TRN_S2,,1,TRN_S2,proxy_geo_burst,144.53,0.0
T008339,0,1,TRN_S2,,1,TRN_S2,proxy_geo_burst,166.79,0.0
T008340,0,1,TRN_S2,,1,TRN_S2,proxy_geo_burst,198.5,0.0
T008341,1,1,TRN_S2,,1,TRN_S2,proxy_geo_burst,0.0,492.37
T008342,0,1,TRN_S2,,1,TRN_S2,proxy_geo_burst,249.33,0.0
T008343,0,1,TRN_S2,,1,TRN_S2,proxy_geo_burst,156.7,0.0
T008344,0,1,TRN_S2,,1,TRN_S2,proxy_geo_burst,341.65,0.0
T008345,0,0,,,1,TRN_S2,proxy_geo_burst,319.86,0.0
T008346,0,0,,,1,TRN_S2,proxy_geo_burst,158.67,0.0
T008347,0,0,,,1,TRN_S2,proxy_geo_burst,140.1,0.0
T008348,0,0,,,1,TRN_S2,proxy_geo_burst,371.31,0.0
T008349,1,1,TRN_S2,,1,TRN_S2,proxy_geo_burst,0.0,930.28
T008350,0,1,TRN_S2,,1,TRN_S2,proxy_geo_burst,506.78,0.0
T008351,0,1,TRN_S2,,1,TRN_S2,proxy_geo_burst,290.74,0.0
T008352,0,1,TRN_S2,,1,TRN_S2,proxy_geo_burst,579.96,0.0
T008353,1,1,TRN_S2,,1,TRN_S2,proxy_geo_burst,0.0,22462.64
T008354,0,0,,,1,TRN_S2,proxy_geo_burst,282.23,0.0
T008355,1,1,TRN_S2,,1,TRN_S2,proxy_geo_burst,0.0,654.92
T008356,1,1,TRN_S2,,1,TRN_S2,proxy_geo_burst,0.0,923.61
T008357,0,0,,,1,TRN_S2,proxy_geo_burst,170.86,0.0
T008358,0,0,,,1,TRN_S2,proxy_geo_burst,429.09,0.0
T008359,0,1,TRN_S2,,1,TRN_S2,proxy_geo_burst,175.92,0.0
T008360,0,0,,,1,TRN_S2,proxy_geo_burst,171.29,0.0
T008361,0,1,TRN_S2,,1,TRN_S2,proxy_geo_burst,166.12,0.0
T008362,0,1,TRN_S2,,1,TRN_S2,proxy_geo_burst,276.5,0.0
T008363,0,1,TRN_S2,,1,TRN_S2,proxy_geo_burst,198.19,0.0
T008364,0,1,TRN_S2,,1,TRN_S2,proxy_geo_burst,187.62,0.0
T008365,0,0,,,1,TRN_S2,proxy_geo_burst,194.81,0.0
T008366,0,0,,,1,TRN_S2,proxy_geo_burst,162.46,0.0
T008367,0,1,TRN_S2,,1,TRN_S2,proxy_geo_burst,62.86,0.0
T008368,0,1,TRN_S2,,1,TRN_S2,proxy_geo_burst,262.37,0.0
T008369,1,1,TRN_S2,,1,TRN_S2,proxy_geo_burst,0.0,965.4
T008370,0,1,TRN_S2,,1,TRN_S2,proxy_geo_burst,319.0,0.0
T008371,0,0,,,1,TRN_S2,proxy_geo_burst,1406.92,0.0
T008372,0,1,TRN_S2,,1,TRN_S2,proxy_geo_burst,233.44,0.0
T008373,0,0,,,1,TRN_S2,proxy_geo_burst,196.26,0.0
T008374,0,1,TRN_S2,,1,TRN_S2,proxy_geo_burst,346.6,0.0
T008375,0,0,,,1,TRN_S2,proxy_geo_burst,168.91,0.0
T008376,0,1,TRN_S2,,1,TRN_S2,proxy_geo_burst,270.02,0.0
T008377,0,1,TRN_S2,,1,TRN_S2,proxy_geo_burst,392.25,0.0
T008378,0,0,,,1,TRN_S2,proxy_geo_burst,75.53,0.0
T008379,0,0,,,1,TRN_S2,proxy_geo_burst,399.92,0.0
T008380,1,1,TRN_S2,,1,TRN_S2,proxy_geo_burst,0.0,287.49
T008381,0,0,,,1,TRN_S2,proxy_geo_burst,399.57,0.0
T008382,0,0,,,1,TRN_S2,proxy_geo_burst,207.12,0.0
T008383,1,1,TRN_S2,,1,TRN_S2,proxy_geo_burst,0.0,1309.24
T008384,0,1,TRN_S2,,1,TRN_S2,proxy_geo_burst,212.41,0.0
T008385,0,0,,,1,TRN_S2,proxy_geo_burst,181.64,0.0
T008386,0,1,TRN_S2,,1,TRN_S2,proxy_geo_burst,158.37,0.0
T008387,0,0,,,1,TRN_S2,proxy_geo_burst,193.69,0.0
T008388,1,1,TRN_S2,,1,TRN_S2,proxy_geo_burst,0.0,658.53
T008389,0,1,TRN_S2,,1,TRN_S2,proxy_geo_burst,164.6,0.0
T008390,0,0,,,1,TRN_S2,proxy_geo_burst,210.25,0.0
T008391,0,1,TRN_S2,,1,TRN_S2,proxy_geo_burst,500.0,0.0
T008392,0,0,,,1,TRN_S2,proxy_geo_burst,154.38,0.0
T008393,0,0,,,1,TRN_S2,proxy_geo_burst,296.86,0.0
T008394,1,1,TRN_S2,,1,TRN_S2,proxy_geo_burst,0.0,1261.66
T008395,0,0,,,1,TRN_S2,proxy_geo_burst,221.88,0.0
T008396,1,1,TRN_S2,,1,TRN_S2,proxy_geo_burst,0.0,1231.4
T008397,1,1,TRN_S2,,1,TRN_S2,proxy_geo_burst,0.0,883.21
T008398,1,1,TRN_S2,,1,TRN_S2,proxy_geo_burst,0.0,2083.24
T008399,0,0,,,1,TRN_S2,proxy_geo_burst,164.82,0.0
T008400,0,1,TRN_S2,,1,TRN_S2,proxy_geo_burst,214.74,0.0
T008401,1,1,TRN_S2,,1,TRN_S2,proxy_geo_burst,0.0,2414.45
T008402,0,1,TRN_S2,,1,TRN_S2,proxy_geo_burst,287.74,0.0
T008403,0,1,TRN_S2,,1,TRN_S2,proxy_geo_burst,234.12,0.0
T008404,0,1,TRN_S2,,1,TRN_S2,proxy_geo_burst,235.21,0.0
T008405,0,0,,,1,TRN_S2,proxy_geo_burst,183.81,0.0
T008406,0,1,TRN_S2,,1,TRN_S2,proxy_geo_burst,176.87,0.0
T008407,0,0,,,1,TRN_S2,proxy_geo_burst,103.48,0.0
T008408,0,1,TRN_S2,,1,TRN_S2,proxy_geo_burst,275.03,0.0
T008409,0,1,TRN_S2,,1,TRN_S2,proxy_geo_burst,83.97,0.0
T008410,0,0,,,1,TRN_S2,proxy_geo_burst,266.53,0.0
T008411,0,0,,,1,TRN_S2,proxy_geo_burst,195.95,0.0
T008412,1,1,TRN_S2,,1,TRN_S2,proxy_geo_burst,0.0,1304.83
T008413,0,0,,,1,TRN_S2,proxy_geo_burst,165.65,0.0
T008414,0,0,,,1,TRN_S2,proxy_geo_burst,226.7,0.0
T008415,0,1,TRN_S2,,1,TRN_S2,proxy_geo_burst,163.1,0.0
T008416,1,1,TRN_S2,,1,TRN_S2,proxy_geo_burst,0.0,439.42
T008417,1,1,TRN_S2,,1,TRN_S2,proxy_geo_burst,0.0,2093.08
T008418,1,1,TRN_S2,,1,TRN_S2,proxy_geo_burst,0.0,2597.98
T008419,0,0,,,1,TRN_S2,proxy_geo_burst,171.79,0.0
T008420,1,1,TRN_S2,,1,TRN_S2,proxy_geo_burst,0.0,4040.91
T008421,0,1,TRN_S2,,1,TRN_S2,proxy_geo_burst,311.34,0.0
T008422,1,1,TRN_S2,,1,TRN_S2,proxy_geo_burst,0.0,1701.59
T008423,0,0,,,1,TRN_S2,proxy_geo_burst,172.74,0.0
T008424,0,0,,,1,TRN_S2,proxy_geo_burst,401.11,0.0
T008425,0,1,TRN_S2,,1,TRN_S2,proxy_geo_burst,173.77,0.0
T008426,0,0,,,1,TRN_S2,proxy_geo_burst,152.38,0.0
T008427,0,0,,,1,TRN_S2,proxy_geo_burst,399.86,0.0
T008428,1,1,TRN_S2,,1,TRN_S2,proxy_geo_burst,0.0,1873.64
T008429,0,1,TRN_S2,,1,TRN_S2,proxy_geo_burst,114.6,0.0
T008430,0,0,,,1,TRN_S2,proxy_geo_burst,133.78,0.0
T008431,0,0,,,1,TRN_S2,proxy_geo_burst,195.07,0.0
T008432,0,1,TRN_S2,,1,TRN_S2,proxy_geo_burst,160.84,0.0
T008433,0,0,,,1,TRN_S2,proxy_geo_burst,215.66,0.0
T008434,0,1,TRN_S2,,1,TRN_S2,proxy_geo_burst,270.69,0.0
T008435,0,0,,,1,TRN_S2,proxy_geo_burst,466.58,0.0
T008436,1,1,TRN_S2,,1,TRN_S2,proxy_geo_burst,0.0,2130.04
T008437,1,1,TRN_S2,,1,TRN_S2,proxy_geo_burst,0.0,2062.15
T008438,1,1,TRN_S2,,1,TRN_S2,proxy_geo_burst,0.0,3466.77
T008439,0,1,TRN_S2,,1,TRN_S2,proxy_geo_burst,173.57,0.0
T008440,0,1,TRN_S2,,1,TRN_S2,proxy_geo_burst,161.74,0.0
T008441,0,1,TRN_S2,,1,TRN_S2,proxy_geo_burst,218.69,0.0
T008442,1,1,TRN_S2,,1,TRN_S2,proxy_geo_burst,0.0,450.62
T008443,1,1,TRN_S2,,1,TRN_S2,proxy_geo_burst,0.0,1046.94
T008444,1,1,TRN_S2,,1,TRN_S2,proxy_geo_burst,0.0,689.38
T008445,0,1,TRN_S2,,1,TRN_S2,proxy_geo_burst,298.51,0.0
T008446,0,0,,,1,TRN_S2,proxy_geo_burst,326.02,0.0
T008447,1,1,TRN_S2,,1,TRN_S2,proxy_geo_burst,0.0,2480.43
T008448,0,1,TRN_S2,,1,TRN_S2,proxy_geo_burst,330.29,0.0
T008449,1,1,TRN_S2,,1,TRN_S2,proxy_geo_burst,0.0,2883.7
T008450,0,1,TRN_S2,,1,TRN_S2,proxy_geo_burst,134.74,0.0
T008451,0,0,,,1,TRN_S2,proxy_geo_burst,211.1,0.0
T008452,0,0,,,1,TRN_S2,proxy_geo_burst,1093.42,0.0
T008453,1,1,TRN_S2,,1,TRN_S2,proxy_geo_burst,0.0,1351.1
T008454,0,0,,,1,TRN_S2,proxy_geo_burst,156.43,0.0
T008455,0,0,,,1,TRN_S2,proxy_geo_burst,331.44,0.0
T008456,0,0,,,1,TRN_S2,proxy_geo_burst,297.98,0.0
T008457,0,1,TRN_S2,,1,TRN_S2,proxy_geo_burst,663.11,0.0
T008458,0,1,TRN_S2,,1,TRN_S2,proxy_geo_burst,207.96,0.0
T008459,0,1,TRN_S2,,1,TRN_S2,proxy_geo_burst,243.8,0.0
T008460,0,1,TRN_S2,,1,TRN_S2,proxy_geo_burst,113.95,0.0
T008461,0,1,TRN_S2,,1,TRN_S2,proxy_geo_burst,111.48,0.0
T008462,0,0,,,1,TRN_S2,proxy_geo_burst,822.12,0.0
T008463,0,1,TRN_S2,,1,TRN_S2,proxy_geo_burst,366.87,0.0
T008464,1,1,TRN_S2,,1,TRN_S2,proxy_geo_burst,0.0,466.58
T008465,0,0,,,1,TRN_S2,proxy_geo_burst,169.09,0.0
T008466,0,0,,,1,TRN_S2,proxy_geo_burst,227.04,0.0
T008467,0,0,,,1,TRN_S2,proxy_geo_burst,457.35,0.0
T008468,0,1,TRN_S2,,1,TRN_S2,proxy_geo_burst,240.15,0.0
T008469,0,1,TRN_S2,,1,TRN_S2,proxy_geo_burst,178.98,0.0
T008470,1,1,TRN_S2,,1,TRN_S2,proxy_geo_burst,0.0,1450.21
T008471,0,0,,,1,TRN_S2,proxy_geo_burst,168.01,0.0
T008472,0,1,TRN_S2,,1,TRN_S2,proxy_geo_burst,169.21,0.0
T008473,0,1,TRN_S2,,1,TRN_S2,proxy_geo_burst,168.23,0.0
T008474,0,0,,,1,TRN_S2,proxy_geo_burst,213.34,0.0
T008475,0,0,,,1,TRN_S2,proxy_geo_burst,496.53,0.0
T008476,0,1,TRN_S2,,1,TRN_S2,proxy_geo_burst,233.82,0.0
T008477,0,1,TRN_S2,,1,TRN_S2,proxy_geo_burst,174.26,0.0
T008478,0,1,TRN_S2,,1,TRN_S2,proxy_geo_burst,189.4,0.0
T008479,0,1,TRN_S2,,1,TRN_S2,proxy_geo_burst,188.06,0.0
T008480,1,1,TRN_S2,,1,TRN_S2,proxy_geo_burst,0.0,4747.88
T008481,0,1,TRN_S2,,1,TRN_S2,proxy_geo_burst,359.69,0.0
T008482,0,0,,,1,TRN_S2,proxy_geo_burst,140.24,0.0
T008483,0,1,TRN_S2,,1,TRN_S2,proxy_geo_burst,280.76,0.0
T008484,0,0,,,1,TRN_S2,proxy_geo_burst,210.54,0.0
T008485,0,0,,,1,TRN_S2,proxy_geo_burst,155.79,0.0
T008486,0,0,,,1,TRN_S2,proxy_geo_burst,327.59,0.0
T008487,1,1,TRN_S2,,1,TRN_S2,proxy_geo_burst,0.0,4899.45
T008488,0,1,TRN_S2,,1,TRN_S2,proxy_geo_burst,188.48,0.0
T008489,0,1,TRN_S2,,1,TRN_S2,proxy_geo_burst,202.52,0.0
T008490,0,1,TRN_S2,,1,TRN_S2,proxy_geo_burst,162.91,0.0
T008491,0,0,,,1,TRN_S2,proxy_geo_burst,203.66,0.0
T008492,0,0,,,1,TRN_S2,proxy_geo_burst,235.62,0.0
T008493,0,0,,,1,TRN_S2,proxy_geo_burst,92.24,0.0
T008494,1,1,TRN_S2,,1,TRN_S2,proxy_geo_burst,0.0,6362.77
T008495,0,0,,,1,TRN_S2,proxy_geo_burst,530.52,0.0
T008496,0,1,TRN_S2,,1,TRN_S2,proxy_geo_burst,225.89,0.0
T008497,0,0,,,1,TRN_S2,proxy_geo_burst,172.27,0.0
T008498,0,0,,,1,TRN_S2,proxy_geo_burst,154.61,0.0
T008499,1,1,TRN_S2,,1,TRN_S2,proxy_geo_burst,0.0,177.06
T008500,0,1,TRN_S2,,1,TRN_S2,proxy_geo_burst,176.04,0.0
T008501,0,1,TRN_S2,,1,TRN_S2,proxy_geo_burst,154.07,0.0
T008502,0,1,TRN_S2,,1,TRN_S2,proxy_geo_burst,258.17,0.0
T008503,1,1,TRN_S2,,1,TRN_S2,proxy_geo_burst,0.0,428.67
T008504,0,0,,,1,TRN_S2,proxy_geo_burst,180.26,0.0
T008505,1,1,TRN_S2,,1,TRN_S2,proxy_geo_burst,0.0,2708.32
T008506,0,0,,,1,TRN_S2,proxy_geo_burst,336.08,0.0
T008507,1,1,TRN_S2,,1,TRN_S2,proxy_geo_burst,0.0,6246.44
T008508,1,1,TRN_S2,,1,TRN_S2,proxy_geo_burst,0.0,3190.87
T008509,0,0,,,1,TRN_S2,proxy_geo_burst,185.44,0.0
T008510,1,1,TRN_S2,,1,TRN_S2,proxy_geo_burst,0.0,600.39
T008511,0,1,TRN_S2,,1,TRN_S2,proxy_geo_burst,438.29,0.0
T008512,0,0,,,1,TRN_S2,proxy_geo_burst,164.65,0.0
T008513,0,0,,,1,TRN_S2,proxy_geo_burst,175.26,0.0
T008514,0,1,TRN_S2,,1,TRN_S2,proxy_geo_burst,161.55,0.0
T008515,0,1,TRN_S2,,1,TRN_S2,proxy_geo_burst,136.94,0.0
T008516,0,1,TRN_S2,,1,TRN_S2,proxy_geo_burst,612.01,0.0
T008517,0,0,,,1,TRN_S2,proxy_geo_burst,409.54,0.0
T008518,1,1,TRN_S2,,1,TRN_S2,proxy_geo_burst,0.0,2244.13
T008519,0,1,TRN_S2,,1,TRN_S2,proxy_geo_burst,210.43,0.0
T008520,0,1,TRN_S2,,1,TRN_S2,proxy_geo_burst,126.61,0.0
T008521,1,1,TRN_S2,,1,TRN_S2,proxy_geo_burst,0.0,2123.34
T008522,0,0,,,1,TRN_S2,proxy_geo_burst,148.89,0.0
T008523,1,1,TRN_S2,,1,TRN_S2,proxy_geo_burst,0.0,284.97
T008524,0,1,TRN_S2,,1,TRN_S2,proxy_geo_burst,236.67,0.0
T008525,0,1,TRN_S2,,1,TRN_S2,proxy_geo_burst,269.31,0.0
T008526,0,1,TRN_S2,,1,TRN_S2,proxy_geo_burst,210.23,0.0
T008527,1,1,TRN_S2,,1,TRN_S2,proxy_geo_burst,0.0,1093.41
T008528,0,1,TRN_S2,,1,TRN_S2,proxy_geo_burst,207.54,0.0
T008529,0,0,,,1,TRN_S2,proxy_geo_burst,183.67,0.0
T008530,1,1,TRN_S2,,1,TRN_S2,proxy_geo_burst,0.0,3705.17
T008531,1,1,TRN_S2,,1,TRN_S2,proxy_geo_burst,0.0,2267.42
T008532,0,1,TRN_S2,,1,TRN_S2,proxy_geo_burst,666.65,0.0
T008533,0,0,,,1,TRN_S2,proxy_geo_burst,767.01,0.0
T008534,0,1,TRN_S2,,1,TRN_S2,proxy_geo_burst,186.22,0.0
T008535,1,1,TRN_S2,,1,TRN_S2,proxy_geo_burst,0.0,7248.08
T008536,0,1,TRN_S2,,1,TRN_S2,proxy_geo_burst,338.61,0.0
T008537,0,0,,,1,TRN_S2,proxy_geo_burst,167.35,0.0
T008538,0,0,,,1,TRN_S2,proxy_geo_burst,270.89,0.0
T008539,0,1,TRN_S2,,1,TRN_S2,proxy_geo_burst,211.78,0.0
T008540,0,1,TRN_S2,,1,TRN_S2,proxy_geo_burst,162.38,0.0
T008541,1,1,TRN_S2,,1,TRN_S2,proxy_geo_burst,0.0,1813.23
T008542,0,0,,,1,TRN_S2,proxy_geo_burst,320.32,0.0
T008543,0,1,TRN_S2,,1,TRN_S2,proxy_geo_burst,166.8,0.0
T008544,0,1,TRN_S2,,1,TRN_S2,proxy_geo_burst,464.51,0.0
T008545,0,1,TRN_S2,,1,TRN_S2,proxy_geo_burst,783.42,0.0
T008546,1,1,TRN_S2,,1,TRN_S2,proxy_geo_burst,0.0,2772.48
T008547,0,1,TRN_S2,,1,TRN_S2,proxy_geo_burst,174.31,0.0
T008548,1,1,TRN_S2,,1,TRN_S2,proxy_geo_burst,0.0,2361.27
T008549,0,1,TRN_S2,,1,TRN_S2,proxy_geo_burst,643.27,0.0
T008550,0,1,TRN_S2,,1,TRN_S2,proxy_geo_burst,265.6,0.0
T008551,1,1,TRN_S2,,1,TRN_S2,proxy_geo_burst,0.0,1423.87
T008552,0,1,TRN_S2,,1,TRN_S2,proxy_geo_burst,247.47,0.0
T008553,0,1,TRN_S2,,1,TRN_S2,proxy_geo_burst,206.49,0.0
T008554,0,1,TRN_S2,,1,TRN_S2,proxy_geo_burst,273.78,0.0
T008555,0,0,,,1,TRN_S2,proxy_geo_burst,166.53,0.0
T008556,0,0,,,1,TRN_S2,proxy_geo_burst,215.48,0.0
T008557,0,0,,,1,TRN_S2,proxy_geo_burst,230.93,0.0
T008558,1,1,TRN_S2,,1,TRN_S2,proxy_geo_burst,0.0,2268.87
T008559,0,0,,,1,TRN_S2,proxy_geo_burst,177.03,0.0
T008560,0,0,,,1,TRN_S2,proxy_geo_burst,154.1,0.0
T008561,0,0,,,1,TRN_S2,proxy_geo_burst,156.4,0.0
T008562,0,0,,,1,TRN_S2,proxy_geo_burst,416.34,0.0
T008563,0,1,TRN_S2,,1,TRN_S2,proxy_geo_burst,167.17,0.0
T008564,0,0,,,1,TRN_S2,proxy_geo_burst,168.44,0.0
T008565,1,1,TRN_S2,,1,TRN_S2,proxy_geo_burst,0.0,2634.25
T008566,0,0,,,1,TRN_S2,proxy_geo_burst,218.01,0.0
T008567,0,0,,,1,TRN_S2,proxy_geo_burst,358.41,0.0
T008568,1,1,TRN_S2,,1,TRN_S2,proxy_geo_burst,0.0,5018.57
T008569,0,0,,,1,TRN_S2,proxy_geo_burst,226.84,0.0
T008570,0,0,,,1,TRN_S2,proxy_geo_burst,167.82,0.0
T008571,0,1,TRN_S2,,1,TRN_S2,proxy_geo_burst,236.92,0.0
T008572,0,0,,,1,TRN_S2,proxy_geo_burst,156.38,0.0
T008573,0,0,,,1,TRN_S2,proxy_geo_burst,187.04,0.0
T008574,1,1,TRN_S2,,1,TRN_S2,proxy_geo_burst,0.0,569.15
T008575,0,0,,,1,TRN_S2,proxy_geo_burst,1101.54,0.0
T008576,0,0,,,1,TRN_S2,proxy_geo_burst,163.7,0.0
T008577,0,1,TRN_S2,,1,TRN_S2,proxy_geo_burst,686.6,0.0
T008578,0,0,,,1,TRN_S2,proxy_geo_burst,227.4,0.0
T008579,0,0,,,1,TRN_S2,proxy_geo_burst,193.98,0.0
T008580,0,0,,,1,TRN_S2,proxy_geo_burst,245.8,0.0
T008581,0,1,TRN_S2,,1,TRN_S2,proxy_geo_burst,131.45,0.0
T008582,0,1,TRN_S2,,1,TRN_S2,proxy_geo_burst,222.22,0.0
T008583,0,1,TRN_S2,,1,TRN_S2,proxy_geo_burst,287.78,0.0
T008584,0,0,,,1,TRN_S2,proxy_geo_burst,246.24,0.0
T008585,0,0,,,1,TRN_S2,proxy_geo_burst,294.18,0.0
T008586,0,0,,,1,TRN_S2,proxy_geo_burst,557.44,0.0
T008587,0,0,,,1,TRN_S2,proxy_geo_burst,318.8,0.0
T008588,0,0,,,1,TRN_S2,proxy_geo_burst,170.92,0.0
T008589,0,1,TRN_S2,,1,TRN_S2,proxy_geo_burst,215.14,0.0
T008590,0,1,TRN_S2,,1,TRN_S2,proxy_geo_burst,179.33,0.0
T008591,0,0,,,1,TRN_S2,proxy_geo_burst,157.23,0.0
T008592,0,0,,,1,TRN_S2,proxy_geo_burst,240.07,0.0
T008593,0,0,,,1,TRN_S2,proxy_geo_burst,164.61,0.0
T008594,1,1,TRN_S2,,1,TRN_S2,proxy_geo_burst,0.0,1349.01
T008595,0,1,TRN_S2,,1,TRN_S2,proxy_geo_burst,342.34,0.0
T008596,0,0,,,1,TRN_S2,proxy_geo_burst,128.62,0.0
T008597,0,1,TRN_S2,,1,TRN_S2,proxy_geo_burst,138.77,0.0
T008598,0,0,,,1,TRN_S2,proxy_geo_burst,309.93,0.0
T008599,0,1,TRN_S2,,1,TRN_S2,proxy_geo_burst,185.21,0.0
T008600,0,1,TRN_S2,,1,TRN_S2,proxy_geo_burst,783.32,0.0
T008601,1,1,TRN_S2,,1,TRN_S2,proxy_geo_burst,0.0,731.33
T008602,0,0,,,1,TRN_S2,proxy_geo_burst,173.37,0.0
T008603,0,1,TRN_S2,,1,TRN_S2,proxy_geo_burst,137.44,0.0
T008604,0,0,,,1,TRN_S2,proxy_geo_burst,157.4,0.0
T008605,1,1,TRN_S2,,1,TRN_S2,proxy_geo_burst,0.0,4256.71
T008606,0,0,,,1,TRN_S2,proxy_geo_burst,217.54,0.0
T008607,0,1,TRN_S2,,1,TRN_S2,proxy_geo_burst,167.26,0.0
T008608,0,0,,,1,TRN_S2,proxy_geo_burst,236.26,0.0
T008609,0,0,,,1,TRN_S2,proxy_geo_burst,375.81,0.0
T008610,1,1,TRN_S2,,1,TRN_S2,proxy_geo_burst,0.0,1815.21
T008611,0,1,TRN_S2,,1,TRN_S2,proxy_geo_burst,160.15,0.0
T008612,0,0,,,1,TRN_S2,proxy_geo_burst,202.18,0.0
T008613,0,1,TRN_S2,,1,TRN_S2,proxy_geo_burst,198.05,0.0
T008614,1,1,TRN_S2,,1,TRN_S2,proxy_geo_burst,0.0,1641.1
T008615,0,0,,,1,TRN_S2,proxy_geo_burst,324.77,0.0
T008616,1,1,TRN_S2,,1,TRN_S2,proxy_geo_burst,0.0,8289.26
T008617,1,1,TRN_S2,,1,TRN_S2,proxy_geo_burst,0.0,6577.33
T008618,0,1,TRN_S2,,1,TRN_S2,proxy_geo_burst,156.17,0.0
T008619,0,1,TRN_S2,,1,TRN_S2,proxy_geo_burst,166.81,0.0
T008620,1,1,TRN_S2,,1,TRN_S2,proxy_geo_burst,0.0,15173.38
T008621,1,1,TRN_S2,,1,TRN_S2,proxy_geo_burst,0.0,765.55
T008622,0,0,,,1,TRN_S2,proxy_geo_burst,94.23,0.0
T008623,0,1,TRN_S2,,1,TRN_S2,proxy_geo_burst,280.3,0.0
T008624,0,1,TRN_S2,,1,TRN_S2,proxy_geo_burst,1566.6,0.0
T008625,0,1,TRN_S2,,1,TRN_S2,proxy_geo_burst,261.32,0.0
T008626,0,0,,,1,TRN_S2,proxy_geo_burst,309.84,0.0
T008627,0,0,,,1,TRN_S2,proxy_geo_burst,602.94,0.0
T008628,0,1,TRN_S2,,1,TRN_S2,proxy_geo_burst,254.65,0.0
T008629,0,1,TRN_S2,,1,TRN_S2,proxy_geo_burst,270.61,0.0
T008630,1,1,TRN_S2,,1,TRN_S2,proxy_geo_burst,0.0,757.61
T008631,0,1,TRN_S2,,1,TRN_S2,proxy_geo_burst,191.19,0.0
T008632,0,0,,,1,TRN_S2,proxy_geo_burst,200.57,0.0
T008633,0,0,,,1,TRN_S2,proxy_geo_burst,211.58,0.0
T008634,1,0,,,1,TRN_S2,proxy_geo_burst,0.0,4031.19
T008635,0,0,,,1,TRN_S2,proxy_geo_burst,238.66,0.0
T008636,0,0,,,1,TRN_S2,proxy_geo_burst,163.83,0.0
T008637,0,1,TRN_S2,,1,TRN_S2,proxy_geo_burst,351.87,0.0
T008638,0,0,,,1,TRN_S2,proxy_geo_burst,265.41,0.0
T008639,0,0,,,1,TRN_S2,proxy_geo_burst,414.09,0.0
T008640,0,0,,,1,TRN_S2,proxy_geo_burst,493.94,0.0
T008641,1,1,TRN_S2,,1,TRN_S2,proxy_geo_burst,0.0,2362.06
T008642,0,0,,,1,TRN_S2,proxy_geo_burst,175.87,0.0
T008643,0,1,TRN_S2,,1,TRN_S2,proxy_geo_burst,187.33,0.0
T008644,0,0,,,1,TRN_S2,proxy_geo_burst,219.15,0.0
T008645,0,0,,,1,TRN_S2,proxy_geo_burst,411.79,0.0
T008646,0,0,,,1,TRN_S2,proxy_geo_burst,186.24,0.0
T008647,0,1,TRN_S2,,1,TRN_S2,proxy_geo_burst,189.1,0.0
T008648,0,0,,,1,TRN_S2,proxy_geo_burst,216.02,0.0
T008649,1,1,TRN_S2,,1,TRN_S2,proxy_geo_burst,0.0,1784.58
T008650,0,0,,,1,TRN_S2,proxy_geo_burst,204.19,0.0
T008651,0,0,,,1,TRN_S2,proxy_geo_burst,102.28,0.0
T008652,0,0,,,1,TRN_S2,proxy_geo_burst,165.76,0.0
T008653,0,0,,,1,TRN_S2,proxy_geo_burst,224.57,0.0
T008654,1,1,TRN_S2,,1,TRN_S2,proxy_geo_burst,0.0,1914.05
T008655,0,1,TRN_S2,,1,TRN_S2,proxy_geo_burst,816.69,0.0
T008656,0,0,,,1,TRN_S2,proxy_geo_burst,182.1,0.0
T008657,0,0,,,1,TRN_S2,proxy_geo_burst,165.08,0.0
T008658,0,1,TRN_S2,,1,TRN_S2,proxy_geo_burst,165.33,0.0
T008659,0,0,,,1,TRN_S2,proxy_geo_burst,86.62,0.0
T008660,0,0,,,1,TRN_S2,proxy_geo_burst,449.21,0.0
T008661,0,1,TRN_S2,,1,TRN_S2,proxy_geo_burst,261.32,0.0
T008662,0,0,,,1,TRN_S2,proxy_geo_burst,175.0,0.0
T008663,0,0,,,1,TRN_S2,proxy_geo_burst,150.62,0.0
T008664,0,0,,,1,TRN_S2,proxy_geo_burst,328.33,0.0
T008665,1,1,TRN_S2,,1,TRN_S2,proxy_geo_burst,0.0,3680.12
T008666,0,1,TRN_S2,,1,TRN_S2,proxy_geo_burst,222.84,0.0
T008667,0,1,TRN_S2,,1,TRN_S2,proxy_geo_burst,155.49,0.0
T008668,0,0,,,1,TRN_S2,proxy_geo_burst,286.05,0.0
T008669,1,1,TRN_S2,,1,TRN_S2,proxy_geo_burst,0.0,1242.09
T008670,0,0,,,1,TRN_S2,proxy_geo_burst,145.43,0.0
T008671,0,1,TRN_S2,,1,TRN_S2,proxy_geo_burst,216.46,0.0
T008672,0,0,,,1,TRN_S2,proxy_geo_burst,169.26,0.0
T008673,0,0,,,1,TRN_S2,proxy_geo_burst,261.73,0.0
T008674,0,0,,,1,TRN_S2,proxy_geo_burst,220.23,0.0
T008675,0,0,,,1,TRN_S2,proxy_geo_burst,350.73,0.0
T008676,0,1,TRN_S2,,1,TRN_S2,proxy_geo_burst,204.53,0.0
T008677,0,1,TRN_S2,,1,TRN_S2,proxy_geo_burst,357.22,0.0
T008678,0,1,TRN_S2,,1,TRN_S2,proxy_geo_burst,217.82,0.0
T008679,0,0,,,1,TRN_S2,proxy_geo_burst,159.12,0.0
T008680,1,1,TRN_S2,,1,TRN_S2,proxy_geo_burst,0.0,1849.11
T008681,0,1,TRN_S2,,1,TRN_S2,proxy_geo_burst,153.86,0.0
T008682,0,0,,,1,TRN_S2,proxy_geo_burst,164.61,0.0
T008683,0,1,TRN_S2,,1,TRN_S2,proxy_geo_burst,180.95,0.0
T008684,1,1,TRN_S2,,1,TRN_S2,proxy_geo_burst,0.0,249.85
T008685,0,0,,,1,TRN_S2,proxy_geo_burst,186.91,0.0
T008686,0,0,,,1,TRN_S2,proxy_geo_burst,161.2,0.0
T008687,1,0,,,1,TRN_S2,proxy_geo_burst,0.0,426.21
T008688,1,1,TRN_S2,,1,TRN_S2,proxy_geo_burst,0.0,698.06
T008689,0,1,TRN_S2,,1,TRN_S2,proxy_geo_burst,239.42,0.0
T008690,0,1,TRN_S2,,1,TRN_S2,proxy_geo_burst,293.46,0.0
T008691,0,0,,,1,TRN_S2,proxy_geo_burst,213.54,0.0
T008692,0,0,,,1,TRN_S2,proxy_geo_burst,767.12,0.0
T008693,0,1,TRN_S2,,1,TRN_S2,proxy_geo_burst,309.68,0.0
T008694,0,0,,,1,TRN_S2,proxy_geo_burst,2048.8,0.0
T008695,0,1,TRN_S2,,1,TRN_S2,proxy_geo_burst,396.26,0.0
T008696,0,1,TRN_S2,,1,TRN_S2,proxy_geo_burst,441.97,0.0
T008697,0,0,,,1,TRN_S2,proxy_geo_burst,1033.91,0.0
T008698,1,1,TRN_S2,,1,TRN_S2,proxy_geo_burst,0.0,2510.73
T008699,0,1,TRN_S2,,1,TRN_S2,proxy_geo_burst,141.22,0.0
T008700,0,0,,,1,TRN_S2,proxy_geo_burst,548.8,0.0
T008701,1,1,TRN_S2,,1,TRN_S2,proxy_geo_burst,0.0,273.59
T008702,0,0,,,1,TRN_S2,proxy_geo_burst,186.9,0.0
T008703,1,1,TRN_S2,,1,TRN_S2,proxy_geo_burst,0.0,371.3
T008704,0,0,,,1,TRN_S2,proxy_geo_burst,304.81,0.0
T008705,0,1,TRN_S2,,1,TRN_S2,proxy_geo_burst,331.36,0.0
T008706,0,1,TRN_S2,,1,TRN_S2,proxy_geo_burst,163.19,0.0
T008707,0,1,TRN_S2,,1,TRN_S2,proxy_geo_burst,184.31,0.0
T008708,0,0,,,1,TRN_S2,proxy_geo_burst,729.96,0.0
T008709,0,0,,,1,TRN_S2,proxy_geo_burst,327.37,0.0
T008710,0,0,,,1,TRN_S2,proxy_geo_burst,495.73,0.0
T008711,0,1,TRN_S2,,1,TRN_S2,proxy_geo_burst,81.04,0.0
T008712,1,1,TRN_S2,,1,TRN_S2,proxy_geo_burst,0.0,342.18
T008713,0,0,,,1,TRN_S2,proxy_geo_burst,705.03,0.0
T008714,1,1,TRN_S2,,1,TRN_S2,proxy_geo_burst,0.0,4127.89
T008715,0,0,,,1,TRN_S2,proxy_geo_burst,937.26,0.0
T008716,0,1,TRN_S2,,1,TRN_S2,proxy_geo_burst,402.62,0.0
T008717,0,1,TRN_S2,,1,TRN_S2,proxy_geo_burst,391.23,0.0
T008718,0,0,,,1,TRN_S2,proxy_geo_burst,968.57,0.0
T008719,0,1,TRN_S2,,1,TRN_S2,proxy_geo_burst,258.24,0.0
T008720,1,1,TRN_S2,,1,TRN_S2,proxy_geo_burst,0.0,202.07
T008721,0,1,TRN_S2,,1,TRN_S2,proxy_geo_burst,172.93,0.0
T008722,1,0,,,1,TRN_S2,proxy_geo_burst,0.0,4440.35
T008723,0,0,,,1,TRN_S2,proxy_geo_burst,681.74,0.0
T008724,0,1,TRN_S2,,1,TRN_S2,proxy_geo_burst,162.07,0.0
T008725,1,1,TRN_S2,,1,TRN_S2,proxy_geo_burst,0.0,1248.03
T008726,0,1,TRN_S2,,1,TRN_S2,proxy_geo_burst,153.43,0.0
T008727,0,0,,,1,TRN_S2,proxy_geo_burst,161.0,0.0
T008728,0,0,,,1,TRN_S2,proxy_geo_burst,176.36,0.0
T008729,0,1,TRN_S2,,1,TRN_S2,proxy_geo_burst,187.07,0.0
T008730,0,0,,,1,TRN_S2,proxy_geo_burst,233.84,0.0
T008731,0,0,,,1,TRN_S2,proxy_geo_burst,371.32,0.0
T008732,0,1,TRN_S2,,1,TRN_S2,proxy_geo_burst,493.14,0.0
T008733,0,0,,,1,TRN_S2,proxy_geo_burst,1076.08,0.0
T008734,0,1,TRN_S2,,1,TRN_S2,proxy_geo_burst,194.27,0.0
T008735,0,1,TRN_S2,,1,TRN_S2,proxy_geo_burst,184.48,0.0
T008736,0,0,,,1,TRN_S2,proxy_geo_burst,292.48,0.0
T008737,0,0,,,1,TRN_S2,proxy_geo_burst,81.16,0.0
T008738,0,1,TRN_S2,,1,TRN_S2,proxy_geo_burst,975.48,0.0
T008739,1,1,TRN_S2,,1,TRN_S2,proxy_geo_burst,0.0,18549.87
T008740,0,0,,,1,TRN_S2,proxy_geo_burst,197.44,0.0
T008741,0,0,,,1,TRN_S2,proxy_geo_burst,180.74,0.0
T008742,0,1,TRN_S2,,1,TRN_S2,proxy_geo_burst,347.04,0.0
T008743,0,1,TRN_S2,,1,TRN_S2,proxy_geo_burst,499.09,0.0
T008744,0,0,,,1,TRN_S2,proxy_geo_burst,211.32,0.0
T008745,1,1,TRN_S2,,1,TRN_S2,proxy_geo_burst,0.0,2008.32
T008746,0,0,,,1,TRN_S2,proxy_geo_burst,144.2,0.0
T008747,0,0,,,1,TRN_S2,proxy_geo_burst,470.48,0.0
T008748,0,0,,,1,TRN_S2,proxy_geo_burst,173.53,0.0
T008749,0,0,,,1,TRN_S2,proxy_geo_burst,906.26,0.0
T008750,0,0,,,1,TRN_S2,proxy_geo_burst,244.79,0.0
T008751,1,1,TRN_S2,,1,TRN_S2,proxy_geo_burst,0.0,2560.17
T008752,0,0,,,0,,,192.22,0.0
T008753,0,0,,,0,,,176.96,0.0
T008754,0,0,,,0,,,604.58,0.0
T008755,0,0,,,0,,,229.29,0.0
T008756,0,0,,,0,,,99.37,0.0
T008757,0,0,,,0,,,179.0,0.0
T008758,0,0,,,0,,,425.56,0.0
T008759,0,0,,,0,,,151.92,0.0
T008760,1,0,,,0,,,0.0,4021.05
T008761,0,0,,,0,,,308.43,0.0
T008762,0,0,,,0,,,186.76,0.0
T008763,0,0,,,0,,,202.81,0.0
T008764,0,0,,,0,,,161.25,0.0
T008765,0,0,,,0,,,260.29,0.0
T008766,0,0,,,0,,,197.7,0.0
T008767,0,0,,,0,,,267.27,0.0
T008768,0,0,,,0,,,78.68,0.0
T008769,0,0,,,0,,,186.7,0.0
T008770,0,0,,,0,,,294.28,0.0
T008771,0,0,,,0,,,135.65,0.0
T008772,0,0,,,0,,,202.05,0.0
T008773,0,0,,,0,,,161.27,0.0
T008774,0,0,,,0,,,185.82,0.0
T008775,0,0,,,0,,,163.59,0.0
T008776,0,0,,,0,,,205.74,0.0
T008777,0,0,,,0,,,380.31,0.0
T008778,0,0,,,0,,,174.66,0.0
T008779,0,0,,,0,,,213.31,0.0
T008780,0,0,,,0,,,121.81,0.0
T008781,0,0,,,0,,,163.5,0.0
T008782,0,0,,,0,,,197.6,0.0
T008783,0,0,,,0,,,312.34,0.0
T008784,0,0,,,0,,,282.59,0.0
T008785,0,0,,,0,,,778.14,0.0
T008786,0,0,,,0,,,168.6,0.0
T008787,0,0,,,0,,,250.44,0.0
T008788,0,0,,,0,,,193.68,0.0
T008789,0,0,,,0,,,411.62,0.0
T008790,0,0,,,0,,,210.89,0.0
T008791,0,0,,,0,,,110.58,0.0
T008792,0,0,,,0,,,351.89,0.0
T008793,0,0,,,0,,,435.45,0.0
T008794,0,0,,,0,,,490.06,0.0
T008795,0,0,,,0,,,206.17,0.0
T008796,0,0,,,0,,,182.68,0.0
T008797,0,0,,,0,,,321.53,0.0
T008798,0,0,,,0,,,266.76,0.0
T008799,0,0,,,0,,,217.05,0.0
T008800,0,0,,,0,,,171.03,0.0
T008801,0,0,,,0,,,165.6,0.0
T008802,0,0,,,0,,,213.61,0.0
T008803,0,0,,,0,,,434.96,0.0
T008804,0,0,,,0,,,299.84,0.0
T008805,0,0,,,0,,,157.65,0.0
T008806,0,0,,,0,,,77.54,0.0
T008807,0,0,,,0,,,89.27,0.0
T008808,0,0,,,0,,,772.28,0.0
T008809,0,0,,,0,,,478.77,0.0
T008810,0,0,,,0,,,496.04,0.0
T008811,0,0,,,0,,,264.87,0.0
T008812,0,0,,,0,,,188.98,0.0
T008813,0,0,,,0,,,296.39,0.0
T008814,0,0,,,0,,,232.99,0.0
T008815,0,0,,,0,,,125.06,0.0
T008816,0,0,,,0,,,166.98,0.0
T008817,0,0,,,0,,,431.58,0.0
T008818,0,0,,,0,,,136.97,0.0
T008819,0,0,,,0,,,246.6,0.0
T008820,0,0,,,0,,,388.32,0.0
T008821,0,0,,,0,,,198.25,0.0
T008822,0,0,,,0,,,296.82,0.0
T008823,0,0,,,0,,,465.79,0.0
T008824,0,0,,,0,,,316.06,0.0
T008825,0,0,,,0,,,236.03,0.0
T008826,0,0,,,0,,,176.07,0.0
T008827,0,0,,,0,,,209.78,0.0
T008828,0,0,,,0,,,185.45,0.0
T008829,0,0,,,0,,,256.13,0.0
T008830,0,0,,,0,,,197.03,0.0
T008831,0,0,,,0,,,654.18,0.0
T008832,0,0,,,0,,,270.71,0.0
T008833,0,0,,,0,,,319.78,0.0
T008834,0,0,,,0,,,889.19,0.0
T008835,0,0,,,0,,,147.24,0.0
T008836,0,0,,,0,,,600.13,0.0
T008837,0,0,,,0,,,538.28,0.0
T008838,0,0,,,0,,,125.08,0.0
T008839,0,0,,,0,,,308.89,0.0
T008840,0,0,,,0,,,176.21,0.0
T008841,0,0,,,0,,,255.41,0.0
T008842,0,0,,,0,,,239.6,0.0
T008843,0,0,,,0,,,328.02,0.0
T008844,0,0,,,0,,,423.84,0.0
T008845,0,0,,,0,,,331.1,0.0
T008846,0,0,,,0,,,206.43,0.0
T008847,0,0,,,0,,,261.88,0.0
T008848,0,0,,,0,,,182.93,0.0
T008849,0,0,,,0,,,351.16,0.0
T008850,0,0,,,0,,,165.39,0.0
T008851,0,0,,,0,,,154.28,0.0
T008852,0,0,,,0,,,234.11,0.0
T008853,0,0,,,0,,,192.73,0.0
T008854,0,0,,,0,,,227.61,0.0
T008855,0,0,,,0,,,196.88,0.0
T008856,0,0,,,0,,,183.72,0.0
T008857,0,0,,,0,,,162.58,0.0
T008858,0,0,,,0,,,205.46,0.0
T008859,0,0,,,0,,,177.16,0.0
T008860,0,0,,,0,,,215.28,0.0
T008861,0,0,,,0,,,463.86,0.0
T008862,0,0,,,0,,,250.75,0.0
T008863,0,0,,,0,,,188.99,0.0
T008864,0,0,,,0,,,378.25,0.0
T008865,0,0,,,0,,,140.16,0.0
T008866,0,0,,,0,,,172.47,0.0
T008867,0,0,,,0,,,306.16,0.0
T008868,0,0,,,0,,,155.52,0.0
T008869,0,0,,,0,,,326.13,0.0
T008870,0,0,,,0,,,213.01,0.0
T008871,0,0,,,0,,,393.77,0.0
T008872,0,0,,,0,,,256.84,0.0
T008873,0,0,,,0,,,461.64,0.0
T008874,0,0,,,0,,,95.42,0.0
T008875,0,0,,,0,,,167.24,0.0
T008876,0,0,,,0,,,438.4,0.0
T008877,0,0,,,0,,,274.13,0.0
T008878,0,0,,,0,,,182.02,0.0
T008879,0,0,,,0,,,148.53,0.0
T008880,0,0,,,0,,,619.31,0.0
T008881,0,0,,,0,,,140.29,0.0
T008882,0,0,,,0,,,171.12,0.0
T008883,0,0,,,0,,,145.42,0.0
T008884,0,0,,,0,,,122.14,0.0
T008885,0,0,,,0,,,215.1,0.0
T008886,0,0,,,0,,,184.26,0.0
T008887,1,0,,,0,,,0.0,4225.27
T008888,0,0,,,0,,,204.46,0.0
T008889,0,0,,,0,,,243.16,0.0
T008890,0,0,,,0,,,219.79,0.0
T008891,0,0,,,0,,,168.91,0.0
T008892,0,0,,,0,,,167.91,0.0
T008893,0,0,,,0,,,627.77,0.0
T008894,0,0,,,0,,,272.61,0.0
T008895,0,0,,,0,,,291.51,0.0
T008896,0,0,,,0,,,618.15,0.0
T008897,0,0,,,0,,,168.62,0.0
T008898,0,0,,,0,,,171.96,0.0
T008899,0,0,,,0,,,185.49,0.0
T008900,0,0,,,0,,,164.32,0.0
T008901,0,0,,,0,,,72.9,0.0
T008902,0,0,,,0,,,169.92,0.0
T008903,0,0,,,0,,,162.64,0.0
T008904,0,0,,,0,,,150.15,0.0
T008905,0,0,,,0,,,154.73,0.0
T008906,0,0,,,0,,,159.48,0.0
T008907,0,0,,,0,,,325.02,0.0
T008908,0,0,,,0,,,151.34,0.0
T008909,0,0,,,0,,,315.04,0.0
T008910,0,0,,,0,,,366.42,0.0
T008911,0,0,,,0,,,225.61,0.0
T008912,0,0,,,0,,,303.68,0.0
T008913,0,0,,,0,,,242.42,0.0
T008914,0,0,,,0,,,210.49,0.0
T008915,0,0,,,0,,,175.55,0.0
T008916,0,0,,,0,,,1200.57,0.0
T008917,0,0,,,0,,,264.36,0.0
T008918,0,0,,,0,,,191.45,0.0
T008919,0,0,,,0,,,214.98,0.0
T008920,0,0,,,0,,,165.81,0.0
T008921,0,0,,,0,,,212.72,0.0
T008922,0,0,,,0,,,214.39,0.0
T008923,0,0,,,0,,,213.57,0.0
T008924,0,0,,,0,,,97.53,0.0
T008925,0,0,,,0,,,473.67,0.0
T008926,0,0,,,0,,,199.54,0.0
T008927,0,0,,,0,,,308.61,0.0
T008928,0,0,,,0,,,122.36,0.0
T008929,0,0,,,0,,,185.94,0.0
T008930,0,0,,,0,,,205.49,0.0
T008931,0,0,,,0,,,297.2,0.0
T008932,0,0,,,0,,,160.45,0.0
T008933,0,0,,,0,,,296.85,0.0
T008934,0,0,,,0,,,197.54,0.0
T008935,0,0,,,0,,,199.49,0.0
T008936,0,0,,,0,,,329.14,0.0
T008937,0,0,,,0,,,182.57,0.0
T008938,0,0,,,0,,,203.51,0.0
T008939,0,0,,,0,,,170.05,0.0
T008940,0,0,,,0,,,228.43,0.0
T008941,0,0,,,0,,,310.36,0.0
T008942,0,0,,,0,,,134.02,0.0
T008943,0,0,,,0,,,701.15,0.0
T008944,0,0,,,0,,,233.55,0.0
T008945,0,0,,,0,,,180.44,0.0
T008946,0,0,,,0,,,220.63,0.0
T008947,0,0,,,0,,,214.08,0.0
T008948,0,0,,,0,,,262.52,0.0
T008949,0,0,,,0,,,282.87,0.0
T008950,0,0,,,0,,,216.46,0.0
T008951,0,0,,,0,,,178.91,0.0
T008952,0,0,,,0,,,411.28,0.0
T008953,0,0,,,0,,,184.69,0.0
T008954,0,0,,,0,,,193.66,0.0
T008955,0,0,,,0,,,219.63,0.0
T008956,0,0,,,0,,,227.0,0.0
T008957,0,0,,,0,,,180.36,0.0
T008958,0,0,,,0,,,298.38,0.0
T008959,0,0,,,0,,,323.67,0.0
T008960,0,0,,,0,,,191.88,0.0
T008961,0,0,,,0,,,393.25,0.0
T008962,1,0,,,0,,,0.0,508.54
T008963,0,0,,,0,,,178.38,0.0
T008964,0,0,,,0,,,404.36,0.0
T008965,0,0,,,0,,,375.6,0.0
T008966,0,0,,,0,,,165.45,0.0
T008967,0,0,,,0,,,189.83,0.0
T008968,0,0,,,0,,,199.09,0.0
T008969,0,0,,,0,,,302.73,0.0
T008970,0,0,,,0,,,322.69,0.0
T008971,0,0,,,0,,,246.87,0.0
T008972,0,0,,,0,,,140.56,0.0
T008973,0,0,,,0,,,216.66,0.0
T008974,0,0,,,0,,,218.43,0.0
T008975,0,0,,,0,,,448.72,0.0
T008976,0,0,,,0,,,233.22,0.0
T008977,0,0,,,0,,,298.82,0.0
T008978,0,0,,,0,,,165.48,0.0
T008979,0,0,,,0,,,199.11,0.0
T008980,0,0,,,0,,,182.48,0.0
T008981,0,0,,,0,,,206.56,0.0
T008982,0,0,,,0,,,776.58,0.0
T008983,0,0,,,0,,,208.12,0.0
T008984,0,0,,,0,,,278.73,0.0
T008985,0,0,,,0,,,566.88,0.0
T008986,0,0,,,0,,,165.35,0.0
T008987,0,0,,,0,,,400.05,0.0
T008988,0,0,,,0,,,101.67,0.0
T008989,0,0,,,0,,,323.7,0.0
T008990,0,0,,,0,,,263.08,0.0
T008991,0,0,,,0,,,234.71,0.0
T008992,0,0,,,0,,,154.27,0.0
T008993,0,0,,,0,,,158.59,0.0
T008994,0,0,,,0,,,1508.3,0.0
T008995,0,0,,,0,,,174.95,0.0
T008996,0,0,,,0,,,183.73,0.0
T008997,0,0,,,0,,,155.25,0.0
T008998,0,0,,,0,,,544.69,0.0
T008999,0,0,,,0,,,146.54,0.0
T009000,0,0,,,0,,,159.57,0.0
T009001,0,0,,,0,,,461.19,0.0
T009002,0,0,,,0,,,335.55,0.0
T009003,0,0,,,0,,,184.92,0.0
T009004,0,0,,,0,,,319.15,0.0
T009005,0,0,,,0,,,151.83,0.0
T009006,0,0,,,0,,,208.46,0.0
T009007,0,0,,,0,,,151.84,0.0
T009008,0,0,,,0,,,163.09,0.0
T009009,0,0,,,0,,,172.39,0.0
T009010,0,0,,,0,,,313.4,0.0
T009011,0,0,,,0,,,194.05,0.0
T009012,0,0,,,0,,,467.96,0.0
T009013,0,0,,,0,,,457.34,0.0
T009014,0,0,,,0,,,178.98,0.0
T009015,0,0,,,0,,,286.7,0.0
T009016,0,0,,,0,,,229.89,0.0
T009017,0,0,,,0,,,278.21,0.0
T009018,0,0,,,0,,,851.37,0.0
T009019,0,0,,,0,,,208.26,0.0
T009020,0,0,,,0,,,313.24,0.0
T009021,0,0,,,0,,,271.5,0.0
T009022,0,0,,,0,,,90.61,0.0
T009023,0,0,,,0,,,256.1,0.0
T009024,0,0,,,0,,,118.09,0.0
T009025,0,0,,,0,,,184.64,0.0
T009026,0,0,,,0,,,414.5,0.0
T009027,0,0,,,0,,,374.61,0.0
T009028,0,0,,,0,,,627.39,0.0
T009029,0,0,,,0,,,238.45,0.0
T009030,0,0,,,0,,,176.65,0.0
T009031,0,0,,,0,,,335.71,0.0
T009032,1,0,,,0,,,0.0,351.76
T009033,0,0,,,0,,,166.32,0.0
T009034,0,0,,,0,,,176.49,0.0
T009035,0,0,,,0,,,174.8,0.0
T009036,0,0,,,0,,,232.46,0.0
T009037,0,0,,,0,,,183.41,0.0
T009038,0,0,,,0,,,420.62,0.0
T009039,1,0,,,0,,,0.0,5513.7
T009040,0,0,,,0,,,570.6,0.0
T009041,0,0,,,0,,,161.81,0.0
T009042,0,0,,,0,,,240.01,0.0
T009043,0,0,,,0,,,179.36,0.0
T009044,0,0,,,0,,,183.06,0.0
T009045,0,0,,,0,,,158.47,0.0
T009046,0,0,,,0,,,165.4,0.0
T009047,0,0,,,0,,,128.57,0.0
T009048,0,0,,,0,,,329.72,0.0
T009049,0,0,,,0,,,96.33,0.0
T009050,0,0,,,0,,,197.26,0.0
T009051,0,0,,,0,,,158.37,0.0
T009052,0,0,,,0,,,266.57,0.0
T009053,0,0,,,0,,,66.99,0.0
T009054,0,0,,,0,,,141.75,0.0
T009055,0,0,,,0,,,171.92,0.0
T009056,0,0,,,0,,,216.95,0.0
T009057,0,0,,,0,,,157.01,0.0
T009058,0,0,,,0,,,85.56,0.0
T009059,0,0,,,0,,,230.67,0.0
T009060,0,0,,,0,,,368.0,0.0
T009061,0,0,,,0,,,262.24,0.0
T009062,0,0,,,0,,,205.14,0.0
T009063,0,0,,,0,,,728.18,0.0
T009064,0,0,,,0,,,234.24,0.0
T009065,0,0,,,0,,,799.95,0.0
T009066,0,0,,,0,,,153.81,0.0
T009067,0,0,,,0,,,167.24,0.0
T009068,0,0,,,0,,,202.68,0.0
T009069,0,0,,,0,,,151.69,0.0
T009070,0,0,,,0,,,68.63,0.0
T009071,0,0,,,0,,,385.82,0.0
T009072,1,0,,,0,,,0.0,2233.54
T009073,0,0,,,0,,,261.86,0.0
T009074,0,0,,,0,,,480.47,0.0
T009075,0,0,,,0,,,175.59,0.0
T009076,0,0,,,0,,,251.84,0.0
T009077,0,0,,,0,,,135.14,0.0
T009078,0,0,,,0,,,120.62,0.0
T009079,0,0,,,0,,,187.84,0.0
T009080,0,0,,,0,,,470.37,0.0
T009081,0,0,,,0,,,153.09,0.0
T009082,0,0,,,0,,,178.8,0.0
T009083,0,0,,,0,,,153.53,0.0
T009084,0,0,,,0,,,149.53,0.0
T009085,0,0,,,0,,,194.94,0.0
T009086,0,0,,,0,,,261.71,0.0
T009087,0,0,,,0,,,224.28,0.0
T009088,0,0,,,0,,,275.08,0.0
T009089,0,0,,,0,,,681.26,0.0
T009090,0,0,,,0,,,106.8,0.0
T009091,0,0,,,0,,,215.65,0.0
T009092,0,0,,,0,,,202.84,0.0
T009093,0,0,,,0,,,130.88,0.0
T009094,0,0,,,0,,,340.31,0.0
T009095,0,0,,,0,,,126.5,0.0
T009096,0,0,,,0,,,161.57,0.0
T009097,0,0,,,0,,,153.37,0.0
T009098,0,0,,,0,,,340.35,0.0
T009099,0,0,,,0,,,262.01,0.0
T009100,0,0,,,0,,,165.52,0.0
T009101,0,0,,,0,,,159.31,0.0
T009102,0,0,,,0,,,195.07,0.0
T009103,0,0,,,0,,,256.14,0.0
T009104,0,0,,,0,,,221.49,0.0
T009105,0,0,,,0,,,178.73,0.0
T009106,0,0,,,0,,,296.45,0.0
T009107,0,0,,,0,,,253.16,0.0
T009108,0,0,,,0,,,224.48,0.0
T009109,0,0,,,0,,,202.36,0.0
T009110,0,0,,,0,,,156.08,0.0
T009111,0,0,,,0,,,174.89,0.0
T009112,0,0,,,0,,,1777.71,0.0
T009113,0,0,,,0,,,161.93,0.0
T009114,0,0,,,0,,,185.56,0.0
T009115,0,0,,,0,,,191.01,0.0
T009116,0,0,,,0,,,150.76,0.0
T009117,0,0,,,0,,,282.7,0.0
T009118,0,0,,,0,,,301.23,0.0
T009119,0,0,,,0,,,372.4,0.0
T009120,0,0,,,0,,,107.41,0.0
T009121,0,0,,,0,,,158.98,0.0
T009122,0,0,,,0,,,396.12,0.0
T009123,0,0,,,0,,,271.39,0.0
T009124,0,0,,,0,,,227.43,0.0
T009125,0,0,,,0,,,254.39,0.0
T009126,0,0,,,0,,,125.5,0.0
T009127,0,0,,,0,,,170.71,0.0
T009128,0,0,,,0,,,182.82,0.0
T009129,0,0,,,0,,,168.58,0.0
T009130,0,0,,,0,,,217.6,0.0
T009131,0,0,,,0,,,61.51,0.0
T009132,0,0,,,0,,,185.57,0.0
T009133,0,0,,,0,,,158.6,0.0
T009134,0,0,,,0,,,94.84,0.0
T009135,0,0,,,0,,,1587.2,0.0
T009136,0,0,,,0,,,282.87,0.0
T009137,0,0,,,0,,,100.16,0.0
T009138,0,0,,,0,,,179.91,0.0
T009139,0,0,,,0,,,287.5,0.0
T009140,0,0,,,0,,,178.62,0.0
T009141,0,0,,,0,,,90.59,0.0
T009142,0,0,,,0,,,250.39,0.0
T009143,0,0,,,0,,,229.08,0.0
T009144,0,0,,,0,,,256.99,0.0
T009145,0,0,,,0,,,189.23,0.0
T009146,0,0,,,0,,,162.88,0.0
T009147,0,0,,,0,,,195.34,0.0
T009148,0,0,,,0,,,151.44,0.0
T009149,0,0,,,0,,,209.06,0.0
T009150,0,0,,,0,,,809.97,0.0
T009151,0,0,,,0,,,237.09,0.0
T009152,0,0,,,0,,,423.81,0.0
T009153,0,0,,,0,,,229.45,0.0
T009154,0,0,,,0,,,209.7,0.0
T009155,0,0,,,0,,,662.18,0.0
T009156,0,0,,,0,,,284.05,0.0
T009157,0,0,,,0,,,205.53,0.0
T009158,0,0,,,0,,,306.04,0.0
T009159,0,0,,,0,,,274.26,0.0
T009160,0,0,,,0,,,192.1,0.0
T009161,0,0,,,0,,,169.03,0.0
T009162,0,0,,,0,,,747.1,0.0
T009163,0,0,,,0,,,409.46,0.0
T009164,0,0,,,0,,,152.91,0.0
T009165,0,0,,,0,,,226.55,0.0
T009166,0,0,,,0,,,184.12,0.0
T009167,1,0,,,0,,,0.0,1792.96
T009168,0,0,,,0,,,240.88,0.0
T009169,0,0,,,0,,,166.55,0.0
T009170,0,0,,,0,,,266.84,0.0
T009171,0,0,,,0,,,449.8,0.0
T009172,0,0,,,0,,,47.76,0.0
T009173,0,0,,,0,,,183.01,0.0
T009174,0,0,,,0,,,308.39,0.0
T009175,0,0,,,0,,,191.83,0.0
T009176,0,0,,,0,,,578.65,0.0
T009177,0,0,,,0,,,266.06,0.0
T009178,0,0,,,0,,,254.94,0.0
T009179,0,0,,,0,,,281.2,0.0
T009180,0,0,,,0,,,113.27,0.0
T009181,0,0,,,0,,,309.52,0.0
T009182,0,0,,,0,,,367.35,0.0
T009183,0,0,,,0,,,497.04,0.0
T009184,0,0,,,0,,,1590.47,0.0
T009185,0,0,,,0,,,131.26,0.0
T009186,0,0,,,0,,,151.88,0.0
T009187,0,0,,,0,,,287.31,0.0
T009188,0,0,,,0,,,749.52,0.0
T009189,0,0,,,0,,,180.55,0.0
T009190,0,0,,,0,,,159.79,0.0
T009191,0,0,,,0,,,309.11,0.0
T009192,0,0,,,0,,,595.07,0.0
T009193,0,0,,,0,,,171.78,0.0
T009194,0,0,,,0,,,139.96,0.0
T009195,0,0,,,0,,,282.54,0.0
T009196,0,0,,,0,,,186.64,0.0
T009197,0,0,,,0,,,117.75,0.0
T009198,0,0,,,0,,,316.56,0.0
T009199,0,0,,,0,,,560.41,0.0
T009200,0,0,,,0,,,428.62,0.0
T009201,0,0,,,0,,,154.78,0.0
T009202,0,0,,,0,,,359.35,0.0
T009203,0,0,,,0,,,160.68,0.0
T009204,0,0,,,0,,,151.54,0.0
T009205,0,0,,,0,,,226.21,0.0
T009206,0,0,,,0,,,185.34,0.0
T009207,0,0,,,0,,,188.7,0.0
T009208,0,0,,,0,,,36.14,0.0
T009209,0,0,,,0,,,615.86,0.0
T009210,0,0,,,0,,,169.52,0.0
T009211,0,0,,,0,,,437.34,0.0
T009212,0,0,,,0,,,198.28,0.0
T009213,0,0,,,0,,,392.02,0.0
T009214,0,0,,,0,,,396.74,0.0
T009215,0,0,,,0,,,98.78,0.0
T009216,0,0,,,0,,,240.75,0.0
T009217,0,0,,,0,,,317.17,0.0
T009218,0,0,,,0,,,430.49,0.0
T009219,0,0,,,0,,,229.33,0.0
T009220,0,0,,,0,,,179.86,0.0
T009221,0,0,,,0,,,312.36,0.0
T009222,0,0,,,0,,,1273.01,0.0
T009223,0,0,,,0,,,233.15,0.0
T009224,0,0,,,0,,,75.24,0.0
T009225,0,0,,,0,,,163.98,0.0
T009226,0,0,,,0,,,166.33,0.0
T009227,0,0,,,0,,,174.64,0.0
T009228,0,0,,,0,,,183.51,0.0
T009229,0,0,,,0,,,151.8,0.0
T009230,0,0,,,0,,,245.76,0.0
T009231,0,0,,,0,,,158.86,0.0
T009232,0,0,,,0,,,218.21,0.0
T009233,0,0,,,0,,,162.37,0.0
T009234,0,0,,,0,,,213.06,0.0
T009235,0,0,,,0,,,225.32,0.0
T009236,0,0,,,0,,,510.03,0.0
T009237,0,0,,,0,,,316.76,0.0
T009238,0,0,,,0,,,170.64,0.0
T009239,0,0,,,0,,,573.12,0.0
T009240,0,0,,,0,,,184.92,0.0
T009241,0,0,,,0,,,566.92,0.0
T009242,0,0,,,0,,,252.62,0.0
T009243,0,0,,,0,,,158.83,0.0
T009244,0,0,,,0,,,101.85,0.0
T009245,0,0,,,0,,,282.78,0.0
T009246,1,0,,,0,,,0.0,2703.71
T009247,0,0,,,0,,,505.28,0.0
T009248,0,0,,,0,,,221.61,0.0
T009249,0,0,,,0,,,350.14,0.0
T009250,0,0,,,0,,,243.4,0.0
T009251,0,0,,,0,,,69.18,0.0
T009252,0,0,,,0,,,190.26,0.0
T009253,0,0,,,0,,,290.91,0.0
T009254,0,0,,,0,,,200.15,0.0
T009255,0,0,,,0,,,314.1,0.0
T009256,0,0,,,0,,,149.13,0.0
T009257,0,0,,,0,,,206.98,0.0
T009258,0,0,,,0,,,361.74,0.0
T009259,0,0,,,0,,,185.68,0.0
T009260,0,0,,,0,,,160.82,0.0
T009261,0,0,,,0,,,269.19,0.0
T009262,1,0,,,0,,,0.0,30655.09
T009263,0,0,,,0,,,223.38,0.0
T009264,0,0,,,0,,,245.4,0.0
T009265,0,0,,,0,,,241.99,0.0
T009266,0,0,,,0,,,181.85,0.0
T009267,0,0,,,0,,,799.02,0.0
T009268,0,0,,,0,,,590.93,0.0
T009269,0,0,,,0,,,257.45,0.0
T009270,0,0,,,0,,,235.76,0.0
T009271,0,0,,,0,,,470.21,0.0
T009272,0,0,,,0,,,203.6,0.0
T009273,0,0,,,0,,,446.9,0.0
T009274,0,0,,,0,,,370.47,0.0
T009275,0,0,,,0,,,287.4,0.0
T009276,0,0,,,0,,,316.95,0.0
T009277,0,0,,,0,,,1061.65,0.0
T009278,0,0,,,0,,,365.41,0.0
T009279,0,0,,,0,,,296.65,0.0
T009280,0,0,,,0,,,324.89,0.0
T009281,0,0,,,0,,,187.02,0.0
T009282,0,0,,,0,,,157.8,0.0
T009283,0,0,,,0,,,222.92,0.0
T009284,0,0,,,0,,,470.27,0.0
T009285,0,0,,,0,,,159.34,0.0
T009286,0,0,,,0,,,164.28,0.0
T009287,0,0,,,0,,,468.99,0.0
T009288,0,0,,,0,,,159.45,0.0
T009289,0,0,,,0,,,111.7,0.0
T009290,0,0,,,0,,,266.43,0.0
T009291,0,0,,,0,,,159.75,0.0
T009292,0,0,,,0,,,178.84,0.0
T009293,0,0,,,0,,,176.39,0.0
T009294,0,0,,,0,,,70.14,0.0
T009295,0,0,,,0,,,89.26,0.0
T009296,0,0,,,0,,,202.97,0.0
T009297,0,0,,,0,,,319.07,0.0
T009298,0,0,,,0,,,176.48,0.0
T009299,0,0,,,0,,,165.7,0.0
T009300,0,0,,,0,,,177.73,0.0
T009301,0,0,,,0,,,173.97,0.0
T009302,0,0,,,0,,,252.69,0.0
T009303,0,0,,,0,,,160.37,0.0
T009304,0,0,,,0,,,265.15,0.0
T009305,0,0,,,0,,,301.83,0.0
T009306,0,0,,,0,,,197.02,0.0
T009307,0,0,,,0,,,159.56,0.0
T009308,0,0,,,0,,,282.96,0.0
T009309,0,0,,,0,,,203.18,0.0
T009310,0,0,,,0,,,455.7,0.0
T009311,0,0,,,0,,,168.96,0.0
T009312,0,0,,,0,,,310.96,0.0
T009313,0,0,,,0,,,265.89,0.0
T009314,0,0,,,0,,,330.61,0.0
T009315,0,0,,,0,,,735.42,0.0
T009316,0,0,,,0,,,159.93,0.0
T009317,0,0,,,0,,,257.42,0.0
T009318,0,0,,,0,,,131.23,0.0
T009319,0,0,,,0,,,433.67,0.0
T009320,0,0,,,0,,,297.21,0.0
T009321,0,0,,,0,,,408.59,0.0
T009322,0,0,,,0,,,171.18,0.0
T009323,0,0,,,0,,,126.05,0.0
T009324,0,0,,,0,,,223.31,0.0
T009325,0,0,,,0,,,162.84,0.0
T009326,0,0,,,0,,,395.0,0.0
T009327,0,0,,,0,,,880.33,0.0
T009328,0,0,,,0,,,281.3,0.0
T009329,0,0,,,0,,,182.89,0.0
T009330,0,0,,,0,,,367.48,0.0
T009331,0,0,,,0,,,257.09,0.0
T009332,0,0,,,0,,,219.57,0.0
T009333,0,0,,,0,,,175.63,0.0
T009334,0,0,,,0,,,106.22,0.0
T009335,0,0,,,0,,,245.8,0.0
T009336,0,0,,,0,,,492.78,0.0
T009337,0,0,,,0,,,162.13,0.0
T009338,0,0,,,0,,,194.19,0.0
T009339,0,0,,,0,,,159.01,0.0
T009340,0,0,,,0,,,326.99,0.0
T009341,0,0,,,0,,,173.26,0.0
T009342,0,0,,,0,,,170.99,0.0
T009343,0,0,,,0,,,406.24,0.0
T009344,0,0,,,0,,,244.32,0.0
T009345,0,0,,,0,,,226.76,0.0
T009346,0,0,,,0,,,115.99,0.0
T009347,0,0,,,0,,,262.13,0.0
T009348,0,0,,,0,,,262.54,0.0
T009349,0,0,,,0,,,399.75,0.0
T009350,0,0,,,0,,,172.5,0.0
T009351,0,0,,,0,,,649.95,0.0
T009352,0,0,,,0,,,522.61,0.0
T009353,0,0,,,0,,,652.04,0.0
T009354,0,0,,,0,,,243.72,0.0
T009355,0,0,,,0,,,174.95,0.0
T009356,0,0,,,0,,,86.14,0.0
T009357,0,0,,,0,,,188.6,0.0
T009358,0,0,,,0,,,489.94,0.0
T009359,0,0,,,0,,,348.11,0.0
T009360,0,0,,,0,,,164.04,0.0
T009361,1,0,,,0,,,0.0,705.27
T009362,0,0,,,0,,,223.1,0.0
T009363,0,0,,,0,,,246.55,0.0
T009364,0,0,,,0,,,714.67,0.0
T009365,0,0,,,0,,,359.25,0.0
T009366,0,0,,,0,,,198.7,0.0
T009367,0,0,,,0,,,224.19,0.0
T009368,0,0,,,0,,,163.98,0.0
T009369,0,0,,,0,,,104.01,0.0
T009370,0,0,,,0,,,175.74,0.0
T009371,0,0,,,0,,,1583.6,0.0
T009372,0,0,,,0,,,153.42,0.0
T009373,0,0,,,0,,,191.96,0.0
T009374,0,0,,,0,,,238.37,0.0
T009375,0,0,,,0,,,161.93,0.0
T009376,0,0,,,0,,,347.59,0.0
T009377,0,0,,,0,,,159.74,0.0
T009378,0,0,,,0,,,662.97,0.0
T009379,0,0,,,0,,,169.96,0.0
T009380,0,0,,,0,,,236.87,0.0
T009381,0,0,,,0,,,553.87,0.0
T009382,0,0,,,0,,,219.01,0.0
T009383,0,0,,,0,,,380.51,0.0
T009384,0,0,,,0,,,167.57,0.0
T009385,0,0,,,0,,,159.76,0.0
T009386,0,0,,,0,,,468.28,0.0
T009387,0,0,,,0,,,282.27,0.0
T009388,0,0,,,0,,,388.93,0.0
T009389,0,0,,,0,,,396.16,0.0
T009390,0,0,,,0,,,137.4,0.0
T009391,0,0,,,0,,,490.98,0.0
T009392,0,0,,,0,,,157.31,0.0
T009393,0,0,,,0,,,256.89,0.0
T009394,0,0,,,0,,,584.83,0.0
T009395,0,0,,,0,,,190.35,0.0
T009396,0,0,,,0,,,150.22,0.0
T009397,0,0,,,0,,,256.41,0.0
T009398,0,0,,,0,,,378.95,0.0
T009399,0,0,,,0,,,227.68,0.0
T009400,0,0,,,0,,,150.9,0.0
T009401,0,0,,,0,,,215.79,0.0
T009402,0,0,,,0,,,233.45,0.0
T009403,0,0,,,0,,,190.66,0.0
T009404,0,0,,,0,,,170.33,0.0
T009405,0,0,,,0,,,191.05,0.0
T009406,0,0,,,0,,,196.61,0.0
T009407,0,0,,,0,,,229.0,0.0
T009408,0,0,,,0,,,175.23,0.0
T009409,0,0,,,0,,,171.7,0.0
T009410,0,0,,,0,,,138.59,0.0
T009411,0,0,,,0,,,190.48,0.0
T009412,0,0,,,0,,,467.98,0.0
T009413,0,0,,,0,,,423.69,0.0
T009414,0,0,,,0,,,373.33,0.0
T009415,0,0,,,0,,,263.91,0.0
T009416,0,0,,,0,,,136.57,0.0
T009417,0,0,,,0,,,208.18,0.0
T009418,0,0,,,0,,,126.36,0.0
T009419,0,0,,,0,,,171.93,0.0
T009420,0,0,,,0,,,202.16,0.0
T009421,0,0,,,0,,,197.75,0.0
T009422,0,0,,,0,,,222.87,0.0
T009423,0,0,,,0,,,406.16,0.0
T009424,0,0,,,0,,,889.54,0.0
T009425,0,0,,,0,,,259.39,0.0
T009426,0,0,,,0,,,106.19,0.0
T009427,0,0,,,0,,,207.2,0.0
T009428,0,0,,,0,,,311.57,0.0
T009429,0,0,,,0,,,176.02,0.0
T009430,0,0,,,0,,,170.74,0.0
T009431,0,0,,,0,,,177.65,0.0
T009432,0,0,,,0,,,83.18,0.0
T009433,0,0,,,0,,,226.27,0.0
T009434,1,0,,,0,,,0.0,1720.2
T009435,0,0,,,0,,,141.49,0.0
T009436,0,0,,,0,,,254.97,0.0
T009437,0,0,,,0,,,221.42,0.0
T009438,0,0,,,0,,,418.98,0.0
T009439,0,0,,,0,,,207.8,0.0
T009440,0,0,,,0,,,487.09,0.0
T009441,0,0,,,0,,,202.37,0.0
T009442,0,0,,,0,,,159.13,0.0
T009443,0,0,,,0,,,566.59,0.0
T009444,0,0,,,0,,,213.41,0.0
T009445,0,0,,,0,,,196.53,0.0
T009446,0,0,,,0,,,180.52,0.0
T009447,0,0,,,0,,,218.08,0.0
T009448,0,0,,,0,,,108.98,0.0
T009449,0,0,,,0,,,221.49,0.0
T009450,0,0,,,0,,,186.58,0.0
T009451,0,0,,,0,,,219.4,0.0
T009452,0,0,,,0,,,278.35,0.0
T009453,0,0,,,0,,,399.93,0.0
T009454,0,0,,,0,,,241.75,0.0
T009455,0,0,,,0,,,185.93,0.0
T009456,0,0,,,0,,,174.1,0.0
T009457,0,0,,,0,,,74.39,0.0
T009458,0,0,,,0,,,142.69,0.0
T009459,0,0,,,0,,,246.29,0.0
T009460,0,0,,,0,,,157.92,0.0
T009461,0,0,,,0,,,692.35,0.0
T009462,0,0,,,0,,,890.63,0.0
T009463,0,0,,,0,,,291.62,0.0
T009464,0,0,,,0,,,530.32,0.0
T009465,0,0,,,0,,,319.94,0.0
T009466,0,0,,,0,,,173.89,0.0
T009467,0,0,,,0,,,180.83,0.0
T009468,0,0,,,0,,,270.08,0.0
T009469,0,0,,,0,,,349.07,0.0
T009470,0,0,,,0,,,788.57,0.0
T009471,0,0,,,0,,,359.32,0.0
T009472,0,0,,,0,,,165.19,0.0
T009473,0,0,,,0,,,195.18,0.0
T009474,0,0,,,0,,,622.77,0.0
T009475,0,0,,,0,,,190.24,0.0
T009476,0,0,,,0,,,192.64,0.0
T009477,0,0,,,0,,,153.11,0.0
T009478,0,0,,,0,,,169.2,0.0
T009479,0,0,,,0,,,162.36,0.0
T009480,0,0,,,0,,,173.83,0.0
T009481,0,0,,,0,,,207.96,0.0
T009482,0,0,,,0,,,712.14,0.0
T009483,0,0,,,0,,,163.0,0.0
T009484,0,0,,,0,,,328.74,0.0
T009485,0,0,,,0,,,136.96,0.0
T009486,0,0,,,0,,,348.81,0.0
T009487,0,0,,,0,,,177.75,0.0
T009488,0,0,,,0,,,141.02,0.0
T009489,0,0,,,0,,,193.03,0.0
T009490,0,0,,,0,,,283.75,0.0
T009491,0,0,,,0,,,495.35,0.0
T009492,0,0,,,0,,,540.44,0.0
T009493,0,0,,,0,,,256.15,0.0
T009494,0,0,,,0,,,91.11,0.0
T009495,0,0,,,0,,,265.32,0.0
T009496,0,0,,,0,,,187.36,0.0
T009497,0,0,,,0,,,143.16,0.0
T009498,0,0,,,0,,,200.21,0.0
T009499,0,0,,,0,,,201.07,0.0
T009500,0,0,,,0,,,417.18,0.0
T009501,0,0,,,0,,,197.23,0.0
T009502,0,0,,,0,,,133.49,0.0
T009503,0,0,,,0,,,158.02,0.0
T009504,0,0,,,0,,,566.74,0.0
T009505,0,0,,,0,,,207.94,0.0
T009506,0,0,,,0,,,444.86,0.0
T009507,0,0,,,0,,,163.67,0.0
T009508,0,0,,,0,,,193.1,0.0
T009509,0,0,,,0,,,98.41,0.0
T009510,0,0,,,0,,,585.77,0.0
T009511,0,0,,,0,,,310.1,0.0
T009512,0,0,,,0,,,157.17,0.0
T009513,0,0,,,0,,,176.3,0.0
T009514,0,0,,,0,,,56.5,0.0
T009515,0,0,,,0,,,530.65,0.0
T009516,0,0,,,0,,,181.03,0.0
T009517,0,0,,,0,,,441.1,0.0
T009518,0,0,,,0,,,257.6,0.0
T009519,0,0,,,0,,,250.39,0.0
T009520,0,0,,,0,,,395.02,0.0
T009521,0,0,,,0,,,229.59,0.0
T009522,0,0,,,0,,,221.39,0.0
T009523,0,0,,,0,,,221.21,0.0
T009524,0,0,,,0,,,159.83,0.0
T009525,0,0,,,0,,,199.59,0.0
T009526,0,0,,,0,,,162.45,0.0
T009527,0,0,,,0,,,167.4,0.0
T009528,0,0,,,0,,,214.07,0.0
T009529,0,0,,,0,,,154.82,0.0
T009530,0,0,,,0,,,151.77,0.0
T009531,0,0,,,0,,,768.3,0.0
T009532,0,0,,,0,,,221.29,0.0
T009533,0,0,,,0,,,1153.57,0.0
T009534,0,0,,,0,,,131.58,0.0
T009535,0,0,,,0,,,243.92,0.0
T009536,0,0,,,0,,,79.47,0.0
T009537,0,0,,,0,,,166.41,0.0
T009538,0,0,,,0,,,273.5,0.0
T009539,0,0,,,0,,,127.2,0.0
T009540,0,0,,,0,,,325.3,0.0
T009541,0,0,,,0,,,164.71,0.0
T009542,0,0,,,0,,,152.55,0.0
T009543,0,0,,,0,,,246.74,0.0
T009544,0,0,,,0,,,129.88,0.0
T009545,0,0,,,0,,,183.18,0.0
T009546,0,0,,,0,,,350.43,0.0
T009547,0,0,,,0,,,211.3,0.0
T009548,0,0,,,0,,,216.78,0.0
T009549,0,0,,,0,,,170.85,0.0
T009550,0,0,,,0,,,167.39,0.0
T009551,0,0,,,0,,,176.09,0.0
T009552,0,0,,,0,,,499.72,0.0
T009553,0,0,,,0,,,243.83,0.0
T009554,0,0,,,0,,,170.12,0.0
T009555,0,0,,,0,,,690.23,0.0
T009556,0,0,,,0,,,338.29,0.0
T009557,0,0,,,0,,,160.7,0.0
T009558,0,0,,,0,,,163.41,0.0
T009559,0,0,,,0,,,210.22,0.0
T009560,0,0,,,0,,,346.13,0.0
T009561,0,0,,,0,,,239.0,0.0
T009562,0,0,,,0,,,162.82,0.0
T009563,0,0,,,0,,,150.16,0.0
T009564,0,0,,,0,,,480.07,0.0
T009565,0,0,,,0,,,138.05,0.0
T009566,0,0,,,0,,,196.64,0.0
T009567,0,0,,,0,,,234.72,0.0
T009568,0,0,,,0,,,243.28,0.0
T009569,0,0,,,0,,,127.71,0.0
T009570,0,0,,,0,,,431.61,0.0
T009571,0,0,,,0,,,488.71,0.0
T009572,0,0,,,0,,,1455.89,0.0
T009573,0,0,,,0,,,208.92,0.0
T009574,0,0,,,0,,,155.61,0.0
T009575,0,0,,,0,,,204.56,0.0
T009576,0,0,,,0,,,104.22,0.0
T009577,0,0,,,0,,,194.0,0.0
T009578,0,0,,,0,,,207.83,0.0
T009579,0,0,,,0,,,175.43,0.0
T009580,0,0,,,0,,,451.07,0.0
T009581,0,0,,,0,,,165.3,0.0
T009582,0,0,,,0,,,177.58,0.0
T009583,0,0,,,0,,,238.91,0.0
T009584,0,0,,,0,,,294.4,0.0
T009585,0,0,,,0,,,215.04,0.0
T009586,0,0,,,0,,,296.39,0.0
T009587,0,0,,,0,,,109.66,0.0
T009588,0,0,,,0,,,186.29,0.0
T009589,0,0,,,0,,,179.58,0.0
T009590,0,0,,,0,,,167.75,0.0
T009591,0,0,,,0,,,210.85,0.0
T009592,0,0,,,0,,,158.45,0.0
T009593,0,0,,,0,,,159.77,0.0
T009594,0,0,,,0,,,171.15,0.0
T009595,0,0,,,0,,,167.75,0.0
T009596,0,0,,,0,,,210.97,0.0
T009597,0,0,,,0,,,159.33,0.0
T009598,0,0,,,0,,,144.65,0.0
T009599,0,0,,,0,,,206.9,0.0
T009600,0,0,,,0,,,222.9,0.0
T009601,0,0,,,0,,,111.21,0.0
T009602,0,0,,,0,,,140.37,0.0
T009603,0,0,,,0,,,128.84,0.0
T009604,0,0,,,0,,,213.26,0.0
T009605,0,0,,,0,,,147.68,0.0
T009606,0,0,,,0,,,283.69,0.0
T009607,0,0,,,0,,,168.56,0.0
T009608,0,0,,,0,,,148.72,0.0
T009609,0,0,,,0,,,234.53,0.0
T009610,0,0,,,0,,,164.28,0.0
T009611,0,0,,,0,,,174.97,0.0
T009612,0,0,,,0,,,134.95,0.0
T009613,0,0,,,0,,,294.08,0.0
T009614,0,0,,,0,,,196.56,0.0
T009615,0,0,,,0,,,192.74,0.0
T009616,0,0,,,0,,,289.22,0.0
T009617,0,0,,,0,,,122.95,0.0
T009618,0,0,,,0,,,192.59,0.0
T009619,0,0,,,0,,,189.21,0.0
T009620,0,0,,,0,,,593.0,0.0
T009621,0,0,,,0,,,193.96,0.0
T009622,0,0,,,0,,,346.22,0.0
T009623,0,0,,,0,,,176.48,0.0
T009624,0,0,,,0,,,215.72,0.0
T009625,0,0,,,0,,,318.85,0.0
T009626,0,0,,,0,,,99.4,0.0
T009627,0,0,,,0,,,410.42,0.0
T009628,0,0,,,0,,,243.92,0.0
T009629,0,0,,,0,,,156.52,0.0
T009630,0,0,,,0,,,303.64,0.0
T009631,0,0,,,0,,,189.48,0.0
T009632,0,0,,,0,,,256.21,0.0
T009633,0,0,,,0,,,620.84,0.0
T009634,0,0,,,0,,,260.45,0.0
T009635,0,0,,,0,,,226.49,0.0
T009636,0,0,,,0,,,137.03,0.0
T009637,0,0,,,0,,,154.45,0.0
T009638,0,0,,,0,,,146.31,0.0
T009639,0,0,,,0,,,551.68,0.0
T009640,0,0,,,0,,,184.72,0.0
T009641,0,0,,,0,,,748.64,0.0
T009642,0,0,,,0,,,835.9,0.0
T009643,0,0,,,0,,,167.23,0.0
T009644,0,0,,,0,,,316.69,0.0
T009645,0,0,,,0,,,257.78,0.0
T009646,0,0,,,0,,,189.03,0.0
T009647,0,0,,,0,,,160.13,0.0
T009648,0,0,,,0,,,401.5,0.0
T009649,0,0,,,0,,,171.03,0.0
T009650,0,0,,,0,,,100.36,0.0
T009651,0,0,,,0,,,221.56,0.0
T009652,0,0,,,0,,,189.85,0.0
T009653,0,0,,,0,,,293.95,0.0
T009654,0,0,,,0,,,209.94,0.0
T009655,0,0,,,0,,,163.91,0.0
T009656,0,0,,,0,,,170.0,0.0
T009657,0,0,,,0,,,228.82,0.0
T009658,0,0,,,0,,,217.45,0.0
T009659,0,0,,,0,,,168.97,0.0
T009660,0,0,,,0,,,254.23,0.0
T009661,0,0,,,0,,,617.48,0.0
T009662,0,0,,,0,,,255.36,0.0
T009663,0,0,,,0,,,356.99,0.0
T009664,0,0,,,0,,,208.43,0.0
T009665,0,0,,,0,,,151.48,0.0
T009666,0,0,,,0,,,162.63,0.0
T009667,0,0,,,0,,,179.6,0.0
T009668,0,0,,,0,,,247.65,0.0
T009669,0,0,,,0,,,147.76,0.0
T009670,0,0,,,0,,,143.88,0.0
T009671,0,0,,,0,,,169.65,0.0
T009672,0,0,,,0,,,105.36,0.0
T009673,0,0,,,0,,,430.01,0.0
T009674,0,0,,,0,,,159.2,0.0
T009675,0,0,,,0,,,249.12,0.0
T009676,0,0,,,0,,,145.27,0.0
T009677,0,0,,,0,,,362.61,0.0
T009678,0,0,,,0,,,286.42,0.0
T009679,0,0,,,0,,,279.61,0.0
T009680,0,0,,,0,,,637.1,0.0
T009681,0,0,,,0,,,155.15,0.0
T009682,0,0,,,0,,,157.66,0.0
T009683,0,0,,,0,,,155.78,0.0
T009684,0,0,,,0,,,171.4,0.0
T009685,0,0,,,0,,,290.25,0.0
T009686,0,0,,,0,,,197.61,0.0
T009687,0,0,,,0,,,371.09,0.0
T009688,0,0,,,0,,,173.02,0.0
T009689,0,0,,,0,,,109.33,0.0
T009690,0,0,,,0,,,156.05,0.0
T009691,0,0,,,0,,,72.75,0.0
T009692,0,0,,,0,,,153.8,0.0
T009693,0,0,,,0,,,379.31,0.0
T009694,0,0,,,0,,,243.94,0.0
T009695,0,0,,,0,,,98.51,0.0
T009696,0,0,,,0,,,135.54,0.0
T009697,0,0,,,0,,,144.87,0.0
T009698,0,0,,,0,,,225.03,0.0
T009699,0,0,,,0,,,218.05,0.0
T009700,0,0,,,0,,,218.23,0.0
T009701,0,0,,,0,,,162.51,0.0
T009702,0,0,,,0,,,341.63,0.0
T009703,0,0,,,0,,,120.89,0.0
T009704,0,0,,,0,,,216.23,0.0
T009705,0,0,,,0,,,430.65,0.0
T009706,0,0,,,0,,,345.09,0.0
T009707,0,0,,,0,,,686.62,0.0
T009708,0,0,,,0,,,165.3,0.0
T009709,0,0,,,0,,,263.46,0.0
T009710,0,0,,,0,,,399.39,0.0
T009711,0,0,,,0,,,461.16,0.0
T009712,0,0,,,0,,,282.63,0.0
T009713,0,0,,,0,,,727.33,0.0
T009714,0,0,,,0,,,189.79,0.0
T009715,0,0,,,0,,,159.28,0.0
T009716,0,0,,,0,,,188.78,0.0
T009717,0,0,,,0,,,251.27,0.0
T009718,0,0,,,0,,,232.31,0.0
T009719,0,0,,,0,,,252.25,0.0
T009720,0,0,,,0,,,353.14,0.0
T009721,0,0,,,0,,,161.66,0.0
T009722,0,0,,,0,,,169.75,0.0
T009723,0,0,,,0,,,266.37,0.0
T009724,0,0,,,0,,,175.99,0.0
T009725,0,0,,,0,,,175.38,0.0
T009726,0,0,,,0,,,155.28,0.0
T009727,0,0,,,0,,,342.55,0.0
T009728,0,0,,,0,,,395.66,0.0
T009729,0,0,,,0,,,199.25,0.0
T009730,0,0,,,0,,,447.17,0.0
T009731,0,0,,,0,,,292.03,0.0
T009732,1,0,,,0,,,0.0,3057.11
T009733,0,0,,,0,,,180.62,0.0
T009734,0,0,,,0,,,274.71,0.0
T009735,0,0,,,0,,,251.43,0.0
T009736,0,0,,,0,,,128.39,0.0
T009737,0,0,,,0,,,614.24,0.0
T009738,0,0,,,0,,,225.65,0.0
T009739,0,0,,,0,,,160.3,0.0
T009740,0,0,,,0,,,156.65,0.0
T009741,0,0,,,0,,,159.35,0.0
T009742,0,0,,,0,,,237.21,0.0
T009743,0,0,,,0,,,386.75,0.0
T009744,0,0,,,0,,,186.66,0.0
T009745,0,0,,,0,,,413.43,0.0
T009746,0,0,,,0,,,202.84,0.0
T009747,0,0,,,0,,,170.36,0.0
T009748,0,0,,,0,,,226.23,0.0
T009749,0,0,,,0,,,221.61,0.0
T009750,0,0,,,0,,,164.4,0.0
T009751,0,0,,,0,,,200.23,0.0
T009752,0,0,,,0,,,383.08,0.0
T009753,0,0,,,0,,,163.04,0.0
T009754,0,0,,,0,,,147.9,0.0
T009755,0,0,,,0,,,191.47,0.0
T009756,0,0,,,0,,,248.98,0.0
T009757,0,0,,,0,,,250.49,0.0
T009758,0,0,,,0,,,229.67,0.0
T009759,0,0,,,0,,,1547.69,0.0
T009760,0,0,,,0,,,198.75,0.0
T009761,0,0,,,0,,,181.23,0.0
T009762,0,0,,,0,,,295.87,0.0
T009763,0,0,,,0,,,337.23,0.0
T009764,0,0,,,0,,,404.11,0.0
T009765,0,0,,,0,,,473.3,0.0
T009766,0,0,,,0,,,232.99,0.0
T009767,0,0,,,0,,,1020.5,0.0
T009768,0,0,,,0,,,265.66,0.0
T009769,0,0,,,0,,,250.09,0.0
T009770,0,0,,,0,,,225.91,0.0
T009771,0,0,,,0,,,129.12,0.0
T009772,0,0,,,0,,,166.84,0.0
T009773,0,0,,,0,,,201.03,0.0
T009774,0,0,,,0,,,221.01,0.0
T009775,0,0,,,0,,,208.41,0.0
T009776,0,0,,,0,,,168.89,0.0
T009777,0,0,,,0,,,232.43,0.0
T009778,0,0,,,0,,,277.04,0.0
T009779,0,0,,,0,,,201.69,0.0
T009780,0,0,,,0,,,179.06,0.0
T009781,0,0,,,0,,,234.52,0.0
T009782,0,0,,,0,,,159.66,0.0
T009783,0,0,,,0,,,396.22,0.0
T009784,0,0,,,0,,,187.79,0.0
T009785,0,0,,,0,,,152.33,0.0
T009786,0,0,,,0,,,137.27,0.0
T009787,0,0,,,0,,,247.52,0.0
T009788,0,0,,,0,,,153.1,0.0
T009789,0,0,,,0,,,547.47,0.0
T009790,0,0,,,0,,,168.52,0.0
T009791,0,0,,,0,,,332.68,0.0
T009792,0,0,,,0,,,168.54,0.0
T009793,0,0,,,0,,,248.14,0.0
T009794,0,0,,,0,,,426.37,0.0
T009795,0,0,,,0,,,198.81,0.0
T009796,0,0,,,0,,,228.76,0.0
T009797,0,0,,,0,,,198.25,0.0
T009798,0,0,,,0,,,469.34,0.0
T009799,0,0,,,0,,,257.52,0.0
T009800,0,0,,,0,,,234.93,0.0
T009801,0,0,,,0,,,198.8,0.0
T009802,0,0,,,0,,,315.08,0.0
T009803,0,0,,,0,,,698.18,0.0
T009804,0,0,,,0,,,800.02,0.0
T009805,0,0,,,0,,,2153.99,0.0
T009806,0,0,,,0,,,97.79,0.0
T009807,0,0,,,0,,,190.67,0.0
T009808,0,0,,,0,,,158.78,0.0
T009809,0,0,,,0,,,210.6,0.0
T009810,0,0,,,0,,,916.51,0.0
T009811,0,0,,,0,,,264.52,0.0
T009812,0,0,,,0,,,232.53,0.0
T009813,0,0,,,0,,,190.74,0.0
T009814,0,0,,,0,,,308.11,0.0
T009815,0,0,,,0,,,169.7,0.0
T009816,0,0,,,0,,,285.4,0.0
T009817,0,0,,,0,,,292.86,0.0
T009818,0,0,,,0,,,198.14,0.0
T009819,0,0,,,0,,,161.88,0.0
T009820,0,0,,,0,,,373.47,0.0
T009821,0,0,,,0,,,249.32,0.0
T009822,0,0,,,0,,,244.92,0.0
T009823,0,0,,,0,,,203.92,0.0
T009824,0,0,,,0,,,202.42,0.0
T009825,0,0,,,0,,,309.5,0.0
T009826,0,0,,,0,,,341.61,0.0
T009827,0,0,,,0,,,796.36,0.0
T009828,1,0,,,0,,,0.0,408.35
T009829,0,0,,,0,,,97.78,0.0
T009830,0,0,,,0,,,170.37,0.0
T009831,0,0,,,0,,,245.48,0.0
T009832,0,0,,,0,,,164.58,0.0
T009833,0,0,,,0,,,194.39,0.0
T009834,0,0,,,0,,,399.75,0.0
T009835,0,0,,,0,,,165.05,0.0
T009836,0,0,,,0,,,200.0,0.0
T009837,0,0,,,0,,,576.01,0.0
T009838,0,0,,,0,,,268.95,0.0
T009839,0,0,,,0,,,277.11,0.0
T009840,0,0,,,0,,,234.13,0.0
T009841,0,0,,,0,,,205.78,0.0
T009842,0,0,,,0,,,185.94,0.0
T009843,0,0,,,0,,,182.9,0.0
T009844,0,0,,,0,,,210.82,0.0
T009845,0,0,,,0,,,821.97,0.0
T009846,0,0,,,0,,,238.88,0.0
T009847,0,0,,,0,,,210.87,0.0
T009848,0,0,,,0,,,109.61,0.0
T009849,0,0,,,0,,,180.76,0.0
T009850,0,0,,,0,,,216.05,0.0
T009851,0,0,,,0,,,173.07,0.0
T009852,0,0,,,0,,,117.13,0.0
T009853,0,0,,,0,,,171.61,0.0
T009854,0,0,,,0,,,247.07,0.0
T009855,0,0,,,0,,,216.48,0.0
T009856,0,0,,,0,,,154.51,0.0
T009857,0,0,,,0,,,290.95,0.0
T009858,0,0,,,0,,,246.09,0.0
T009859,0,0,,,0,,,476.64,0.0
T009860,0,0,,,0,,,160.62,0.0
T009861,0,0,,,0,,,248.6,0.0
T009862,0,0,,,0,,,154.6,0.0
T009863,0,0,,,0,,,273.94,0.0
T009864,0,0,,,0,,,193.0,0.0
T009865,0,0,,,0,,,146.19,0.0
T009866,0,0,,,0,,,194.94,0.0
T009867,0,0,,,0,,,176.18,0.0
T009868,0,0,,,0,,,199.97,0.0
T009869,0,0,,,0,,,212.93,0.0
T009870,0,0,,,0,,,276.34,0.0
T009871,0,0,,,0,,,231.92,0.0
T009872,0,0,,,0,,,218.56,0.0
T009873,0,0,,,0,,,89.1,0.0
T009874,0,0,,,0,,,432.09,0.0
T009875,0,0,,,0,,,235.17,0.0
T009876,0,0,,,0,,,194.39,0.0
T009877,0,0,,,0,,,248.73,0.0
T009878,0,0,,,0,,,98.63,0.0
T009879,0,0,,,0,,,186.96,0.0
T009880,0,0,,,0,,,119.53,0.0
T009881,0,0,,,0,,,317.68,0.0
T009882,0,0,,,0,,,311.76,0.0
T009883,0,0,,,0,,,179.55,0.0
T009884,0,0,,,0,,,72.03,0.0
T009885,0,0,,,0,,,202.28,0.0
T009886,0,0,,,0,,,220.8,0.0
T009887,0,0,,,0,,,674.98,0.0
T009888,0,0,,,0,,,190.59,0.0
T009889,0,0,,,0,,,254.58,0.0
T009890,0,0,,,0,,,181.15,0.0
T009891,0,0,,,0,,,156.03,0.0
T009892,0,0,,,0,,,377.0,0.0
T009893,0,0,,,0,,,427.82,0.0
T009894,0,0,,,0,,,198.25,0.0
T009895,0,0,,,0,,,215.69,0.0
T009896,0,0,,,0,,,155.93,0.0
T009897,0,0,,,0,,,213.87,0.0
T009898,0,0,,,0,,,250.73,0.0
T009899,0,0,,,0,,,100.73,0.0
T009900,0,0,,,0,,,200.29,0.0
T009901,0,0,,,0,,,122.9,0.0
T009902,0,0,,,0,,,231.18,0.0
T009903,0,0,,,0,,,501.74,0.0
T009904,0,0,,,0,,,217.83,0.0
T009905,0,0,,,0,,,193.63,0.0
T009906,0,0,,,0,,,130.89,0.0
T009907,0,0,,,0,,,395.26,0.0
T009908,0,0,,,0,,,239.54,0.0
T009909,0,0,,,0,,,170.77,0.0
T009910,0,0,,,0,,,422.03,0.0
T009911,0,0,,,0,,,120.27,0.0
T009912,0,0,,,0,,,101.19,0.0
T009913,0,0,,,0,,,336.22,0.0
T009914,0,0,,,0,,,231.8,0.0
T009915,0,0,,,0,,,157.63,0.0
T009916,0,0,,,0,,,562.25,0.0
T009917,0,0,,,0,,,164.47,0.0
T009918,0,0,,,0,,,546.97,0.0
T009919,0,0,,,0,,,235.47,0.0
T009920,0,0,,,0,,,193.55,0.0
T009921,0,0,,,0,,,461.87,0.0
T009922,0,0,,,0,,,426.58,0.0
T009923,0,0,,,0,,,201.93,0.0
T009924,0,0,,,0,,,521.08,0.0
T009925,0,0,,,0,,,478.64,0.0
T009926,0,0,,,0,,,441.5,0.0
T009927,0,0,,,0,,,388.29,0.0
T009928,0,0,,,0,,,307.21,0.0
T009929,0,0,,,0,,,87.68,0.0
T009930,0,0,,,0,,,197.24,0.0
T009931,0,0,,,0,,,218.48,0.0
T009932,0,0,,,0,,,165.05,0.0
T009933,0,0,,,0,,,178.5,0.0
T009934,0,0,,,0,,,365.25,0.0
T009935,0,0,,,0,,,177.04,0.0
T009936,0,0,,,0,,,166.7,0.0
T009937,0,0,,,0,,,240.46,0.0
T009938,0,0,,,0,,,151.07,0.0
T009939,0,0,,,0,,,166.69,0.0
T009940,0,0,,,0,,,210.27,0.0
T009941,0,0,,,0,,,156.39,0.0
T009942,0,0,,,0,,,156.89,0.0
T009943,0,0,,,0,,,290.45,0.0
T009944,0,0,,,0,,,218.28,0.0
T009945,0,0,,,0,,,162.02,0.0
T009946,0,0,,,0,,,158.52,0.0
T009947,0,0,,,0,,,741.91,0.0
T009948,0,0,,,0,,,229.95,0.0
T009949,0,0,,,0,,,214.15,0.0
T009950,0,0,,,0,,,157.41,0.0
T009951,1,0,,,0,,,0.0,1343.77
T009952,0,0,,,0,,,259.63,0.0
T009953,0,0,,,0,,,360.29,0.0
T009954,0,0,,,0,,,189.15,0.0
T009955,0,0,,,0,,,329.83,0.0
T009956,0,0,,,0,,,469.77,0.0
T009957,0,0,,,0,,,143.31,0.0
T009958,0,0,,,0,,,149.6,0.0
T009959,0,0,,,0,,,117.26,0.0
T009960,0,0,,,0,,,177.14,0.0
T009961,0,0,,,0,,,175.53,0.0
T009962,0,0,,,0,,,308.14,0.0
T009963,0,0,,,0,,,419.67,0.0
T009964,0,0,,,0,,,223.02,0.0
T009965,0,0,,,0,,,277.52,0.0
T009966,0,0,,,0,,,436.58,0.0
T009967,0,0,,,0,,,481.08,0.0
T009968,0,0,,,0,,,172.58,0.0
T009969,0,0,,,0,,,567.41,0.0
T009970,0,0,,,0,,,168.45,0.0
T009971,0,0,,,0,,,261.95,0.0
T009972,0,0,,,0,,,318.24,0.0
T009973,0,0,,,0,,,520.27,0.0
T009974,0,0,,,0,,,152.67,0.0
T009975,0,0,,,0,,,159.3,0.0
T009976,0,0,,,0,,,110.51,0.0
T009977,0,0,,,0,,,391.19,0.0
T009978,0,0,,,0,,,2339.79,0.0
T009979,0,0,,,0,,,195.01,0.0
T009980,0,0,,,0,,,219.8,0.0
T009981,0,0,,,0,,,542.76,0.0
T009982,0,0,,,0,,,363.07,0.0
T009983,0,0,,,0,,,552.25,0.0
T009984,0,0,,,0,,,363.13,0.0
T009985,0,0,,,0,,,221.9,0.0
T009986,0,0,,,0,,,359.09,0.0
T009987,0,0,,,0,,,330.08,0.0
T009988,0,0,,,0,,,162.12,0.0
T009989,0,0,,,0,,,188.1,0.0
T009990,0,0,,,0,,,145.2,0.0
T009991,0,0,,,0,,,264.79,0.0
T009992,0,0,,,0,,,119.7,0.0
T009993,0,0,,,0,,,142.9,0.0
T009994,0,0,,,0,,,173.75,0.0
T009995,0,0,,,0,,,142.27,0.0
T009996,0,0,,,0,,,196.94,0.0
T009997,0,0,,,0,,,156.73,0.0
T009998,0,0,,,0,,,235.62,0.0
T009999,0,0,,,0,,,160.84,0.0
T010000,0,0,,,0,,,214.85,0.0
T010001,0,0,,,0,,,187.82,0.0
T010002,0,0,,,0,,,220.77,0.0
T010003,0,0,,,0,,,182.43,0.0
T010004,0,0,,,0,,,420.09,0.0
T010005,1,0,,,0,,,0.0,5505.0
T010006,0,0,,,0,,,221.81,0.0
T010007,0,0,,,0,,,169.79,0.0
T010008,0,0,,,0,,,362.97,0.0
T010009,0,0,,,0,,,414.72,0.0
T010010,0,0,,,0,,,183.16,0.0
T010011,0,0,,,0,,,180.04,0.0
T010012,0,0,,,0,,,165.35,0.0
T010013,0,0,,,0,,,195.51,0.0
T010014,0,0,,,0,,,169.02,0.0
T010015,0,0,,,0,,,230.94,0.0
T010016,0,0,,,0,,,493.91,0.0
T010017,0,0,,,0,,,262.54,0.0
T010018,1,0,,,0,,,0.0,478.22
T010019,0,0,,,0,,,589.34,0.0
T010020,0,0,,,0,,,446.63,0.0
T010021,0,0,,,0,,,163.05,0.0
T010022,0,0,,,0,,,162.95,0.0
T010023,0,0,,,0,,,172.66,0.0
T010024,0,0,,,0,,,159.32,0.0
T010025,0,0,,,0,,,192.81,0.0
T010026,0,0,,,0,,,185.47,0.0
T010027,0,0,,,0,,,166.77,0.0
T010028,0,0,,,0,,,241.56,0.0
T010029,0,0,,,0,,,235.36,0.0
T010030,0,0,,,0,,,297.7,0.0
T010031,1,0,,,0,,,0.0,7822.62
T010032,0,0,,,0,,,190.97,0.0
T010033,0,0,,,0,,,198.5,0.0
T010034,0,0,,,0,,,396.56,0.0
T010035,0,0,,,0,,,710.01,0.0
T010036,0,0,,,0,,,179.46,0.0
T010037,0,0,,,0,,,203.09,0.0
T010038,0,0,,,0,,,153.37,0.0
T010039,0,0,,,0,,,401.38,0.0
T010040,0,0,,,0,,,130.36,0.0
T010041,0,0,,,0,,,1014.36,0.0
T010042,0,0,,,0,,,208.18,0.0
T010043,0,0,,,0,,,425.98,0.0
T010044,0,0,,,0,,,360.77,0.0
T010045,0,0,,,0,,,199.91,0.0
T010046,0,0,,,0,,,343.4,0.0
T010047,0,0,,,0,,,169.87,0.0
T010048,0,0,,,0,,,180.01,0.0
T010049,0,0,,,0,,,1024.44,0.0
T010050,0,0,,,0,,,154.75,0.0
T010051,0,0,,,0,,,304.91,0.0
T010052,0,0,,,0,,,102.76,0.0
T010053,0,0,,,0,,,338.99,0.0
T010054,0,0,,,0,,,867.51,0.0
T010055,0,0,,,0,,,191.79,0.0
T010056,0,0,,,0,,,288.64,0.0
T010057,0,0,,,0,,,780.66,0.0
T010058,0,0,,,0,,,158.63,0.0
T010059,0,0,,,0,,,181.62,0.0
T010060,0,0,,,0,,,482.37,0.0
T010061,0,0,,,0,,,659.24,0.0
T010062,0,0,,,0,,,133.26,0.0
T010063,0,0,,,0,,,514.87,0.0
T010064,0,0,,,0,,,221.05,0.0
T010065,0,0,,,0,,,160.96,0.0
T010066,0,0,,,0,,,242.02,0.0
T010067,0,0,,,0,,,223.33,0.0
T010068,0,0,,,0,,,276.55,0.0
T010069,0,0,,,0,,,188.9,0.0
T010070,0,0,,,0,,,225.63,0.0
T010071,0,0,,,0,,,220.5,0.0
T010072,0,0,,,0,,,171.31,0.0
T010073,0,0,,,0,,,288.33,0.0
T010074,0,0,,,0,,,185.6,0.0
T010075,0,0,,,0,,,243.23,0.0
T010076,0,0,,,0,,,52.71,0.0
T010077,0,0,,,0,,,337.39,0.0
T010078,0,0,,,0,,,156.74,0.0
T010079,0,0,,,0,,,275.59,0.0
T010080,0,0,,,0,,,166.6,0.0
T010081,0,0,,,0,,,158.77,0.0
T010082,0,0,,,0,,,200.34,0.0
T010083,0,0,,,0,,,157.85,0.0
T010084,1,0,,,0,,,0.0,651.14
T010085,0,0,,,0,,,182.69,0.0
T010086,0,0,,,0,,,303.78,0.0
T010087,0,0,,,0,,,382.2,0.0
T010088,0,0,,,0,,,172.02,0.0
T010089,0,0,,,0,,,286.37,0.0
T010090,0,0,,,0,,,232.96,0.0
T010091,0,0,,,0,,,192.92,0.0
T010092,0,0,,,0,,,172.85,0.0
T010093,0,0,,,0,,,172.42,0.0
T010094,0,0,,,0,,,307.37,0.0
T010095,0,0,,,0,,,455.09,0.0
T010096,0,0,,,0,,,198.87,0.0
T010097,0,0,,,0,,,279.35,0.0
T010098,0,0,,,0,,,463.88,0.0
T010099,0,0,,,0,,,158.39,0.0
T010100,0,0,,,0,,,277.06,0.0
T010101,0,0,,,0,,,166.69,0.0
T010102,0,0,,,0,,,174.16,0.0
T010103,0,0,,,0,,,529.02,0.0
T010104,0,0,,,0,,,237.55,0.0
T010105,0,0,,,0,,,693.48,0.0
T010106,0,0,,,0,,,227.99,0.0
T010107,0,0,,,0,,,1062.73,0.0
T010108,0,0,,,0,,,184.65,0.0
T010109,0,0,,,0,,,324.37,0.0
T010110,0,0,,,0,,,214.27,0.0
T010111,0,0,,,0,,,420.93,0.0
T010112,0,0,,,0,,,447.58,0.0
T010113,0,0,,,0,,,172.49,0.0
T010114,0,0,,,0,,,291.82,0.0
T010115,0,0,,,0,,,163.58,0.0
T010116,0,0,,,0,,,313.81,0.0
T010117,0,0,,,0,,,287.53,0.0
T010118,0,0,,,0,,,263.48,0.0
T010119,0,0,,,0,,,246.05,0.0
T010120,0,0,,,0,,,171.81,0.0
T010121,0,0,,,0,,,377.27,0.0
T010122,0,0,,,0,,,295.15,0.0
T010123,0,0,,,0,,,294.55,0.0
T010124,0,0,,,0,,,374.63,0.0
T010125,0,0,,,0,,,171.46,0.0
T010126,0,0,,,0,,,197.3,0.0
T010127,0,0,,,0,,,165.56,0.0
T010128,0,0,,,0,,,479.2,0.0
T010129,0,0,,,0,,,259.91,0.0
T010130,0,0,,,0,,,267.27,0.0
T010131,0,0,,,0,,,155.73,0.0
T010132,0,0,,,0,,,157.99,0.0
T010133,0,0,,,0,,,358.61,0.0
T010134,0,0,,,0,,,252.31,0.0
T010135,0,0,,,0,,,133.5,0.0
T010136,0,0,,,0,,,211.98,0.0
T010137,0,0,,,0,,,220.03,0.0
T010138,0,0,,,0,,,345.07,0.0
T010139,0,0,,,0,,,343.42,0.0
T010140,0,0,,,0,,,152.15,0.0
T010141,0,0,,,0,,,318.18,0.0
T010142,0,0,,,0,,,415.41,0.0
T010143,0,0,,,0,,,176.53,0.0
T010144,0,0,,,0,,,155.65,0.0
T010145,0,0,,,0,,,201.64,0.0
T010146,0,0,,,0,,,360.84,0.0
T010147,0,0,,,0,,,745.32,0.0
T010148,0,0,,,0,,,167.04,0.0
T010149,0,0,,,0,,,166.86,0.0
T010150,0,0,,,0,,,158.47,0.0
T010151,0,0,,,0,,,275.12,0.0
T010152,0,0,,,0,,,1019.45,0.0
T010153,0,0,,,0,,,348.07,0.0
T010154,1,0,,,0,,,0.0,694.8
T010155,0,0,,,0,,,431.21,0.0
T010156,0,0,,,0,,,241.1,0.0
T010157,0,0,,,0,,,452.57,0.0
T010158,0,0,,,0,,,227.42,0.0
T010159,0,0,,,0,,,143.03,0.0
T010160,0,0,,,0,,,124.19,0.0
T010161,0,0,,,0,,,193.75,0.0
T010162,0,0,,,0,,,384.66,0.0
T010163,0,0,,,0,,,159.28,0.0
T010164,0,0,,,0,,,476.75,0.0
T010165,0,0,,,0,,,228.56,0.0
T010166,0,0,,,0,,,200.76,0.0
T010167,0,0,,,0,,,161.86,0.0
T010168,0,0,,,0,,,103.55,0.0
T010169,0,0,,,0,,,317.91,0.0
T010170,0,0,,,0,,,213.99,0.0
T010171,0,0,,,0,,,184.77,0.0
T010172,0,0,,,0,,,173.54,0.0
T010173,0,0,,,0,,,321.33,0.0
T010174,1,0,,,0,,,0.0,1559.7
T010175,0,0,,,0,,,131.22,0.0
T010176,0,0,,,0,,,71.5,0.0
T010177,0,0,,,0,,,255.82,0.0
T010178,0,0,,,0,,,445.18,0.0
T010179,0,0,,,0,,,436.57,0.0
T010180,0,0,,,0,,,154.76,0.0
T010181,0,0,,,0,,,129.01,0.0
T010182,0,0,,,0,,,214.48,0.0
T010183,0,0,,,0,,,187.06,0.0
T010184,0,0,,,0,,,223.85,0.0
T010185,0,0,,,0,,,350.57,0.0
T010186,0,0,,,0,,,157.17,0.0
T010187,0,0,,,0,,,283.59,0.0
T010188,0,0,,,0,,,396.84,0.0
T010189,0,0,,,0,,,152.26,0.0
T010190,0,0,,,0,,,262.37,0.0
T010191,0,0,,,0,,,155.22,0.0
T010192,0,0,,,0,,,178.6,0.0
T010193,0,0,,,0,,,152.95,0.0
T010194,0,0,,,0,,,277.3,0.0
T010195,0,0,,,0,,,232.78,0.0
T010196,0,0,,,0,,,241.48,0.0
T010197,0,0,,,0,,,246.97,0.0
T010198,0,0,,,0,,,474.43,0.0
T010199,0,0,,,0,,,162.42,0.0
T010200,0,0,,,0,,,192.15,0.0
T010201,0,0,,,0,,,204.96,0.0
T010202,0,0,,,0,,,509.86,0.0
T010203,0,0,,,0,,,233.26,0.0
T010204,0,0,,,0,,,205.25,0.0
T010205,1,0,,,0,,,0.0,5234.77
T010206,0,0,,,0,,,162.13,0.0
T010207,0,0,,,0,,,197.43,0.0
T010208,0,0,,,0,,,294.2,0.0
T010209,0,0,,,0,,,361.67,0.0
T010210,0,0,,,0,,,458.37,0.0
T010211,0,0,,,0,,,229.88,0.0
T010212,0,0,,,0,,,182.11,0.0
T010213,0,0,,,0,,,160.68,0.0
T010214,0,0,,,0,,,628.82,0.0
T010215,0,0,,,0,,,240.02,0.0
T010216,0,0,,,0,,,192.22,0.0
T010217,0,0,,,0,,,198.81,0.0
T010218,0,0,,,0,,,155.05,0.0
T010219,0,0,,,0,,,265.03,0.0
T010220,1,0,,,0,,,0.0,1486.15
T010221,0,0,,,0,,,192.33,0.0
T010222,0,0,,,0,,,1272.86,0.0
T010223,0,0,,,0,,,420.43,0.0
T010224,0,0,,,0,,,387.74,0.0
T010225,0,0,,,0,,,173.94,0.0
T010226,0,0,,,0,,,524.03,0.0
T010227,0,0,,,0,,,138.38,0.0
T010228,0,0,,,0,,,203.54,0.0
T010229,0,0,,,0,,,155.81,0.0
T010230,0,0,,,0,,,287.02,0.0
T010231,0,0,,,0,,,270.04,0.0
T010232,0,0,,,0,,,878.29,0.0
T010233,0,0,,,0,,,157.95,0.0
T010234,0,0,,,0,,,203.82,0.0
T010235,0,0,,,0,,,170.57,0.0
T010236,0,0,,,0,,,376.0,0.0
T010237,0,0,,,0,,,716.2,0.0
T010238,0,0,,,0,,,195.24,0.0
T010239,0,0,,,0,,,281.41,0.0
T010240,0,0,,,0,,,157.21,0.0
T010241,0,0,,,0,,,367.37,0.0
T010242,0,0,,,0,,,122.48,0.0
T010243,0,0,,,0,,,202.99,0.0
T010244,0,0,,,0,,,345.62,0.0
T010245,0,0,,,0,,,373.2,0.0
T010246,0,0,,,0,,,155.79,0.0
T010247,0,0,,,0,,,156.27,0.0
T010248,0,0,,,0,,,487.32,0.0
T010249,0,0,,,0,,,301.51,0.0
T010250,0,0,,,0,,,232.17,0.0
T010251,0,0,,,0,,,183.39,0.0
T010252,0,0,,,0,,,271.08,0.0
T010253,0,0,,,0,,,179.59,0.0
T010254,0,0,,,0,,,255.84,0.0
T010255,0,0,,,0,,,184.34,0.0
T010256,0,0,,,0,,,295.93,0.0
T010257,0,0,,,0,,,265.06,0.0
T010258,0,0,,,0,,,196.85,0.0
T010259,0,0,,,0,,,149.32,0.0
T010260,0,0,,,0,,,178.0,0.0
T010261,0,0,,,0,,,139.87,0.0
T010262,1,0,,,0,,,0.0,1287.62
T010263,0,0,,,0,,,412.73,0.0
T010264,0,0,,,0,,,317.05,0.0
T010265,0,0,,,0,,,384.59,0.0
T010266,0,0,,,0,,,341.01,0.0
T010267,0,0,,,0,,,161.36,0.0
T010268,0,0,,,0,,,162.92,0.0
T010269,0,0,,,0,,,426.46,0.0
T010270,0,0,,,0,,,157.0,0.0
T010271,0,0,,,0,,,145.36,0.0
T010272,0,0,,,0,,,189.3,0.0
T010273,0,0,,,0,,,340.97,0.0
T010274,0,0,,,0,,,212.78,0.0
T010275,0,0,,,0,,,173.37,0.0
T010276,0,0,,,0,,,283.38,0.0
T010277,0,0,,,0,,,122.47,0.0
T010278,0,0,,,0,,,198.8,0.0
T010279,0,0,,,0,,,90.33,0.0
T010280,0,0,,,0,,,119.9,0.0
T010281,0,0,,,0,,,308.76,0.0
T010282,0,0,,,0,,,214.16,0.0
T010283,0,0,,,0,,,252.41,0.0
T010284,0,0,,,0,,,101.77,0.0
T010285,0,0,,,0,,,307.07,0.0
T010286,0,0,,,0,,,276.44,0.0
T010287,0,0,,,0,,,242.06,0.0
T010288,0,0,,,0,,,206.46,0.0
T010289,0,0,,,0,,,302.08,0.0
T010290,0,0,,,0,,,139.84,0.0
T010291,0,0,,,0,,,289.37,0.0
T010292,0,0,,,0,,,176.62,0.0
T010293,0,0,,,0,,,298.77,0.0
T010294,0,0,,,0,,,199.34,0.0
T010295,0,0,,,0,,,219.65,0.0
T010296,0,0,,,0,,,170.05,0.0
T010297,0,0,,,0,,,278.05,0.0
T010298,0,0,,,0,,,205.38,0.0
T010299,0,0,,,0,,,413.58,0.0
T010300,0,0,,,0,,,372.91,0.0
T010301,0,0,,,0,,,153.53,0.0
T010302,0,0,,,0,,,212.62,0.0
T010303,0,0,,,0,,,196.31,0.0
T010304,0,0,,,0,,,169.05,0.0
T010305,0,0,,,0,,,134.92,0.0
T010306,0,0,,,0,,,154.38,0.0
T010307,0,0,,,0,,,163.53,0.0
T010308,0,0,,,0,,,145.62,0.0
T010309,0,0,,,0,,,236.26,0.0
T010310,0,0,,,0,,,724.09,0.0
T010311,0,0,,,0,,,251.43,0.0
T010312,0,0,,,0,,,51.3,0.0
T010313,0,0,,,0,,,172.18,0.0
T010314,0,0,,,0,,,203.52,0.0
T010315,0,0,,,0,,,191.48,0.0
T010316,0,0,,,0,,,294.02,0.0
T010317,0,0,,,0,,,195.82,0.0
T010318,0,0,,,0,,,271.53,0.0
T010319,0,0,,,0,,,269.02,0.0
T010320,0,0,,,0,,,170.91,0.0
T010321,0,0,,,0,,,226.64,0.0
T010322,0,0,,,0,,,270.02,0.0
T010323,0,0,,,0,,,158.63,0.0
T010324,0,0,,,0,,,273.75,0.0
T010325,0,0,,,0,,,219.41,0.0
T010326,0,0,,,0,,,196.51,0.0
T010327,0,0,,,0,,,150.21,0.0
T010328,1,0,,,0,,,0.0,660.28
T010329,0,0,,,0,,,255.4,0.0
T010330,0,0,,,0,,,305.19,0.0
T010331,0,0,,,0,,,188.79,0.0
T010332,0,0,,,0,,,302.95,0.0
T010333,0,0,,,0,,,498.59,0.0
T010334,0,0,,,0,,,269.66,0.0
T010335,0,0,,,0,,,131.89,0.0
T010336,0,0,,,0,,,114.39,0.0
T010337,0,0,,,0,,,237.08,0.0
T010338,0,0,,,0,,,418.47,0.0
T010339,0,0,,,0,,,96.68,0.0
T010340,0,0,,,0,,,164.33,0.0
T010341,0,0,,,0,,,194.66,0.0
T010342,0,0,,,0,,,165.66,0.0
T010343,0,0,,,0,,,130.48,0.0
T010344,0,0,,,0,,,432.14,0.0
T010345,0,0,,,0,,,87.94,0.0
T010346,1,0,,,0,,,0.0,1203.24
T010347,1,0,,,0,,,0.0,16179.87
T010348,0,0,,,0,,,179.84,0.0
T010349,0,0,,,0,,,345.85,0.0
T010350,0,0,,,0,,,166.58,0.0
T010351,0,0,,,0,,,234.09,0.0
T010352,0,0,,,0,,,122.79,0.0
T010353,0,0,,,0,,,153.5,0.0
T010354,0,0,,,0,,,384.44,0.0
T010355,0,0,,,0,,,185.21,0.0
T010356,0,0,,,0,,,149.33,0.0
T010357,0,0,,,0,,,420.25,0.0
T010358,0,0,,,0,,,119.15,0.0
T010359,0,0,,,0,,,499.39,0.0
T010360,0,0,,,0,,,729.05,0.0
T010361,0,0,,,0,,,270.64,0.0
T010362,0,0,,,0,,,207.22,0.0
T010363,0,0,,,0,,,217.53,0.0
T010364,0,0,,,0,,,1240.61,0.0
T010365,0,0,,,0,,,204.37,0.0
T010366,0,0,,,0,,,63.0,0.0
T010367,0,0,,,0,,,184.47,0.0
T010368,0,0,,,0,,,1028.87,0.0
T010369,0,0,,,0,,,482.9,0.0
T010370,0,0,,,0,,,814.58,0.0
T010371,0,0,,,0,,,183.16,0.0
T010372,0,0,,,0,,,170.1,0.0
T010373,0,0,,,0,,,504.6,0.0
T010374,0,0,,,0,,,203.6,0.0
T010375,0,0,,,0,,,343.21,0.0
T010376,0,0,,,0,,,223.98,0.0
T010377,0,0,,,0,,,147.36,0.0
T010378,0,0,,,0,,,94.77,0.0
T010379,0,0,,,0,,,172.86,0.0
T010380,0,0,,,0,,,247.41,0.0
T010381,0,0,,,0,,,98.79,0.0
T010382,0,0,,,0,,,433.86,0.0
T010383,0,0,,,0,,,158.45,0.0
T010384,0,0,,,0,,,222.1,0.0
T010385,0,0,,,0,,,348.94,0.0
T010386,0,0,,,0,,,172.52,0.0
T010387,0,0,,,0,,,232.13,0.0
T010388,0,0,,,0,,,271.38,0.0
T010389,0,0,,,0,,,172.85,0.0
T010390,0,0,,,0,,,152.68,0.0
T010391,0,0,,,0,,,176.7,0.0
T010392,0,0,,,0,,,184.08,0.0
T010393,0,0,,,0,,,199.06,0.0
T010394,0,0,,,0,,,154.82,0.0
T010395,0,0,,,0,,,103.65,0.0
T010396,0,0,,,0,,,175.14,0.0
T010397,0,0,,,0,,,132.64,0.0
T010398,0,0,,,0,,,335.14,0.0
T010399,0,0,,,0,,,368.18,0.0
T010400,0,0,,,0,,,210.97,0.0
T010401,0,0,,,0,,,202.23,0.0
T010402,0,0,,,0,,,164.57,0.0
T010403,0,0,,,0,,,186.14,0.0
T010404,0,0,,,0,,,156.63,0.0
T010405,0,0,,,0,,,77.21,0.0
T010406,0,0,,,0,,,167.06,0.0
T010407,0,0,,,0,,,214.15,0.0
T010408,0,0,,,0,,,188.68,0.0
T010409,0,0,,,0,,,425.34,0.0
T010410,0,0,,,0,,,288.84,0.0
T010411,0,0,,,0,,,848.9,0.0
T010412,0,0,,,0,,,228.65,0.0
T010413,0,0,,,0,,,159.38,0.0
T010414,1,0,,,0,,,0.0,1065.18
T010415,0,0,,,0,,,341.14,0.0
T010416,0,0,,,0,,,255.95,0.0
T010417,0,0,,,0,,,405.85,0.0
T010418,0,0,,,0,,,165.9,0.0
T010419,0,0,,,0,,,568.1,0.0
T010420,0,0,,,0,,,895.16,0.0
T010421,0,0,,,0,,,262.6,0.0
T010422,0,0,,,0,,,1180.83,0.0
T010423,0,0,,,0,,,260.24,0.0
T010424,0,0,,,0,,,315.26,0.0
T010425,0,0,,,0,,,398.11,0.0
T010426,0,0,,,0,,,172.83,0.0
T010427,0,0,,,0,,,369.5,0.0
T010428,0,0,,,0,,,913.25,0.0
T010429,0,0,,,0,,,214.94,0.0
T010430,0,0,,,0,,,416.88,0.0
T010431,0,0,,,0,,,167.43,0.0
T010432,0,0,,,0,,,272.57,0.0
T010433,0,0,,,0,,,243.67,0.0
T010434,0,0,,,0,,,166.71,0.0
T010435,0,0,,,0,,,500.14,0.0
T010436,0,0,,,0,,,451.71,0.0
T010437,0,0,,,0,,,151.28,0.0
T010438,0,0,,,0,,,213.45,0.0
T010439,0,0,,,0,,,99.5,0.0
T010440,0,0,,,0,,,99.75,0.0
T010441,0,0,,,0,,,226.65,0.0
T010442,0,0,,,0,,,174.33,0.0
T010443,0,0,,,0,,,173.34,0.0
T010444,0,0,,,0,,,464.8,0.0
T010445,0,0,,,0,,,347.92,0.0
T010446,0,0,,,0,,,156.37,0.0
T010447,0,0,,,0,,,167.63,0.0
T010448,0,0,,,0,,,181.19,0.0
T010449,0,0,,,0,,,152.53,0.0
T010450,0,0,,,0,,,387.01,0.0
T010451,0,0,,,0,,,255.47,0.0
T010452,0,0,,,0,,,316.7,0.0
T010453,0,0,,,0,,,280.99,0.0
T010454,0,0,,,0,,,139.99,0.0
T010455,0,0,,,0,,,195.03,0.0
T010456,0,0,,,0,,,191.79,0.0
T010457,0,0,,,0,,,307.78,0.0
T010458,0,0,,,0,,,146.48,0.0
T010459,0,0,,,0,,,185.43,0.0
T010460,0,0,,,0,,,191.91,0.0
T010461,0,0,,,0,,,129.7,0.0
T010462,0,0,,,0,,,210.3,0.0
T010463,0,0,,,0,,,407.24,0.0
T010464,0,0,,,0,,,152.93,0.0
T010465,0,0,,,0,,,186.57,0.0
T010466,0,0,,,0,,,271.21,0.0
T010467,0,0,,,0,,,357.86,0.0
T010468,0,0,,,0,,,185.82,0.0
T010469,0,0,,,0,,,174.5,0.0
T010470,0,0,,,0,,,676.35,0.0
T010471,0,0,,,0,,,237.97,0.0
T010472,0,0,,,0,,,327.51,0.0
T010473,0,0,,,0,,,688.85,0.0
T010474,0,0,,,0,,,218.01,0.0
T010475,0,0,,,0,,,239.07,0.0
T010476,0,0,,,0,,,214.54,0.0
T010477,0,0,,,0,,,94.63,0.0
T010478,0,0,,,0,,,558.29,0.0
T010479,0,0,,,0,,,545.46,0.0
T010480,0,0,,,0,,,198.83,0.0
T010481,0,0,,,0,,,174.19,0.0
T010482,0,0,,,0,,,167.3,0.0
T010483,0,0,,,0,,,63.35,0.0
T010484,0,0,,,0,,,169.7,0.0
T010485,0,0,,,0,,,260.16,0.0
T010486,0,0,,,0,,,152.59,0.0
T010487,0,0,,,0,,,171.92,0.0
T010488,0,0,,,0,,,158.51,0.0
T010489,0,0,,,0,,,175.62,0.0
T010490,0,0,,,0,,,424.07,0.0
T010491,0,0,,,0,,,201.23,0.0
T010492,0,0,,,0,,,222.75,0.0
T010493,0,0,,,0,,,191.84,0.0
T010494,0,0,,,0,,,274.65,0.0
T010495,0,0,,,0,,,170.15,0.0
T010496,0,0,,,0,,,724.74,0.0
T010497,0,0,,,0,,,291.03,0.0
T010498,0,0,,,0,,,245.69,0.0
T010499,0,0,,,0,,,168.62,0.0
T010500,0,0,,,0,,,162.16,0.0
T010501,1,0,,,0,,,0.0,1257.97
T010502,0,0,,,0,,,296.95,0.0
T010503,0,0,,,0,,,159.31,0.0
T010504,0,0,,,0,,,204.87,0.0
T010505,0,0,,,0,,,204.72,0.0
T010506,0,0,,,0,,,241.77,0.0
T010507,0,0,,,0,,,535.64,0.0
T010508,0,0,,,0,,,152.67,0.0
T010509,0,0,,,0,,,421.36,0.0
T010510,0,0,,,0,,,265.34,0.0
T010511,1,0,,,0,,,0.0,2119.82
T010512,0,0,,,0,,,188.09,0.0
T010513,0,0,,,0,,,238.48,0.0
T010514,0,0,,,0,,,200.77,0.0
T010515,0,0,,,0,,,166.92,0.0
T010516,0,0,,,0,,,290.56,0.0
T010517,0,0,,,0,,,181.76,0.0
T010518,0,0,,,0,,,238.15,0.0
T010519,0,0,,,0,,,191.04,0.0
T010520,0,0,,,0,,,158.8,0.0
T010521,0,0,,,0,,,187.96,0.0
T010522,0,0,,,0,,,197.07,0.0
T010523,0,0,,,0,,,185.87,0.0
T010524,0,0,,,0,,,250.28,0.0
T010525,0,0,,,0,,,104.58,0.0
T010526,0,0,,,0,,,264.07,0.0
T010527,0,0,,,0,,,480.68,0.0
T010528,0,0,,,0,,,238.95,0.0
T010529,0,0,,,0,,,228.96,0.0
T010530,0,0,,,0,,,272.64,0.0
T010531,0,0,,,0,,,241.24,0.0
T010532,0,0,,,0,,,585.94,0.0
T010533,0,0,,,0,,,230.23,0.0
T010534,0,0,,,0,,,219.17,0.0
T010535,0,0,,,0,,,609.91,0.0
T010536,0,0,,,0,,,173.75,0.0
T010537,0,0,,,0,,,179.78,0.0
T010538,0,0,,,0,,,370.21,0.0
T010539,0,0,,,0,,,301.62,0.0
T010540,0,0,,,0,,,134.57,0.0
T010541,0,0,,,0,,,543.88,0.0
T010542,0,0,,,0,,,196.8,0.0
T010543,0,0,,,0,,,1018.71,0.0
T010544,0,0,,,0,,,260.08,0.0
T010545,0,0,,,0,,,191.12,0.0
T010546,0,0,,,0,,,1631.55,0.0
T010547,0,0,,,0,,,111.6,0.0
T010548,0,0,,,0,,,177.57,0.0
T010549,0,0,,,0,,,164.2,0.0
T010550,0,0,,,0,,,214.26,0.0
T010551,0,0,,,0,,,153.05,0.0
T010552,0,0,,,0,,,1000.59,0.0
T010553,0,0,,,0,,,537.79,0.0
T010554,0,0,,,0,,,310.43,0.0
T010555,0,0,,,0,,,265.7,0.0
T010556,0,0,,,0,,,146.31,0.0
T010557,1,0,,,0,,,0.0,2487.73
T010558,0,0,,,0,,,178.12,0.0
T010559,0,0,,,0,,,156.08,0.0
T010560,0,0,,,0,,,508.76,0.0
T010561,0,0,,,0,,,162.88,0.0
T010562,0,0,,,0,,,737.15,0.0
T010563,0,0,,,0,,,170.56,0.0
T010564,0,0,,,0,,,272.1,0.0
T010565,0,0,,,0,,,120.26,0.0
T010566,0,0,,,0,,,176.27,0.0
T010567,0,0,,,0,,,167.3,0.0
T010568,0,0,,,0,,,212.27,0.0
T010569,0,0,,,0,,,197.68,0.0
T010570,0,0,,,0,,,189.96,0.0
T010571,0,0,,,0,,,283.36,0.0
T010572,0,0,,,0,,,302.55,0.0
T010573,0,0,,,0,,,509.07,0.0
T010574,0,0,,,0,,,92.44,0.0
T010575,1,0,,,0,,,0.0,2832.56
T010576,0,0,,,0,,,184.24,0.0
T010577,0,0,,,0,,,133.09,0.0
T010578,0,0,,,0,,,158.37,0.0
T010579,0,0,,,0,,,222.42,0.0
T010580,0,0,,,0,,,200.72,0.0
T010581,0,0,,,0,,,374.34,0.0
T010582,0,0,,,0,,,181.71,0.0
T010583,0,0,,,0,,,328.07,0.0
T010584,0,0,,,0,,,183.72,0.0
T010585,0,0,,,0,,,339.05,0.0
T010586,0,0,,,0,,,164.58,0.0
T010587,0,0,,,0,,,921.72,0.0
T010588,0,0,,,0,,,244.09,0.0
T010589,0,0,,,0,,,167.99,0.0
T010590,0,0,,,0,,,183.17,0.0
T010591,0,0,,,0,,,311.94,0.0
T010592,0,0,,,0,,,166.68,0.0
T010593,0,0,,,0,,,226.27,0.0
T010594,0,0,,,0,,,209.92,0.0
T010595,0,0,,,0,,,206.12,0.0
T010596,0,0,,,0,,,472.58,0.0
T010597,0,0,,,0,,,478.94,0.0
T010598,0,0,,,0,,,310.28,0.0
T010599,0,0,,,0,,,167.4,0.0
T010600,0,0,,,0,,,198.92,0.0
T010601,0,0,,,0,,,177.38,0.0
T010602,0,0,,,0,,,154.45,0.0
T010603,0,0,,,0,,,356.51,0.0
T010604,0,0,,,0,,,306.99,0.0
T010605,0,0,,,0,,,421.58,0.0
T010606,0,0,,,0,,,192.73,0.0
T010607,0,0,,,0,,,164.86,0.0
T010608,0,0,,,0,,,303.96,0.0
T010609,0,0,,,0,,,298.76,0.0
T010610,0,0,,,0,,,184.7,0.0
T010611,0,0,,,0,,,166.49,0.0
T010612,0,0,,,0,,,127.39,0.0
T010613,0,0,,,0,,,160.19,0.0
T010614,0,0,,,0,,,346.16,0.0
T010615,0,0,,,0,,,324.31,0.0
T010616,0,0,,,0,,,161.03,0.0
T010617,0,0,,,0,,,261.16,0.0
T010618,0,0,,,0,,,163.33,0.0
T010619,0,0,,,0,,,196.9,0.0
T010620,0,0,,,0,,,149.15,0.0
T010621,0,0,,,0,,,202.43,0.0
T010622,0,0,,,0,,,175.47,0.0
T010623,0,0,,,0,,,386.21,0.0
T010624,0,0,,,0,,,170.25,0.0
T010625,0,0,,,0,,,173.26,0.0
T010626,0,0,,,0,,,178.79,0.0
T010627,0,0,,,0,,,165.23,0.0
T010628,0,0,,,0,,,163.41,0.0
T010629,0,0,,,0,,,266.89,0.0
T010630,0,0,,,0,,,502.58,0.0
T010631,0,0,,,0,,,195.56,0.0
T010632,0,0,,,0,,,282.74,0.0
T010633,0,0,,,0,,,152.86,0.0
T010634,0,0,,,0,,,199.78,0.0
T010635,0,0,,,0,,,234.6,0.0
T010636,0,0,,,0,,,170.65,0.0
T010637,0,0,,,0,,,166.44,0.0
T010638,1,0,,,0,,,0.0,1488.83
T010639,0,0,,,0,,,267.99,0.0
T010640,0,0,,,0,,,284.82,0.0
T010641,0,0,,,0,,,170.59,0.0
T010642,0,0,,,0,,,239.27,0.0
T010643,0,0,,,0,,,320.52,0.0
T010644,0,0,,,0,,,158.24,0.0
T010645,0,0,,,0,,,208.67,0.0
T010646,0,0,,,0,,,164.54,0.0
T010647,0,0,,,0,,,252.43,0.0
T010648,0,0,,,0,,,156.95,0.0
T010649,0,0,,,0,,,159.12,0.0
T010650,0,0,,,0,,,933.02,0.0
T010651,0,0,,,0,,,203.52,0.0
T010652,1,0,,,0,,,0.0,363.56
T010653,0,0,,,0,,,151.57,0.0
T010654,0,0,,,0,,,161.95,0.0
T010655,0,0,,,0,,,182.57,0.0
T010656,0,0,,,0,,,199.66,0.0
T010657,0,0,,,0,,,249.83,0.0
T010658,0,0,,,0,,,229.44,0.0
T010659,0,0,,,0,,,168.43,0.0
T010660,0,0,,,0,,,326.21,0.0
T010661,0,0,,,0,,,206.32,0.0
T010662,0,0,,,0,,,201.15,0.0
T010663,0,0,,,0,,,276.44,0.0
T010664,0,0,,,0,,,549.03,0.0
T010665,0,0,,,0,,,211.71,0.0
T010666,0,0,,,0,,,236.02,0.0
T010667,0,0,,,0,,,446.97,0.0
T010668,0,0,,,0,,,338.72,0.0
T010669,0,0,,,0,,,200.6,0.0
T010670,0,0,,,0,,,177.07,0.0
T010671,0,0,,,0,,,706.48,0.0
T010672,0,0,,,0,,,156.18,0.0
T010673,0,0,,,0,,,231.2,0.0
T010674,0,0,,,0,,,127.96,0.0
T010675,0,0,,,0,,,270.95,0.0
T010676,0,0,,,0,,,273.4,0.0
T010677,0,0,,,0,,,346.96,0.0
T010678,0,0,,,0,,,158.81,0.0
T010679,0,0,,,0,,,773.24,0.0
T010680,0,0,,,0,,,221.96,0.0
T010681,0,0,,,0,,,311.5,0.0
T010682,0,0,,,0,,,326.22,0.0
T010683,0,0,,,0,,,241.07,0.0
T010684,0,0,,,0,,,280.52,0.0
T010685,0,0,,,0,,,183.86,0.0
T010686,0,0,,,0,,,391.41,0.0
T010687,0,0,,,0,,,434.14,0.0
T010688,0,0,,,0,,,132.51,0.0
T010689,0,0,,,0,,,192.15,0.0
T010690,0,0,,,0,,,176.6,0.0
T010691,0,0,,,0,,,184.43,0.0
T010692,0,0,,,0,,,290.67,0.0
T010693,0,0,,,0,,,263.23,0.0
T010694,0,0,,,0,,,161.34,0.0
T010695,0,0,,,0,,,159.5,0.0
T010696,0,0,,,0,,,183.3,0.0
T010697,0,0,,,0,,,1204.8,0.0
T010698,0,0,,,0,,,201.65,0.0
T010699,0,0,,,0,,,334.46,0.0
T010700,1,0,,,0,,,0.0,48811.62
T010701,0,0,,,0,,,189.85,0.0
T010702,0,0,,,0,,,280.2,0.0
T010703,0,0,,,0,,,159.79,0.0
T010704,0,0,,,0,,,317.36,0.0
T010705,0,0,,,0,,,178.71,0.0
T010706,0,0,,,0,,,152.53,0.0
T010707,0,0,,,0,,,177.71,0.0
T010708,0,0,,,0,,,383.01,0.0
T010709,0,0,,,0,,,264.37,0.0
T010710,0,0,,,0,,,171.9,0.0
T010711,0,0,,,0,,,312.18,0.0
T010712,0,0,,,0,,,88.26,0.0
T010713,0,0,,,0,,,363.0,0.0
T010714,0,0,,,0,,,291.61,0.0
T010715,0,0,,,0,,,165.73,0.0
T010716,0,0,,,0,,,686.86,0.0
T010717,0,0,,,0,,,342.63,0.0
T010718,0,0,,,0,,,289.41,0.0
T010719,0,0,,,0,,,270.48,0.0
T010720,0,0,,,0,,,163.45,0.0
T010721,0,0,,,0,,,230.59,0.0
T010722,0,0,,,0,,,194.93,0.0
T010723,0,0,,,0,,,311.2,0.0
T010724,0,0,,,0,,,162.97,0.0
T010725,0,0,,,0,,,187.94,0.0
T010726,0,0,,,0,,,231.89,0.0
T010727,0,0,,,0,,,310.98,0.0
T010728,0,0,,,0,,,166.78,0.0
T010729,0,0,,,0,,,260.16,0.0
T010730,0,0,,,0,,,256.5,0.0
T010731,0,0,,,0,,,150.17,0.0
T010732,0,0,,,0,,,184.69,0.0
T010733,0,0,,,0,,,119.43,0.0
T010734,0,0,,,0,,,202.57,0.0
T010735,0,0,,,0,,,116.94,0.0
T010736,1,0,,,0,,,0.0,1397.27
T010737,0,0,,,0,,,212.71,0.0
T010738,0,0,,,0,,,164.21,0.0
T010739,0,0,,,0,,,771.33,0.0
T010740,0,0,,,0,,,136.88,0.0
T010741,0,0,,,0,,,257.63,0.0
T010742,0,0,,,0,,,109.42,0.0
T010743,0,0,,,0,,,251.91,0.0
T010744,0,0,,,0,,,166.18,0.0
T010745,0,0,,,0,,,741.73,0.0
T010746,0,0,,,0,,,157.2,0.0
T010747,0,0,,,0,,,244.62,0.0
T010748,0,0,,,0,,,228.58,0.0
T010749,0,0,,,0,,,370.94,0.0
T010750,0,0,,,0,,,160.62,0.0
T010751,0,0,,,0,,,105.37,0.0
T010752,0,0,,,0,,,179.94,0.0
T010753,0,0,,,0,,,262.98,0.0
T010754,0,0,,,0,,,234.34,0.0
T010755,0,0,,,0,,,351.36,0.0
T010756,0,0,,,0,,,488.59,0.0
T010757,0,0,,,0,,,278.02,0.0
T010758,0,0,,,0,,,64.71,0.0
T010759,0,0,,,0,,,629.88,0.0
T010760,0,0,,,0,,,192.22,0.0
T010761,0,0,,,0,,,231.36,0.0
T010762,0,0,,,0,,,507.05,0.0
T010763,0,0,,,0,,,359.61,0.0
T010764,0,0,,,0,,,160.48,0.0
T010765,0,0,,,0,,,184.23,0.0
T010766,0,0,,,0,,,354.43,0.0
T010767,0,0,,,0,,,217.34,0.0
T010768,0,0,,,0,,,268.18,0.0
T010769,0,0,,,0,,,163.69,0.0
T010770,0,0,,,0,,,152.96,0.0
T010771,0,0,,,0,,,308.77,0.0
T010772,0,0,,,0,,,270.49,0.0
T010773,0,0,,,0,,,230.76,0.0
T010774,0,0,,,0,,,323.16,0.0
T010775,0,0,,,0,,,279.71,0.0
T010776,0,0,,,0,,,163.72,0.0
T010777,0,0,,,0,,,363.57,0.0
T010778,0,0,,,0,,,750.67,0.0
T010779,0,0,,,0,,,162.7,0.0
T010780,0,0,,,0,,,210.52,0.0
T010781,0,0,,,0,,,374.1,0.0
T010782,0,0,,,0,,,563.69,0.0
T010783,0,0,,,0,,,310.68,0.0
T010784,0,0,,,0,,,163.13,0.0
T010785,0,0,,,0,,,315.34,0.0
T010786,0,0,,,0,,,311.1,0.0
T010787,0,0,,,0,,,363.95,0.0
T010788,0,0,,,0,,,595.29,0.0
T010789,0,0,,,0,,,310.38,0.0
T010790,0,0,,,0,,,192.05,0.0
T010791,0,0,,,0,,,116.37,0.0
T010792,0,0,,,0,,,149.12,0.0
T010793,0,0,,,0,,,365.4,0.0
T010794,0,0,,,0,,,106.5,0.0
T010795,0,0,,,0,,,131.5,0.0
T010796,0,0,,,0,,,171.4,0.0
T010797,0,0,,,0,,,222.31,0.0
T010798,0,0,,,0,,,260.97,0.0
T010799,0,0,,,0,,,176.02,0.0
T010800,0,0,,,0,,,151.82,0.0
T010801,0,0,,,0,,,43.95,0.0
T010802,0,0,,,0,,,406.45,0.0
T010803,0,0,,,0,,,195.83,0.0
T010804,0,0,,,0,,,204.16,0.0
T010805,0,0,,,0,,,150.56,0.0
T010806,0,0,,,0,,,314.21,0.0
T010807,0,0,,,0,,,75.63,0.0
T010808,0,0,,,0,,,366.0,0.0
T010809,0,0,,,0,,,274.62,0.0
T010810,0,0,,,0,,,213.25,0.0
T010811,0,0,,,0,,,265.94,0.0
T010812,0,0,,,0,,,187.45,0.0
T010813,0,0,,,0,,,225.12,0.0
T010814,0,0,,,0,,,160.6,0.0
T010815,0,0,,,0,,,108.63,0.0
T010816,0,0,,,0,,,285.69,0.0
T010817,0,0,,,0,,,1115.3,0.0
T010818,0,0,,,0,,,349.56,0.0
T010819,1,0,,,0,,,0.0,978.62
T010820,0,0,,,0,,,197.16,0.0
T010821,0,0,,,0,,,131.89,0.0
T010822,0,0,,,0,,,223.56,0.0
T010823,0,0,,,0,,,177.49,0.0
T010824,0,0,,,0,,,264.45,0.0
T010825,0,0,,,0,,,194.78,0.0
T010826,0,0,,,0,,,332.69,0.0
T010827,0,0,,,0,,,208.92,0.0
T010828,0,0,,,0,,,184.43,0.0
T010829,0,0,,,0,,,200.7,0.0
T010830,0,0,,,0,,,187.7,0.0
T010831,0,0,,,0,,,290.96,0.0
T010832,0,0,,,0,,,201.16,0.0
T010833,0,0,,,0,,,274.67,0.0
T010834,0,0,,,0,,,199.78,0.0
T010835,0,0,,,0,,,153.98,0.0
T010836,0,0,,,0,,,291.34,0.0
T010837,0,0,,,0,,,110.29,0.0
T010838,0,0,,,0,,,252.82,0.0
T010839,0,0,,,0,,,192.54,0.0
T010840,0,0,,,0,,,200.28,0.0
T010841,0,0,,,0,,,733.77,0.0
T010842,0,0,,,0,,,101.95,0.0
T010843,0,0,,,0,,,1118.55,0.0
T010844,0,0,,,0,,,518.97,0.0
T010845,0,0,,,0,,,743.89,0.0
T010846,0,0,,,0,,,153.71,0.0
T010847,0,0,,,0,,,402.14,0.0
T010848,0,0,,,0,,,313.96,0.0
T010849,0,0,,,0,,,553.21,0.0
T010850,0,0,,,0,,,163.79,0.0
T010851,0,0,,,0,,,207.98,0.0
T010852,0,0,,,0,,,394.98,0.0
T010853,0,0,,,0,,,274.02,0.0
T010854,0,0,,,0,,,156.29,0.0
T010855,0,0,,,0,,,143.06,0.0
T010856,0,0,,,0,,,179.94,0.0
T010857,0,0,,,0,,,161.42,0.0
T010858,0,0,,,0,,,203.85,0.0
T010859,0,0,,,0,,,361.44,0.0
T010860,0,0,,,0,,,251.42,0.0
T010861,0,0,,,0,,,190.44,0.0
T010862,0,0,,,0,,,161.52,0.0
T010863,0,0,,,0,,,187.54,0.0
T010864,0,0,,,0,,,182.67,0.0
T010865,0,0,,,0,,,899.04,0.0
T010866,0,0,,,0,,,217.8,0.0
T010867,0,0,,,0,,,158.15,0.0
T010868,0,0,,,0,,,169.27,0.0
T010869,0,0,,,0,,,211.32,0.0
T010870,0,0,,,0,,,149.73,0.0
T010871,0,0,,,0,,,134.25,0.0
T010872,0,0,,,0,,,182.37,0.0
T010873,0,0,,,0,,,116.42,0.0
T010874,0,0,,,0,,,177.42,0.0
T010875,0,0,,,0,,,254.72,0.0
T010876,0,0,,,0,,,277.29,0.0
T010877,0,0,,,0,,,696.42,0.0
T010878,0,0,,,0,,,133.32,0.0
T010879,0,0,,,0,,,168.88,0.0
T010880,0,0,,,0,,,284.09,0.0
T010881,0,0,,,0,,,317.34,0.0
T010882,0,0,,,0,,,159.38,0.0
T010883,0,0,,,0,,,167.2,0.0
T010884,0,0,,,0,,,315.56,0.0
T010885,0,0,,,0,,,154.34,0.0
T010886,0,0,,,0,,,162.68,0.0
T010887,0,0,,,0,,,197.49,0.0
T010888,0,0,,,0,,,177.06,0.0
T010889,0,0,,,0,,,239.87,0.0
T010890,0,0,,,0,,,208.81,0.0
T010891,0,0,,,0,,,104.53,0.0
T010892,0,0,,,0,,,1342.38,0.0
T010893,0,0,,,0,,,80.44,0.0
T010894,0,0,,,0,,,202.32,0.0
T010895,0,0,,,0,,,250.12,0.0
T010896,0,0,,,0,,,199.42,0.0
T010897,0,0,,,0,,,156.74,0.0
T010898,0,0,,,0,,,349.06,0.0
T010899,0,0,,,0,,,192.34,0.0
T010900,0,0,,,0,,,188.78,0.0
T010901,1,0,,,0,,,0.0,1449.59
T010902,0,0,,,0,,,193.39,0.0
T010903,0,0,,,0,,,328.38,0.0
T010904,0,0,,,0,,,183.71,0.0
T010905,0,0,,,0,,,223.43,0.0
T010906,0,0,,,0,,,170.94,0.0
T010907,0,0,,,0,,,208.33,0.0
T010908,0,0,,,0,,,173.2,0.0
T010909,0,0,,,0,,,400.11,0.0
T010910,0,0,,,0,,,285.64,0.0
T010911,0,0,,,0,,,155.35,0.0
T010912,0,0,,,0,,,167.55,0.0
T010913,0,0,,,0,,,203.45,0.0
T010914,0,0,,,0,,,204.33,0.0
T010915,0,0,,,0,,,169.68,0.0
T010916,0,0,,,0,,,63.78,0.0
T010917,0,0,,,0,,,198.29,0.0
T010918,0,0,,,0,,,202.82,0.0
T010919,0,0,,,0,,,129.64,0.0
T010920,0,0,,,0,,,132.47,0.0
T010921,0,0,,,0,,,689.9,0.0
T010922,0,0,,,0,,,360.73,0.0
T010923,0,0,,,0,,,443.2,0.0
T010924,0,0,,,0,,,286.37,0.0
T010925,0,0,,,0,,,172.01,0.0
T010926,0,0,,,0,,,176.0,0.0
T010927,0,0,,,0,,,295.45,0.0
T010928,0,0,,,0,,,155.42,0.0
T010929,0,0,,,0,,,516.04,0.0
T010930,0,0,,,0,,,493.59,0.0
T010931,0,0,,,0,,,112.67,0.0
T010932,0,0,,,0,,,214.78,0.0
T010933,0,0,,,0,,,649.58,0.0
T010934,0,0,,,0,,,413.88,0.0
T010935,0,0,,,0,,,463.81,0.0
T010936,0,0,,,0,,,189.12,0.0
T010937,0,0,,,0,,,463.91,0.0
T010938,0,0,,,0,,,217.06,0.0
T010939,0,0,,,0,,,1000.66,0.0
T010940,0,0,,,0,,,187.05,0.0
T010941,0,0,,,0,,,160.45,0.0
T010942,0,0,,,0,,,127.47,0.0
T010943,0,0,,,0,,,155.66,0.0
T010944,0,0,,,0,,,183.14,0.0
T010945,0,0,,,0,,,290.89,0.0
T010946,0,0,,,0,,,206.01,0.0
T010947,0,0,,,0,,,290.71,0.0
T010948,0,0,,,0,,,280.36,0.0
T010949,0,0,,,0,,,258.6,0.0
T010950,0,0,,,0,,,501.88,0.0
T010951,0,0,,,0,,,341.14,0.0
T010952,0,0,,,0,,,520.71,0.0
T010953,0,0,,,0,,,322.82,0.0
T010954,0,0,,,0,,,321.81,0.0
T010955,0,0,,,0,,,154.82,0.0
T010956,0,0,,,0,,,269.55,0.0
T010957,0,0,,,0,,,192.57,0.0
T010958,0,0,,,0,,,227.29,0.0
T010959,0,0,,,0,,,188.28,0.0
T010960,0,0,,,0,,,220.55,0.0
T010961,0,0,,,0,,,259.75,0.0
T010962,0,0,,,0,,,202.48,0.0
T010963,0,0,,,0,,,218.89,0.0
T010964,0,0,,,0,,,226.62,0.0
T010965,0,0,,,0,,,367.15,0.0
T010966,0,0,,,0,,,203.01,0.0
T010967,0,0,,,0,,,349.28,0.0
T010968,0,0,,,0,,,231.8,0.0
T010969,0,0,,,0,,,151.5,0.0
T010970,0,0,,,0,,,179.75,0.0
T010971,0,0,,,0,,,161.45,0.0
T010972,0,0,,,0,,,304.43,0.0
T010973,0,0,,,0,,,442.01,0.0
T010974,0,0,,,0,,,273.67,0.0
T010975,0,0,,,0,,,282.49,0.0
T010976,0,0,,,0,,,162.69,0.0
T010977,0,0,,,0,,,181.7,0.0
T010978,0,0,,,0,,,256.16,0.0
T010979,0,0,,,0,,,283.41,0.0
T010980,0,0,,,0,,,258.96,0.0
T010981,0,0,,,0,,,283.83,0.0
T010982,0,0,,,0,,,470.57,0.0
T010983,0,0,,,0,,,445.86,0.0
T010984,0,0,,,0,,,156.39,0.0
T010985,0,0,,,0,,,545.74,0.0
T010986,0,0,,,0,,,153.89,0.0
T010987,0,0,,,0,,,219.96,0.0
T010988,0,0,,,0,,,620.06,0.0
T010989,0,0,,,0,,,230.16,0.0
T010990,0,0,,,0,,,419.15,0.0
T010991,0,0,,,0,,,283.33,0.0
T010992,0,0,,,0,,,325.52,0.0
T010993,0,0,,,0,,,166.89,0.0
T010994,0,0,,,0,,,198.85,0.0
T010995,0,0,,,0,,,169.4,0.0
T010996,0,0,,,0,,,218.87,0.0
T010997,0,0,,,0,,,176.66,0.0
T010998,0,0,,,0,,,163.59,0.0
T010999,0,0,,,0,,,231.64,0.0
T011000,1,0,,,0,,,0.0,7839.11
T011001,0,0,,,0,,,286.89,0.0
T011002,0,0,,,0,,,213.92,0.0
T011003,0,0,,,0,,,162.29,0.0
T011004,0,0,,,0,,,251.03,0.0
T011005,0,0,,,0,,,158.34,0.0
T011006,0,0,,,0,,,649.28,0.0
T011007,0,0,,,0,,,187.42,0.0
T011008,0,0,,,0,,,399.08,0.0
T011009,0,0,,,0,,,148.05,0.0
T011010,0,0,,,0,,,594.32,0.0
T011011,0,0,,,0,,,342.46,0.0
T011012,0,0,,,0,,,200.38,0.0
T011013,0,0,,,0,,,123.65,0.0
T011014,0,0,,,0,,,303.76,0.0
T011015,0,0,,,0,,,279.46,0.0
T011016,0,0,,,0,,,288.34,0.0
T011017,0,0,,,0,,,211.2,0.0
T011018,0,0,,,0,,,283.18,0.0
T011019,0,0,,,0,,,170.26,0.0
T011020,0,0,,,0,,,160.88,0.0
T011021,0,0,,,0,,,221.34,0.0
T011022,0,0,,,0,,,267.21,0.0
T011023,0,0,,,0,,,332.17,0.0
T011024,0,0,,,0,,,179.76,0.0
T011025,0,0,,,0,,,191.82,0.0
T011026,0,0,,,0,,,179.71,0.0
T011027,0,0,,,0,,,198.01,0.0
T011028,0,0,,,0,,,235.07,0.0
T011029,0,0,,,0,,,186.79,0.0
T011030,0,0,,,0,,,163.07,0.0
T011031,0,0,,,0,,,173.33,0.0
T011032,0,0,,,0,,,248.77,0.0
T011033,0,0,,,0,,,314.98,0.0
T011034,0,0,,,0,,,396.47,0.0
T011035,0,0,,,0,,,162.49,0.0
T011036,0,0,,,0,,,199.64,0.0
T011037,0,0,,,0,,,285.15,0.0
T011038,0,0,,,0,,,179.68,0.0
T011039,0,0,,,0,,,334.23,0.0
T011040,0,0,,,0,,,178.76,0.0
T011041,0,0,,,0,,,133.97,0.0
T011042,0,0,,,0,,,152.52,0.0
T011043,0,0,,,0,,,156.74,0.0
T011044,0,0,,,0,,,146.08,0.0
T011045,0,0,,,0,,,189.35,0.0
T011046,0,0,,,0,,,229.44,0.0
T011047,0,0,,,0,,,284.34,0.0
T011048,0,0,,,0,,,169.42,0.0
T011049,0,0,,,0,,,157.98,0.0
T011050,0,0,,,0,,,647.03,0.0
T011051,0,0,,,0,,,236.42,0.0
T011052,0,0,,,0,,,161.12,0.0
T011053,0,0,,,0,,,187.97,0.0
T011054,0,0,,,0,,,277.88,0.0
T011055,1,0,,,0,,,0.0,3130.02
T011056,0,0,,,0,,,192.81,0.0
T011057,0,0,,,0,,,180.13,0.0
T011058,0,0,,,0,,,233.97,0.0
T011059,0,0,,,0,,,193.91,0.0
T011060,0,0,,,0,,,438.41,0.0
T011061,0,0,,,0,,,190.15,0.0
T011062,0,0,,,0,,,215.08,0.0
T011063,0,0,,,0,,,213.66,0.0
T011064,0,0,,,0,,,123.39,0.0
T011065,0,0,,,0,,,164.29,0.0
T011066,0,0,,,0,,,275.29,0.0
T011067,0,0,,,0,,,169.48,0.0
T011068,0,0,,,0,,,150.12,0.0
T011069,0,0,,,0,,,151.65,0.0
T011070,0,0,,,0,,,412.02,0.0
T011071,0,0,,,0,,,101.8,0.0
T011072,0,0,,,0,,,368.97,0.0
T011073,0,0,,,0,,,237.06,0.0
T011074,0,0,,,0,,,110.91,0.0
T011075,0,0,,,0,,,264.58,0.0
T011076,0,0,,,0,,,212.33,0.0
T011077,0,0,,,0,,,176.39,0.0
T011078,0,0,,,0,,,710.98,0.0
T011079,0,0,,,0,,,289.6,0.0
T011080,0,0,,,0,,,218.08,0.0
T011081,0,0,,,0,,,161.6,0.0
T011082,0,0,,,0,,,192.71,0.0
T011083,0,0,,,0,,,172.85,0.0
T011084,0,0,,,0,,,210.56,0.0
T011085,0,0,,,0,,,360.65,0.0
T011086,0,0,,,0,,,242.01,0.0
T011087,0,0,,,0,,,234.29,0.0
T011088,0,0,,,0,,,161.48,0.0
T011089,0,0,,,0,,,263.14,0.0
T011090,0,0,,,0,,,225.05,0.0
T011091,0,0,,,0,,,254.83,0.0
T011092,0,0,,,0,,,114.99,0.0
T011093,0,0,,,0,,,167.36,0.0
T011094,0,0,,,0,,,334.43,0.0
T011095,0,0,,,0,,,112.46,0.0
T011096,0,0,,,0,,,421.19,0.0
T011097,0,0,,,0,,,389.7,0.0
T011098,0,0,,,0,,,272.05,0.0
T011099,0,0,,,0,,,432.86,0.0
T011100,0,0,,,0,,,252.12,0.0
T011101,0,0,,,0,,,371.61,0.0
T011102,0,0,,,0,,,158.63,0.0
T011103,0,0,,,0,,,190.42,0.0
T011104,0,0,,,0,,,229.15,0.0
T011105,0,0,,,0,,,135.56,0.0
T011106,0,0,,,0,,,155.37,0.0
T011107,0,0,,,0,,,163.67,0.0
T011108,0,0,,,0,,,224.85,0.0
T011109,0,0,,,0,,,209.56,0.0
T011110,0,0,,,0,,,168.16,0.0
T011111,0,0,,,0,,,166.64,0.0
T011112,0,0,,,0,,,265.93,0.0
T011113,0,0,,,0,,,249.21,0.0
T011114,0,0,,,0,,,521.75,0.0
T011115,0,0,,,0,,,134.93,0.0
T011116,0,0,,,0,,,266.95,0.0
T011117,0,0,,,0,,,159.32,0.0
T011118,0,0,,,0,,,91.68,0.0
T011119,0,0,,,0,,,365.1,0.0
T011120,0,0,,,0,,,430.05,0.0
T011121,0,0,,,0,,,1936.64,0.0
T011122,0,0,,,0,,,175.45,0.0
T011123,0,0,,,0,,,321.08,0.0
T011124,0,0,,,0,,,160.76,0.0
T011125,0,0,,,0,,,186.77,0.0
T011126,0,0,,,0,,,92.91,0.0
T011127,0,0,,,0,,,299.81,0.0
T011128,0,0,,,0,,,437.51,0.0
T011129,0,0,,,0,,,246.1,0.0
T011130,0,0,,,0,,,203.21,0.0
T011131,0,0,,,0,,,350.44,0.0
T011132,0,0,,,0,,,173.05,0.0
T011133,0,0,,,0,,,159.34,0.0
T011134,0,0,,,0,,,242.84,0.0
T011135,0,0,,,0,,,365.83,0.0
T011136,0,0,,,0,,,226.55,0.0
T011137,0,0,,,0,,,103.67,0.0
T011138,0,0,,,0,,,196.99,0.0
T011139,0,0,,,0,,,196.95,0.0
T011140,0,0,,,0,,,187.35,0.0
T011141,0,0,,,0,,,1305.37,0.0
T011142,0,0,,,0,,,178.8,0.0
T011143,0,0,,,0,,,169.86,0.0
T011144,0,0,,,0,,,105.12,0.0
T011145,0,0,,,0,,,211.62,0.0
T011146,0,0,,,0,,,203.2,0.0
T011147,0,0,,,0,,,134.96,0.0
T011148,0,0,,,0,,,140.34,0.0
T011149,0,0,,,0,,,712.45,0.0
T011150,0,0,,,0,,,313.62,0.0
T011151,0,0,,,0,,,155.52,0.0
T011152,0,0,,,0,,,157.8,0.0
T011153,1,0,,,0,,,0.0,13516.41
T011154,0,0,,,0,,,257.13,0.0
T011155,0,0,,,0,,,182.43,0.0
T011156,0,0,,,0,,,196.65,0.0
T011157,0,0,,,0,,,336.82,0.0
T011158,0,0,,,0,,,164.18,0.0
T011159,0,0,,,0,,,1734.69,0.0
T011160,0,0,,,0,,,200.03,0.0
T011161,0,0,,,0,,,164.86,0.0
T011162,0,0,,,0,,,134.36,0.0
T011163,0,0,,,0,,,229.12,0.0
T011164,0,0,,,0,,,151.06,0.0
T011165,0,0,,,0,,,351.3,0.0
T011166,0,0,,,0,,,335.07,0.0
T011167,0,0,,,0,,,637.73,0.0
T011168,0,0,,,0,,,543.67,0.0
T011169,0,0,,,0,,,287.69,0.0
T011170,0,0,,,0,,,881.95,0.0
T011171,0,0,,,0,,,233.56,0.0
T011172,0,0,,,0,,,323.03,0.0
T011173,0,0,,,0,,,177.61,0.0
T011174,0,0,,,0,,,242.98,0.0
T011175,0,0,,,0,,,159.45,0.0
T011176,0,0,,,0,,,534.42,0.0
T011177,0,0,,,0,,,88.05,0.0
T011178,0,0,,,0,,,223.99,0.0
T011179,0,0,,,0,,,89.16,0.0
T011180,0,0,,,0,,,173.37,0.0
T011181,0,0,,,0,,,164.17,0.0
T011182,0,0,,,0,,,199.12,0.0
T011183,0,0,,,0,,,192.86,0.0
T011184,0,0,,,0,,,297.64,0.0
T011185,0,0,,,0,,,204.99,0.0
T011186,0,0,,,0,,,156.1,0.0
T011187,0,0,,,0,,,193.03,0.0
T011188,0,0,,,0,,,191.29,0.0
T011189,0,0,,,0,,,254.68,0.0
T011190,0,0,,,0,,,154.66,0.0
T011191,0,0,,,0,,,177.58,0.0
T011192,0,0,,,0,,,202.28,0.0
T011193,0,0,,,0,,,199.46,0.0
T011194,0,0,,,0,,,365.97,0.0
T011195,0,0,,,0,,,256.11,0.0
T011196,0,0,,,0,,,183.55,0.0
T011197,0,0,,,0,,,186.26,0.0
T011198,0,0,,,0,,,620.5,0.0
T011199,0,0,,,0,,,238.19,0.0
T011200,0,0,,,0,,,521.26,0.0
T011201,0,0,,,0,,,182.78,0.0
T011202,0,0,,,0,,,1262.33,0.0
T011203,0,0,,,0,,,176.06,0.0
T011204,0,0,,,0,,,167.95,0.0
T011205,0,0,,,0,,,155.99,0.0
T011206,0,0,,,0,,,184.21,0.0
T011207,0,0,,,0,,,167.91,0.0
T011208,0,0,,,0,,,197.3,0.0
T011209,0,0,,,0,,,181.14,0.0
T011210,0,0,,,0,,,176.67,0.0
T011211,0,0,,,0,,,150.76,0.0
T011212,0,0,,,0,,,191.62,0.0
T011213,0,0,,,0,,,159.89,0.0
T011214,0,0,,,0,,,289.4,0.0
T011215,0,0,,,0,,,174.39,0.0
T011216,0,0,,,0,,,240.32,0.0
T011217,0,0,,,0,,,304.89,0.0
T011218,0,0,,,0,,,706.97,0.0
T011219,0,0,,,0,,,250.41,0.0
T011220,0,0,,,0,,,180.13,0.0
T011221,0,0,,,0,,,226.81,0.0
T011222,0,0,,,0,,,190.53,0.0
T011223,0,0,,,0,,,674.58,0.0
T011224,0,0,,,0,,,376.88,0.0
T011225,0,0,,,0,,,188.51,0.0
T011226,0,0,,,0,,,263.11,0.0
T011227,0,0,,,0,,,412.01,0.0
T011228,0,0,,,0,,,385.4,0.0
T011229,0,0,,,0,,,512.84,0.0
T011230,0,0,,,0,,,157.94,0.0
T011231,0,0,,,0,,,446.07,0.0
T011232,0,0,,,0,,,209.33,0.0
T011233,0,0,,,0,,,214.04,0.0
T011234,0,0,,,0,,,193.79,0.0
T011235,0,0,,,0,,,247.84,0.0
T011236,0,0,,,0,,,254.84,0.0
T011237,0,0,,,0,,,221.1,0.0
T011238,0,0,,,0,,,206.06,0.0
T011239,0,0,,,0,,,178.9,0.0
T011240,0,0,,,0,,,195.07,0.0
T011241,0,0,,,0,,,181.64,0.0
T011242,0,0,,,0,,,189.78,0.0
T011243,0,0,,,0,,,168.22,0.0
T011244,0,0,,,0,,,466.36,0.0
T011245,0,0,,,0,,,176.84,0.0
T011246,0,0,,,0,,,161.56,0.0
T011247,0,0,,,0,,,296.35,0.0
T011248,0,0,,,0,,,220.37,0.0
T011249,0,0,,,0,,,202.64,0.0
T011250,0,0,,,0,,,119.33,0.0
T011251,0,0,,,0,,,223.78,0.0
T011252,0,0,,,0,,,167.62,0.0
T011253,0,0,,,0,,,233.14,0.0
T011254,0,0,,,0,,,152.23,0.0
T011255,0,0,,,0,,,151.36,0.0
T011256,0,0,,,0,,,175.67,0.0
T011257,0,0,,,0,,,206.78,0.0
T011258,0,0,,,0,,,138.16,0.0
T011259,0,0,,,0,,,267.03,0.0
T011260,0,0,,,0,,,128.99,0.0
T011261,0,0,,,0,,,158.39,0.0
T011262,0,0,,,0,,,280.66,0.0
T011263,0,0,,,0,,,383.37,0.0
T011264,0,0,,,0,,,216.39,0.0
T011265,0,0,,,0,,,213.16,0.0
T011266,0,0,,,0,,,199.67,0.0
T011267,0,0,,,0,,,160.43,0.0
T011268,0,0,,,0,,,130.26,0.0
T011269,0,0,,,0,,,202.53,0.0
T011270,0,0,,,0,,,122.19,0.0
T011271,0,0,,,0,,,151.45,0.0
T011272,0,0,,,0,,,190.08,0.0
T011273,0,0,,,0,,,183.05,0.0
T011274,0,0,,,0,,,239.91,0.0
T011275,0,0,,,0,,,1053.21,0.0
T011276,0,0,,,0,,,208.69,0.0
T011277,0,0,,,0,,,234.48,0.0
T011278,0,0,,,0,,,154.26,0.0
T011279,0,0,,,0,,,218.48,0.0
T011280,0,0,,,0,,,141.56,0.0
T011281,0,0,,,0,,,215.49,0.0
T011282,0,0,,,0,,,235.56,0.0
T011283,0,0,,,0,,,156.96,0.0
T011284,0,0,,,0,,,835.42,0.0
T011285,0,0,,,0,,,260.46,0.0
T011286,0,0,,,0,,,188.19,0.0
T011287,0,0,,,0,,,269.64,0.0
T011288,0,0,,,0,,,315.78,0.0
T011289,0,0,,,0,,,378.24,0.0
T011290,0,0,,,0,,,344.86,0.0
T011291,0,0,,,0,,,202.64,0.0
T011292,0,0,,,0,,,328.34,0.0
T011293,0,0,,,0,,,227.56,0.0
T011294,1,0,,,0,,,0.0,269.81
T011295,0,0,,,0,,,757.03,0.0
T011296,0,0,,,0,,,157.15,0.0
T011297,0,0,,,0,,,211.84,0.0
T011298,0,0,,,0,,,160.54,0.0
T011299,0,0,,,0,,,184.39,0.0
T011300,0,0,,,0,,,115.6,0.0
T011301,0,0,,,0,,,366.1,0.0
T011302,0,0,,,0,,,213.86,0.0
T011303,0,0,,,0,,,403.0,0.0
T011304,0,0,,,0,,,377.35,0.0
T011305,0,0,,,0,,,173.57,0.0
T011306,0,0,,,0,,,437.71,0.0
T011307,0,0,,,0,,,437.95,0.0
T011308,0,0,,,0,,,169.55,0.0
T011309,0,0,,,0,,,290.94,0.0
T011310,0,0,,,0,,,195.76,0.0
T011311,0,0,,,0,,,313.35,0.0
T011312,0,0,,,0,,,348.21,0.0
T011313,0,0,,,0,,,111.3,0.0
T011314,0,0,,,0,,,150.91,0.0
T011315,0,0,,,0,,,174.53,0.0
T011316,0,0,,,0,,,318.86,0.0
T011317,0,0,,,0,,,203.57,0.0
T011318,0,0,,,0,,,154.29,0.0
T011319,0,0,,,0,,,204.39,0.0
T011320,0,0,,,0,,,218.95,0.0
T011321,0,0,,,0,,,204.21,0.0
T011322,0,0,,,0,,,380.91,0.0
T011323,0,0,,,0,,,154.45,0.0
T011324,0,0,,,0,,,198.41,0.0
T011325,0,0,,,0,,,284.4,0.0
T011326,0,0,,,0,,,183.56,0.0
T011327,0,0,,,0,,,1348.37,0.0
T011328,0,0,,,0,,,176.86,0.0
T011329,0,0,,,0,,,288.41,0.0
T011330,0,0,,,0,,,237.53,0.0
T011331,1,0,,,0,,,0.0,3946.82
T011332,0,0,,,0,,,380.14,0.0
T011333,0,0,,,0,,,250.65,0.0
T011334,0,0,,,0,,,161.61,0.0
T011335,0,0,,,0,,,186.85,0.0
T011336,0,0,,,0,,,236.01,0.0
T011337,0,0,,,0,,,189.9,0.0
T011338,0,0,,,0,,,206.98,0.0
T011339,0,0,,,0,,,202.7,0.0
T011340,0,0,,,0,,,515.66,0.0
T011341,0,0,,,0,,,188.67,0.0
T011342,0,0,,,0,,,171.57,0.0
T011343,0,0,,,0,,,328.44,0.0
T011344,0,0,,,0,,,246.52,0.0
T011345,0,0,,,0,,,358.16,0.0
T011346,0,0,,,0,,,497.59,0.0
T011347,0,0,,,0,,,441.5,0.0
T011348,0,0,,,0,,,75.45,0.0
T011349,0,0,,,0,,,148.75,0.0
T011350,0,0,,,0,,,167.61,0.0
T011351,0,0,,,0,,,305.46,0.0
T011352,0,0,,,0,,,164.35,0.0
T011353,0,0,,,0,,,381.51,0.0
T011354,0,0,,,0,,,229.5,0.0
T011355,0,0,,,0,,,320.14,0.0
T011356,0,0,,,0,,,160.73,0.0
T011357,0,0,,,0,,,421.05,0.0
T011358,0,0,,,0,,,196.05,0.0
T011359,0,0,,,0,,,570.94,0.0
T011360,0,0,,,0,,,254.99,0.0
T011361,0,0,,,0,,,340.39,0.0
T011362,0,0,,,0,,,323.82,0.0
T011363,0,0,,,0,,,448.92,0.0
T011364,0,0,,,0,,,101.2,0.0
T011365,0,0,,,0,,,163.45,0.0
T011366,0,0,,,0,,,173.62,0.0
T011367,0,0,,,0,,,418.89,0.0
T011368,0,0,,,0,,,232.87,0.0
T011369,0,0,,,0,,,279.2,0.0
T011370,1,0,,,0,,,0.0,929.05
T011371,0,0,,,0,,,356.5,0.0
T011372,0,0,,,0,,,168.87,0.0
T011373,0,0,,,0,,,308.05,0.0
T011374,0,0,,,0,,,154.57,0.0
T011375,0,0,,,0,,,198.27,0.0
T011376,0,0,,,0,,,194.25,0.0
T011377,0,0,,,0,,,143.09,0.0
T011378,0,0,,,0,,,153.92,0.0
T011379,0,0,,,0,,,195.71,0.0
T011380,0,0,,,0,,,162.72,0.0
T011381,0,0,,,0,,,185.02,0.0
T011382,0,0,,,0,,,293.54,0.0
T011383,0,0,,,0,,,83.02,0.0
T011384,0,0,,,0,,,285.59,0.0
T011385,0,0,,,0,,,157.11,0.0
T011386,0,0,,,0,,,518.88,0.0
T011387,0,0,,,0,,,402.56,0.0
T011388,0,0,,,0,,,130.28,0.0
T011389,0,0,,,0,,,274.68,0.0
T011390,0,0,,,0,,,183.58,0.0
T011391,1,0,,,0,,,0.0,2137.48
T011392,0,0,,,0,,,157.91,0.0
T011393,1,0,,,0,,,0.0,419.42
T011394,0,0,,,0,,,207.82,0.0
T011395,0,0,,,0,,,250.86,0.0
T011396,0,0,,,0,,,278.81,0.0
T011397,0,0,,,0,,,395.29,0.0
T011398,0,0,,,0,,,402.99,0.0
T011399,0,0,,,0,,,582.2,0.0
T011400,0,0,,,0,,,162.59,0.0
T011401,0,0,,,0,,,362.42,0.0
T011402,0,0,,,0,,,227.65,0.0
T011403,0,0,,,0,,,161.34,0.0
T011404,0,0,,,0,,,344.48,0.0
T011405,0,0,,,0,,,196.36,0.0
T011406,0,0,,,0,,,275.38,0.0
T011407,0,0,,,0,,,150.85,0.0
T011408,0,0,,,0,,,193.79,0.0
T011409,0,0,,,0,,,222.62,0.0
T011410,0,0,,,0,,,113.39,0.0
T011411,0,0,,,0,,,351.08,0.0
T011412,0,0,,,0,,,217.56,0.0
T011413,0,0,,,0,,,470.8,0.0
T011414,0,0,,,0,,,364.5,0.0
T011415,0,0,,,0,,,232.19,0.0
T011416,0,0,,,0,,,278.61,0.0
T011417,0,0,,,0,,,101.9,0.0
T011418,0,0,,,0,,,228.08,0.0
T011419,0,0,,,0,,,146.37,0.0
T011420,0,0,,,0,,,168.48,0.0
T011421,0,0,,,0,,,173.14,0.0
T011422,0,0,,,0,,,168.21,0.0
T011423,0,0,,,0,,,113.14,0.0
T011424,0,0,,,0,,,272.43,0.0
T011425,0,0,,,0,,,172.94,0.0
T011426,0,0,,,0,,,199.38,0.0
T011427,0,0,,,0,,,134.5,0.0
T011428,0,0,,,0,,,210.09,0.0
T011429,0,0,,,0,,,220.69,0.0
T011430,0,0,,,0,,,188.99,0.0
T011431,0,0,,,0,,,272.1,0.0
T011432,0,0,,,0,,,184.45,0.0
T011433,0,0,,,0,,,204.18,0.0
T011434,0,0,,,0,,,164.78,0.0
T011435,0,0,,,0,,,327.58,0.0
T011436,0,0,,,0,,,527.57,0.0
T011437,0,0,,,0,,,219.63,0.0
T011438,0,0,,,0,,,177.65,0.0
T011439,0,0,,,0,,,153.31,0.0
T011440,0,0,,,0,,,144.84,0.0
T011441,0,0,,,0,,,232.44,0.0
T011442,0,0,,,0,,,63.39,0.0
T011443,0,0,,,0,,,327.62,0.0
T011444,0,0,,,0,,,220.85,0.0
T011445,0,0,,,0,,,276.56,0.0
T011446,0,0,,,0,,,145.6,0.0
T011447,0,0,,,0,,,286.49,0.0
T011448,0,0,,,0,,,160.52,0.0
T011449,0,0,,,0,,,190.09,0.0
T011450,0,0,,,0,,,165.57,0.0
T011451,0,0,,,0,,,64.91,0.0
T011452,0,0,,,0,,,98.74,0.0
T011453,0,0,,,0,,,470.01,0.0
T011454,0,0,,,0,,,190.16,0.0
T011455,0,0,,,0,,,186.64,0.0
T011456,0,0,,,0,,,185.34,0.0
T011457,0,0,,,0,,,711.54,0.0
T011458,0,0,,,0,,,209.44,0.0
T011459,0,0,,,0,,,639.77,0.0
T011460,0,0,,,0,,,224.25,0.0
T011461,0,0,,,0,,,151.12,0.0
T011462,0,0,,,0,,,206.36,0.0
T011463,0,0,,,0,,,483.46,0.0
T011464,0,0,,,0,,,212.05,0.0
T011465,0,0,,,0,,,178.22,0.0
T011466,0,0,,,0,,,171.87,0.0
T011467,0,0,,,0,,,275.93,0.0
T011468,0,0,,,0,,,202.52,0.0
T011469,0,0,,,0,,,294.34,0.0
T011470,0,0,,,0,,,156.58,0.0
T011471,0,0,,,0,,,162.24,0.0
T011472,0,0,,,0,,,164.5,0.0
T011473,0,0,,,0,,,173.82,0.0
T011474,0,0,,,0,,,396.84,0.0
T011475,0,0,,,0,,,238.61,0.0
T011476,0,0,,,0,,,161.63,0.0
T011477,0,0,,,0,,,844.75,0.0
T011478,0,0,,,0,,,154.99,0.0
T011479,0,0,,,0,,,162.33,0.0
T011480,0,0,,,0,,,170.79,0.0
T011481,0,0,,,0,,,155.9,0.0
T011482,0,0,,,0,,,161.26,0.0
T011483,0,0,,,0,,,165.34,0.0
T011484,0,0,,,0,,,1019.2,0.0
T011485,0,0,,,0,,,219.52,0.0
T011486,0,0,,,0,,,326.99,0.0
T011487,0,0,,,0,,,230.33,0.0
T011488,0,0,,,0,,,210.71,0.0
T011489,0,0,,,0,,,182.89,0.0
T011490,0,0,,,0,,,207.82,0.0
T011491,0,0,,,0,,,228.46,0.0
T011492,0,0,,,0,,,211.3,0.0
T011493,0,0,,,0,,,480.1,0.0
T011494,0,0,,,0,,,157.78,0.0
T011495,0,0,,,0,,,251.16,0.0
T011496,1,0,,,0,,,0.0,2584.75
T011497,0,0,,,0,,,210.28,0.0
T011498,0,0,,,0,,,177.55,0.0
T011499,0,0,,,0,,,281.05,0.0
T011500,0,0,,,0,,,364.64,0.0
T011501,0,0,,,0,,,320.81,0.0
T011502,0,0,,,0,,,201.26,0.0
T011503,0,0,,,0,,,83.3,0.0
T011504,0,0,,,0,,,182.4,0.0
T011505,0,0,,,0,,,180.31,0.0
T011506,0,0,,,0,,,192.31,0.0
T011507,0,0,,,0,,,216.86,0.0
T011508,0,0,,,0,,,165.19,0.0
T011509,0,0,,,0,,,224.71,0.0
T011510,0,0,,,0,,,154.7,0.0
T011511,0,0,,,0,,,202.25,0.0
T011512,0,0,,,0,,,273.11,0.0
T011513,0,0,,,0,,,502.8,0.0
T011514,0,0,,,0,,,227.68,0.0
T011515,0,0,,,0,,,191.48,0.0
T011516,0,0,,,0,,,686.59,0.0
T011517,0,0,,,0,,,213.59,0.0
T011518,0,0,,,0,,,167.76,0.0
T011519,0,0,,,0,,,260.07,0.0
T011520,0,0,,,0,,,156.42,0.0
T011521,0,0,,,0,,,163.26,0.0
T011522,0,0,,,0,,,694.43,0.0
T011523,0,0,,,0,,,494.89,0.0
T011524,0,0,,,0,,,582.29,0.0
T011525,0,0,,,0,,,152.71,0.0
T011526,0,0,,,0,,,242.63,0.0
T011527,0,0,,,0,,,385.34,0.0
T011528,0,0,,,0,,,397.24,0.0
T011529,0,0,,,0,,,134.82,0.0
T011530,0,0,,,0,,,194.72,0.0
T011531,0,0,,,0,,,313.37,0.0
T011532,0,0,,,0,,,179.71,0.0
T011533,0,0,,,0,,,419.49,0.0
T011534,0,0,,,0,,,248.16,0.0
T011535,0,0,,,0,,,160.1,0.0
T011536,0,0,,,0,,,147.77,0.0
T011537,0,0,,,0,,,89.29,0.0
T011538,0,0,,,0,,,188.57,0.0
T011539,0,0,,,0,,,234.61,0.0
T011540,0,0,,,0,,,189.24,0.0
T011541,0,0,,,0,,,726.64,0.0
T011542,1,0,,,0,,,0.0,1390.25
T011543,0,0,,,0,,,237.6,0.0
T011544,0,0,,,0,,,187.97,0.0
T011545,0,0,,,0,,,217.97,0.0
T011546,0,0,,,0,,,336.35,0.0
T011547,0,0,,,0,,,184.41,0.0
T011548,0,0,,,0,,,296.79,0.0
T011549,0,0,,,0,,,1945.74,0.0
T011550,0,0,,,0,,,186.44,0.0
T011551,0,0,,,0,,,347.32,0.0
T011552,0,0,,,0,,,164.29,0.0
T011553,0,0,,,0,,,169.49,0.0
T011554,0,0,,,0,,,154.44,0.0
T011555,0,0,,,0,,,527.63,0.0
T011556,0,0,,,0,,,183.7,0.0
T011557,0,0,,,0,,,221.5,0.0
T011558,0,0,,,0,,,168.46,0.0
T011559,0,0,,,0,,,1180.68,0.0
T011560,0,0,,,0,,,285.6,0.0
T011561,0,0,,,0,,,193.52,0.0
T011562,0,0,,,0,,,164.01,0.0
T011563,0,0,,,0,,,349.62,0.0
T011564,0,0,,,0,,,374.88,0.0
T011565,0,0,,,0,,,201.07,0.0
T011566,0,0,,,0,,,579.33,0.0
T011567,0,0,,,0,,,300.31,0.0
T011568,0,0,,,0,,,161.46,0.0
T011569,0,0,,,0,,,620.6,0.0
T011570,0,0,,,0,,,387.49,0.0
T011571,0,0,,,0,,,686.89,0.0
T011572,0,0,,,0,,,163.99,0.0
T011573,0,0,,,0,,,166.96,0.0
T011574,0,0,,,0,,,189.62,0.0
T011575,0,0,,,0,,,317.87,0.0
T011576,0,0,,,0,,,175.67,0.0
T011577,0,0,,,0,,,174.42,0.0
T011578,0,0,,,0,,,219.65,0.0
T011579,0,0,,,0,,,100.22,0.0
T011580,0,0,,,0,,,226.87,0.0
T011581,0,0,,,0,,,222.4,0.0
T011582,0,0,,,0,,,171.52,0.0
T011583,0,0,,,0,,,284.73,0.0
T011584,0,0,,,0,,,134.41,0.0
T011585,0,0,,,0,,,169.11,0.0
T011586,0,0,,,0,,,180.09,0.0
T011587,0,0,,,0,,,354.14,0.0
T011588,0,0,,,0,,,182.5,0.0
T011589,0,0,,,0,,,177.21,0.0
T011590,0,0,,,0,,,155.65,0.0
T011591,0,0,,,0,,,212.82,0.0
T011592,0,0,,,0,,,181.84,0.0
T011593,0,0,,,0,,,333.69,0.0
T011594,0,0,,,0,,,307.99,0.0
T011595,0,0,,,0,,,390.47,0.0
T011596,0,0,,,0,,,195.12,0.0
T011597,0,0,,,0,,,241.09,0.0
T011598,0,0,,,0,,,123.51,0.0
T011599,0,0,,,0,,,213.44,0.0
T011600,0,0,,,0,,,714.75,0.0
T011601,0,0,,,0,,,172.03,0.0
T011602,0,0,,,0,,,134.97,0.0
T011603,0,0,,,0,,,696.18,0.0
T011604,0,0,,,0,,,154.41,0.0
T011605,0,0,,,0,,,637.15,0.0
T011606,0,0,,,0,,,158.83,0.0
T011607,0,0,,,0,,,644.78,0.0
T011608,0,0,,,0,,,164.55,0.0
T011609,0,0,,,0,,,207.27,0.0
T011610,0,0,,,0,,,210.95,0.0
T011611,0,0,,,0,,,287.46,0.0
T011612,0,0,,,0,,,180.43,0.0
T011613,0,0,,,0,,,155.75,0.0
T011614,0,0,,,0,,,226.77,0.0
T011615,0,0,,,0,,,163.98,0.0
T011616,0,0,,,0,,,413.63,0.0
T011617,0,0,,,0,,,258.6,0.0
T011618,0,0,,,0,,,392.37,0.0
T011619,0,0,,,0,,,301.04,0.0
T011620,0,0,,,0,,,162.04,0.0
T011621,0,0,,,0,,,159.46,0.0
T011622,0,0,,,0,,,365.7,0.0
T011623,0,0,,,0,,,174.92,0.0
T011624,0,0,,,0,,,263.0,0.0
T011625,0,0,,,0,,,409.3,0.0
T011626,0,0,,,0,,,173.71,0.0
T011627,0,0,,,0,,,264.06,0.0
T011628,0,0,,,0,,,273.85,0.0
T011629,0,0,,,0,,,170.74,0.0
T011630,0,0,,,0,,,400.02,0.0
T011631,0,0,,,0,,,221.58,0.0
T011632,0,0,,,0,,,538.92,0.0
T011633,1,0,,,0,,,0.0,2520.91
T011634,0,0,,,0,,,458.32,0.0
T011635,0,0,,,0,,,481.91,0.0
T011636,0,0,,,0,,,198.2,0.0
T011637,0,0,,,0,,,309.0,0.0
T011638,0,0,,,0,,,167.66,0.0
T011639,0,0,,,0,,,499.02,0.0
T011640,1,0,,,0,,,0.0,418.37
T011641,0,0,,,0,,,165.81,0.0
T011642,0,0,,,0,,,265.2,0.0
T011643,0,0,,,0,,,235.83,0.0
T011644,0,0,,,0,,,346.38,0.0
T011645,1,0,,,0,,,0.0,16769.85
T011646,0,0,,,0,,,230.5,0.0
T011647,0,0,,,0,,,551.43,0.0
T011648,0,0,,,0,,,167.38,0.0
T011649,0,0,,,0,,,177.66,0.0
T011650,0,0,,,0,,,328.71,0.0
T011651,0,0,,,0,,,165.6,0.0
T011652,0,0,,,0,,,134.89,0.0
T011653,0,0,,,0,,,621.79,0.0
T011654,0,0,,,0,,,263.96,0.0
T011655,0,0,,,0,,,603.56,0.0
T011656,0,0,,,0,,,175.62,0.0
T011657,0,0,,,0,,,359.03,0.0
T011658,0,0,,,0,,,248.08,0.0
T011659,0,0,,,0,,,155.73,0.0
T011660,0,0,,,0,,,217.8,0.0
T011661,0,0,,,0,,,687.45,0.0
T011662,0,0,,,0,,,164.87,0.0
T011663,0,0,,,0,,,120.42,0.0
T011664,0,0,,,0,,,344.63,0.0
T011665,0,0,,,0,,,272.35,0.0
T011666,0,0,,,0,,,93.28,0.0
T011667,0,0,,,0,,,203.4,0.0
T011668,0,0,,,0,,,155.17,0.0
T011669,0,0,,,0,,,701.34,0.0
T011670,0,0,,,0,,,583.32,0.0
T011671,0,0,,,0,,,222.63,0.0
T011672,0,0,,,0,,,198.33,0.0
T011673,0,0,,,0,,,397.96,0.0
T011674,0,0,,,0,,,163.4,0.0
T011675,0,0,,,0,,,173.38,0.0
T011676,0,0,,,0,,,174.61,0.0
T011677,0,0,,,0,,,226.21,0.0
T011678,0,0,,,0,,,610.97,0.0
T011679,0,0,,,0,,,290.52,0.0
T011680,0,0,,,0,,,94.32,0.0
T011681,0,0,,,0,,,170.74,0.0
T011682,0,0,,,0,,,157.62,0.0
T011683,0,0,,,0,,,244.23,0.0
T011684,0,0,,,0,,,425.4,0.0
T011685,0,0,,,0,,,223.26,0.0
T011686,0,0,,,0,,,164.38,0.0
T011687,0,0,,,0,,,245.21,0.0
T011688,0,0,,,0,,,195.45,0.0
T011689,0,0,,,0,,,222.59,0.0
T011690,0,0,,,0,,,552.27,0.0
T011691,0,0,,,0,,,137.93,0.0
T011692,0,0,,,0,,,383.28,0.0
T011693,0,0,,,0,,,257.18,0.0
T011694,0,0,,,0,,,292.65,0.0
T011695,0,0,,,0,,,287.21,0.0
T011696,0,0,,,0,,,344.84,0.0
T011697,0,0,,,0,,,417.43,0.0
T011698,0,0,,,0,,,255.98,0.0
T011699,0,0,,,0,,,139.67,0.0
T011700,0,0,,,0,,,250.71,0.0
T011701,0,0,,,0,,,807.19,0.0
T011702,1,0,,,0,,,0.0,737.88
T011703,0,0,,,0,,,175.37,0.0
T011704,0,0,,,0,,,934.81,0.0
T011705,0,0,,,0,,,371.53,0.0
T011706,0,0,,,0,,,339.15,0.0
T011707,0,0,,,0,,,188.69,0.0
T011708,0,0,,,0,,,158.55,0.0
T011709,0,0,,,0,,,388.35,0.0
T011710,0,0,,,0,,,336.72,0.0
T011711,0,0,,,0,,,244.19,0.0
T011712,0,0,,,0,,,218.65,0.0
T011713,0,0,,,0,,,352.48,0.0
T011714,0,0,,,0,,,209.65,0.0
T011715,0,0,,,0,,,368.84,0.0
T011716,0,0,,,0,,,165.17,0.0
T011717,0,0,,,0,,,281.45,0.0
T011718,0,0,,,0,,,216.21,0.0
T011719,0,0,,,0,,,180.09,0.0
T011720,0,0,,,0,,,474.82,0.0
T011721,0,0,,,0,,,322.49,0.0
T011722,0,0,,,0,,,249.95,0.0
T011723,0,0,,,0,,,236.12,0.0
T011724,0,0,,,0,,,182.32,0.0
T011725,0,0,,,0,,,211.74,0.0
T011726,0,0,,,0,,,449.43,0.0
T011727,0,0,,,0,,,157.88,0.0
T011728,0,0,,,0,,,209.18,0.0
T011729,0,0,,,0,,,160.91,0.0
T011730,0,0,,,0,,,190.7,0.0
T011731,0,0,,,0,,,154.41,0.0
T011732,0,0,,,0,,,346.09,0.0
T011733,0,0,,,0,,,197.01,0.0
T011734,0,0,,,0,,,333.41,0.0
T011735,0,0,,,0,,,309.31,0.0
T011736,0,0,,,0,,,642.85,0.0
T011737,0,0,,,0,,,154.45,0.0
T011738,0,0,,,0,,,275.67,0.0
T011739,0,0,,,0,,,166.75,0.0
T011740,0,0,,,0,,,323.64,0.0
T011741,0,0,,,0,,,151.44,0.0
T011742,0,0,,,0,,,121.86,0.0
T011743,0,0,,,0,,,199.31,0.0
T011744,0,0,,,0,,,183.28,0.0
T011745,0,0,,,0,,,591.22,0.0
T011746,0,0,,,0,,,546.2,0.0
T011747,0,0,,,0,,,287.58,0.0
T011748,0,0,,,0,,,594.84,0.0
T011749,0,0,,,0,,,258.97,0.0
T011750,0,0,,,0,,,395.23,0.0
T011751,0,0,,,0,,,209.62,0.0
T011752,0,0,,,0,,,279.0,0.0
T011753,0,0,,,0,,,482.64,0.0
T011754,0,0,,,0,,,541.98,0.0
T011755,0,0,,,0,,,158.33,0.0
T011756,0,0,,,0,,,222.4,0.0
T011757,0,0,,,0,,,150.41,0.0
T011758,0,0,,,0,,,146.12,0.0
T011759,0,0,,,0,,,252.59,0.0
T011760,0,0,,,0,,,560.9,0.0
T011761,0,0,,,0,,,139.91,0.0
T011762,0,0,,,0,,,187.56,0.0
T011763,0,0,,,0,,,565.68,0.0
T011764,0,0,,,0,,,123.59,0.0
T011765,0,0,,,0,,,701.32,0.0
T011766,0,0,,,0,,,784.43,0.0
T011767,1,0,,,0,,,0.0,3338.75
T011768,1,0,,,0,,,0.0,654.14
T011769,0,0,,,0,,,131.07,0.0
T011770,0,0,,,0,,,216.6,0.0
T011771,0,0,,,0,,,260.85,0.0
T011772,0,0,,,0,,,356.2,0.0
T011773,0,0,,,0,,,441.87,0.0
T011774,0,0,,,0,,,143.07,0.0
T011775,0,0,,,0,,,279.69,0.0
T011776,0,0,,,0,,,177.45,0.0
T011777,0,0,,,0,,,197.81,0.0
T011778,0,0,,,0,,,174.38,0.0
T011779,1,0,,,0,,,0.0,1451.84
T011780,0,0,,,0,,,171.56,0.0
T011781,0,0,,,0,,,274.54,0.0
T011782,0,0,,,0,,,176.98,0.0
T011783,0,0,,,0,,,183.09,0.0
T011784,0,0,,,0,,,561.34,0.0
T011785,0,0,,,0,,,728.04,0.0
T011786,0,0,,,0,,,610.68,0.0
T011787,0,0,,,0,,,150.87,0.0
T011788,0,0,,,0,,,226.78,0.0
T011789,0,0,,,0,,,184.9,0.0
T011790,0,0,,,0,,,175.68,0.0
T011791,0,0,,,0,,,111.44,0.0
T011792,0,0,,,0,,,186.52,0.0
T011793,0,0,,,0,,,160.35,0.0
T011794,0,0,,,0,,,102.75,0.0
T011795,0,0,,,0,,,252.26,0.0
T011796,0,0,,,0,,,174.03,0.0
T011797,0,0,,,0,,,183.16,0.0
T011798,0,0,,,0,,,152.52,0.0
T011799,0,0,,,0,,,263.15,0.0
T011800,0,0,,,0,,,262.33,0.0
T011801,0,0,,,0,,,153.53,0.0
T011802,0,0,,,0,,,178.65,0.0
T011803,0,0,,,0,,,273.55,0.0
T011804,0,0,,,0,,,273.34,0.0
T011805,0,0,,,0,,,160.05,0.0
T011806,0,0,,,0,,,168.69,0.0
T011807,0,0,,,0,,,358.81,0.0
T011808,0,0,,,0,,,488.87,0.0
T011809,0,0,,,0,,,1000.02,0.0
T011810,0,0,,,0,,,106.67,0.0
T011811,0,0,,,0,,,181.73,0.0
T011812,0,0,,,0,,,262.02,0.0
T011813,0,0,,,0,,,596.78,0.0
T011814,0,0,,,0,,,533.88,0.0
T011815,0,0,,,0,,,207.33,0.0
T011816,0,0,,,0,,,91.58,0.0
T011817,0,0,,,0,,,289.06,0.0
T011818,0,0,,,0,,,221.88,0.0
T011819,0,0,,,0,,,334.4,0.0
T011820,0,0,,,0,,,279.96,0.0
T011821,0,0,,,0,,,185.22,0.0
T011822,0,0,,,0,,,383.36,0.0
T011823,0,0,,,0,,,350.76,0.0
T011824,0,0,,,0,,,161.09,0.0
T011825,0,0,,,0,,,135.21,0.0
T011826,0,0,,,0,,,220.92,0.0
T011827,0,0,,,0,,,163.82,0.0
T011828,0,0,,,0,,,156.61,0.0
T011829,0,0,,,0,,,335.22,0.0
T011830,0,0,,,0,,,851.08,0.0
T011831,0,0,,,0,,,163.38,0.0
T011832,0,0,,,0,,,466.69,0.0
T011833,0,0,,,0,,,198.64,0.0
T011834,0,0,,,0,,,183.6,0.0
T011835,0,0,,,0,,,155.31,0.0
T011836,1,0,,,0,,,0.0,1170.73
T011837,0,0,,,0,,,606.01,0.0
T011838,0,0,,,0,,,54.88,0.0
T011839,0,0,,,0,,,176.35,0.0
T011840,0,0,,,0,,,232.97,0.0
T011841,0,0,,,0,,,183.36,0.0
T011842,0,0,,,0,,,157.46,0.0
T011843,0,0,,,0,,,264.4,0.0
T011844,0,0,,,0,,,97.89,0.0
T011845,0,0,,,0,,,310.24,0.0
T011846,0,0,,,0,,,158.76,0.0
T011847,0,0,,,0,,,207.73,0.0
T011848,0,0,,,0,,,161.16,0.0
T011849,0,0,,,0,,,177.75,0.0
T011850,0,0,,,0,,,420.86,0.0
T011851,0,0,,,0,,,160.69,0.0
T011852,0,0,,,0,,,206.93,0.0
T011853,0,0,,,0,,,165.54,0.0
T011854,0,0,,,0,,,289.0,0.0
T011855,0,0,,,0,,,121.32,0.0
T011856,0,0,,,0,,,172.5,0.0
T011857,0,0,,,0,,,173.9,0.0
T011858,0,0,,,0,,,178.82,0.0
T011859,0,0,,,0,,,181.19,0.0
T011860,0,0,,,0,,,225.09,0.0
T011861,0,0,,,0,,,196.62,0.0
T011862,0,0,,,0,,,433.9,0.0
T011863,0,0,,,0,,,262.12,0.0
T011864,1,0,,,0,,,0.0,813.29
T011865,0,0,,,0,,,309.19,0.0
T011866,0,0,,,0,,,206.1,0.0
T011867,0,0,,,0,,,183.28,0.0
T011868,0,0,,,0,,,168.58,0.0
T011869,0,0,,,0,,,267.09,0.0
T011870,0,0,,,0,,,308.86,0.0
T011871,0,0,,,0,,,343.76,0.0
T011872,0,0,,,0,,,186.74,0.0
T011873,0,0,,,0,,,202.3,0.0
T011874,0,0,,,0,,,217.13,0.0
T011875,0,0,,,0,,,271.71,0.0
T011876,1,0,,,0,,,0.0,3236.69
T011877,0,0,,,0,,,119.54,0.0
T011878,0,0,,,0,,,155.86,0.0
T011879,0,0,,,0,,,423.5,0.0
T011880,0,0,,,0,,,532.04,0.0
T011881,0,0,,,0,,,209.79,0.0
T011882,0,0,,,0,,,295.76,0.0
T011883,0,0,,,0,,,322.45,0.0
T011884,0,0,,,0,,,308.72,0.0
T011885,0,0,,,0,,,174.75,0.0
T011886,0,0,,,0,,,167.53,0.0
T011887,0,0,,,0,,,162.9,0.0
T011888,0,0,,,0,,,212.13,0.0
T011889,0,0,,,0,,,338.32,0.0
T011890,0,0,,,0,,,219.1,0.0
T011891,0,0,,,0,,,160.56,0.0
T011892,1,0,,,0,,,0.0,892.63
T011893,0,0,,,0,,,673.93,0.0
T011894,0,0,,,0,,,126.7,0.0
T011895,0,0,,,0,,,281.33,0.0
T011896,0,0,,,0,,,305.27,0.0
T011897,0,0,,,0,,,285.68,0.0
T011898,0,0,,,0,,,194.31,0.0
T011899,0,0,,,0,,,234.85,0.0
T011900,0,0,,,0,,,152.39,0.0
T011901,0,0,,,0,,,552.73,0.0
T011902,0,0,,,0,,,159.64,0.0
T011903,0,0,,,0,,,151.66,0.0
T011904,0,0,,,0,,,513.23,0.0
T011905,0,0,,,0,,,218.49,0.0
T011906,0,0,,,0,,,169.47,0.0
T011907,0,0,,,0,,,179.03,0.0
T011908,0,0,,,0,,,233.96,0.0
T011909,0,0,,,0,,,240.49,0.0
T011910,0,0,,,0,,,154.49,0.0
T011911,0,0,,,0,,,544.46,0.0
T011912,0,0,,,0,,,302.26,0.0
T011913,0,0,,,0,,,162.1,0.0
T011914,0,0,,,0,,,594.96,0.0
T011915,0,0,,,0,,,108.1,0.0
T011916,0,0,,,0,,,335.72,0.0
T011917,0,0,,,0,,,171.28,0.0
T011918,0,0,,,0,,,262.68,0.0
T011919,0,0,,,0,,,510.98,0.0
T011920,0,0,,,0,,,343.11,0.0
T011921,0,0,,,0,,,111.86,0.0
T011922,0,0,,,0,,,447.34,0.0
T011923,0,0,,,0,,,182.68,0.0
T011924,0,0,,,0,,,592.69,0.0
T011925,0,0,,,0,,,419.81,0.0
T011926,0,0,,,0,,,222.79,0.0
T011927,0,0,,,0,,,215.56,0.0
T011928,0,0,,,0,,,177.08,0.0
T011929,0,0,,,0,,,231.22,0.0
T011930,0,0,,,0,,,157.25,0.0
T011931,0,0,,,0,,,266.79,0.0
T011932,0,0,,,0,,,728.08,0.0
T011933,0,0,,,0,,,165.73,0.0
T011934,0,0,,,0,,,189.13,0.0
T011935,0,0,,,0,,,118.58,0.0
T011936,0,0,,,0,,,164.76,0.0
T011937,0,0,,,0,,,186.54,0.0
T011938,0,0,,,0,,,302.95,0.0
T011939,0,0,,,0,,,228.48,0.0
T011940,0,0,,,0,,,209.11,0.0
T011941,0,0,,,0,,,671.02,0.0
T011942,0,0,,,0,,,161.88,0.0
T011943,0,0,,,0,,,382.69,0.0
T011944,0,0,,,0,,,127.48,0.0
T011945,0,0,,,0,,,155.11,0.0
T011946,0,0,,,0,,,639.1,0.0
T011947,0,0,,,0,,,220.57,0.0
T011948,0,0,,,0,,,204.32,0.0
T011949,0,0,,,0,,,165.91,0.0
T011950,0,0,,,0,,,163.46,0.0
T011951,0,0,,,0,,,178.78,0.0
T011952,0,0,,,0,,,493.12,0.0
T011953,0,0,,,0,,,137.29,0.0
T011954,0,0,,,0,,,165.29,0.0
T011955,0,0,,,0,,,351.26,0.0
T011956,0,0,,,0,,,180.51,0.0
T011957,0,0,,,0,,,159.55,0.0
T011958,0,0,,,0,,,195.58,0.0
T011959,0,0,,,0,,,305.17,0.0
T011960,0,0,,,0,,,155.2,0.0
T011961,0,0,,,0,,,95.72,0.0
T011962,0,0,,,0,,,263.62,0.0
T011963,1,0,,,0,,,0.0,2407.44
T011964,0,0,,,0,,,275.63,0.0
T011965,0,0,,,0,,,121.51,0.0
T011966,0,0,,,0,,,255.93,0.0
T011967,0,0,,,0,,,205.85,0.0
T011968,0,0,,,0,,,686.52,0.0
T011969,0,0,,,0,,,153.55,0.0
T011970,0,0,,,0,,,490.28,0.0
T011971,0,0,,,0,,,196.56,0.0
T011972,0,0,,,0,,,279.26,0.0
T011973,0,0,,,0,,,1354.05,0.0
T011974,0,0,,,0,,,177.31,0.0
T011975,0,0,,,0,,,550.0,0.0
T011976,0,0,,,0,,,101.23,0.0
T011977,0,0,,,0,,,439.32,0.0
T011978,0,0,,,0,,,157.74,0.0
T011979,0,0,,,0,,,233.72,0.0
T011980,0,0,,,0,,,86.89,0.0
T011981,0,0,,,0,,,217.64,0.0
T011982,0,0,,,0,,,276.82,0.0
T011983,0,0,,,0,,,167.16,0.0
T011984,0,0,,,0,,,131.85,0.0
T011985,0,0,,,0,,,167.69,0.0
T011986,0,0,,,0,,,225.27,0.0
T011987,0,0,,,0,,,476.81,0.0
T011988,0,0,,,0,,,261.65,0.0
T011989,0,0,,,0,,,195.67,0.0
T011990,0,0,,,0,,,158.58,0.0
T011991,0,0,,,0,,,162.46,0.0
T011992,0,0,,,0,,,1193.07,0.0
T011993,0,0,,,0,,,266.71,0.0
T011994,0,0,,,0,,,208.09,0.0
T011995,0,0,,,0,,,209.46,0.0
T011996,0,0,,,0,,,161.35,0.0
T011997,0,0,,,0,,,181.33,0.0
T011998,0,0,,,0,,,164.77,0.0
T011999,0,0,,,0,,,502.73,0.0
T012000,0,0,,,0,,,338.88,0.0
T012001,0,0,,,0,,,164.18,0.0
T012002,0,0,,,0,,,444.49,0.0
T012003,0,0,,,0,,,290.51,0.0
T012004,0,0,,,0,,,202.22,0.0
T012005,0,0,,,0,,,167.61,0.0
T012006,0,0,,,0,,,143.78,0.0
T012007,0,0,,,0,,,153.3,0.0
T012008,0,0,,,0,,,1082.35,0.0
T012009,0,0,,,0,,,125.59,0.0
T012010,0,0,,,0,,,180.31,0.0
T012011,0,0,,,0,,,624.75,0.0
T012012,0,0,,,0,,,201.2,0.0
T012013,0,0,,,0,,,199.44,0.0
T012014,0,0,,,0,,,163.09,0.0
T012015,0,0,,,0,,,184.08,0.0
T012016,0,0,,,0,,,267.2,0.0
T012017,0,0,,,0,,,316.95,0.0
T012018,0,0,,,0,,,171.14,0.0
T012019,0,0,,,0,,,215.83,0.0
T012020,0,0,,,0,,,222.42,0.0
T012021,0,0,,,0,,,254.2,0.0
T012022,0,0,,,0,,,191.4,0.0
T012023,0,0,,,0,,,216.8,0.0
T012024,0,0,,,0,,,204.64,0.0
T012025,0,0,,,0,,,217.22,0.0
T012026,0,0,,,0,,,235.54,0.0
T012027,0,0,,,0,,,290.13,0.0
T012028,0,0,,,0,,,227.59,0.0
T012029,0,0,,,0,,,143.13,0.0
T012030,0,0,,,0,,,164.1,0.0
T012031,0,0,,,0,,,173.68,0.0
T012032,0,0,,,0,,,154.61,0.0
T012033,0,0,,,0,,,771.9,0.0
T012034,0,0,,,0,,,480.93,0.0
T012035,0,0,,,0,,,224.26,0.0
T012036,0,0,,,0,,,183.47,0.0
T012037,0,0,,,0,,,184.58,0.0
T012038,0,0,,,0,,,80.12,0.0
T012039,0,0,,,0,,,191.28,0.0
T012040,0,0,,,0,,,651.79,0.0
T012041,0,0,,,0,,,165.38,0.0
T012042,0,0,,,0,,,177.19,0.0
T012043,0,0,,,0,,,241.68,0.0
T012044,0,0,,,0,,,131.74,0.0
T012045,0,0,,,0,,,189.5,0.0
T012046,0,0,,,0,,,346.73,0.0
T012047,0,0,,,0,,,173.42,0.0
T012048,0,0,,,0,,,115.97,0.0
T012049,0,0,,,0,,,233.65,0.0
T012050,0,0,,,0,,,263.3,0.0
T012051,0,0,,,0,,,308.8,0.0
T012052,0,0,,,0,,,348.8,0.0
T012053,0,0,,,0,,,160.96,0.0
T012054,0,0,,,0,,,355.28,0.0
T012055,0,0,,,0,,,156.33,0.0
T012056,0,0,,,0,,,222.07,0.0
T012057,0,0,,,0,,,219.8,0.0
T012058,0,0,,,0,,,175.42,0.0
T012059,0,0,,,0,,,279.21,0.0
T012060,0,0,,,0,,,190.48,0.0
T012061,0,0,,,0,,,240.17,0.0
T012062,0,0,,,0,,,183.07,0.0
T012063,0,0,,,0,,,205.08,0.0
T012064,0,0,,,0,,,180.88,0.0
T012065,0,0,,,0,,,225.59,0.0
T012066,0,0,,,0,,,190.09,0.0
T012067,0,0,,,0,,,249.42,0.0
T012068,0,0,,,0,,,355.83,0.0
T012069,0,0,,,0,,,155.7,0.0
T012070,0,0,,,0,,,162.44,0.0
T012071,0,0,,,0,,,300.68,0.0
T012072,0,0,,,0,,,294.08,0.0
T012073,0,0,,,0,,,162.8,0.0
T012074,0,0,,,0,,,238.13,0.0
T012075,0,0,,,0,,,196.26,0.0
T012076,0,0,,,0,,,181.39,0.0
T012077,0,0,,,0,,,658.78,0.0
T012078,1,0,,,0,,,0.0,6881.89
T012079,0,0,,,0,,,676.28,0.0
T012080,0,0,,,0,,,215.6,0.0
T012081,0,0,,,0,,,297.57,0.0
T012082,0,0,,,0,,,486.72,0.0
T012083,0,0,,,0,,,140.5,0.0
T012084,0,0,,,0,,,211.43,0.0
T012085,0,0,,,0,,,222.75,0.0
T012086,0,0,,,0,,,96.15,0.0
T012087,0,0,,,0,,,123.27,0.0
T012088,0,0,,,0,,,179.08,0.0
T012089,0,0,,,0,,,192.84,0.0
T012090,0,0,,,0,,,449.16,0.0
T012091,0,0,,,0,,,164.5,0.0
T012092,0,0,,,0,,,154.92,0.0
T012093,0,0,,,0,,,351.09,0.0
T012094,0,0,,,0,,,68.27,0.0
T012095,0,0,,,0,,,199.52,0.0
T012096,0,0,,,0,,,281.39,0.0
T012097,0,0,,,0,,,186.75,0.0
T012098,0,0,,,0,,,336.17,0.0
T012099,0,0,,,0,,,268.89,0.0
T012100,0,0,,,0,,,265.66,0.0
T012101,0,0,,,0,,,1200.24,0.0
T012102,0,0,,,0,,,282.25,0.0
T012103,0,0,,,0,,,280.48,0.0
T012104,0,0,,,0,,,148.3,0.0
T012105,0,0,,,0,,,150.04,0.0
T012106,0,0,,,0,,,267.75,0.0
T012107,0,0,,,0,,,270.31,0.0
T012108,0,0,,,0,,,539.98,0.0
T012109,0,0,,,0,,,365.53,0.0
T012110,0,0,,,0,,,173.29,0.0
T012111,0,0,,,0,,,240.55,0.0
T012112,0,0,,,0,,,173.39,0.0
T012113,0,0,,,0,,,527.95,0.0
T012114,0,0,,,0,,,211.0,0.0
T012115,0,0,,,0,,,194.29,0.0
T012116,0,0,,,0,,,349.56,0.0
T012117,0,0,,,0,,,199.47,0.0
T012118,0,0,,,0,,,636.34,0.0
T012119,0,0,,,0,,,167.99,0.0
T012120,0,0,,,0,,,183.6,0.0
T012121,0,0,,,0,,,158.67,0.0
T012122,0,0,,,0,,,245.49,0.0
T012123,0,0,,,0,,,167.88,0.0
T012124,0,0,,,0,,,234.63,0.0
T012125,0,0,,,0,,,598.3,0.0
T012126,0,0,,,0,,,331.49,0.0
T012127,0,0,,,0,,,766.55,0.0
T012128,0,0,,,0,,,152.51,0.0
T012129,0,0,,,0,,,323.33,0.0
T012130,0,0,,,0,,,166.6,0.0
T012131,0,0,,,0,,,173.91,0.0
T012132,0,0,,,0,,,175.1,0.0
T012133,0,0,,,0,,,553.92,0.0
T012134,0,0,,,0,,,88.86,0.0
T012135,0,0,,,0,,,336.38,0.0
T012136,0,0,,,0,,,150.73,0.0
T012137,0,0,,,0,,,189.59,0.0
T012138,0,0,,,0,,,207.47,0.0
T012139,0,0,,,0,,,155.68,0.0
T012140,1,0,,,0,,,0.0,1749.16
T012141,0,0,,,0,,,279.01,0.0
T012142,0,0,,,0,,,1661.1,0.0
T012143,0,0,,,0,,,257.3,0.0
T012144,0,0,,,0,,,205.34,0.0
T012145,0,0,,,0,,,450.63,0.0
T012146,0,0,,,0,,,233.73,0.0
T012147,0,0,,,0,,,248.78,0.0
T012148,1,0,,,0,,,0.0,700.49
T012149,0,0,,,0,,,294.85,0.0
T012150,0,0,,,0,,,173.18,0.0
T012151,0,0,,,0,,,187.3,0.0
T012152,0,0,,,0,,,182.62,0.0
T012153,1,0,,,0,,,0.0,11645.86
T012154,0,0,,,0,,,321.82,0.0
T012155,0,0,,,0,,,193.4,0.0
T012156,0,0,,,0,,,412.37,0.0
T012157,0,0,,,0,,,569.3,0.0
T012158,0,0,,,0,,,177.5,0.0
T012159,0,0,,,0,,,144.82,0.0
T012160,0,0,,,0,,,312.77,0.0
T012161,0,0,,,0,,,192.67,0.0
T012162,0,0,,,0,,,251.38,0.0
T012163,0,0,,,0,,,164.41,0.0
T012164,0,0,,,0,,,162.08,0.0
T012165,0,0,,,0,,,169.0,0.0
T012166,0,0,,,0,,,177.87,0.0
T012167,0,0,,,0,,,163.69,0.0
T012168,0,0,,,0,,,310.76,0.0
T012169,0,0,,,0,,,154.73,0.0
T012170,0,0,,,0,,,220.84,0.0
T012171,0,0,,,0,,,190.38,0.0
T012172,0,0,,,0,,,477.6,0.0
T012173,0,0,,,0,,,170.58,0.0
T012174,0,0,,,0,,,164.85,0.0
T012175,0,0,,,0,,,83.19,0.0
T012176,0,0,,,0,,,164.58,0.0
T012177,0,0,,,0,,,324.05,0.0
T012178,0,0,,,0,,,161.28,0.0
T012179,0,0,,,0,,,228.73,0.0
T012180,0,0,,,0,,,195.31,0.0
T012181,0,0,,,0,,,134.01,0.0
T012182,0,0,,,0,,,211.83,0.0
T012183,0,0,,,0,,,372.46,0.0
T012184,0,0,,,0,,,296.88,0.0
T012185,0,0,,,0,,,158.0,0.0
T012186,0,0,,,0,,,174.73,0.0
T012187,0,0,,,0,,,206.16,0.0
T012188,0,0,,,0,,,78.29,0.0
T012189,0,0,,,0,,,649.99,0.0
T012190,0,0,,,0,,,263.86,0.0
T012191,0,0,,,0,,,314.32,0.0
T012192,0,0,,,0,,,191.03,0.0
T012193,0,0,,,0,,,304.74,0.0
T012194,0,0,,,0,,,211.03,0.0
T012195,0,0,,,0,,,269.59,0.0
T012196,0,0,,,0,,,198.65,0.0
T012197,0,0,,,0,,,178.2,0.0
T012198,0,0,,,0,,,164.83,0.0
T012199,0,0,,,0,,,194.65,0.0
T012200,0,0,,,0,,,180.73,0.0
T012201,0,0,,,0,,,207.12,0.0
T012202,0,0,,,0,,,216.68,0.0
T012203,0,0,,,0,,,417.7,0.0
T012204,0,0,,,0,,,399.46,0.0
T012205,0,0,,,0,,,168.15,0.0
T012206,0,0,,,0,,,157.03,0.0
T012207,0,0,,,0,,,218.64,0.0
T012208,0,0,,,0,,,295.49,0.0
T012209,0,0,,,0,,,99.06,0.0
T012210,0,0,,,0,,,186.37,0.0
T012211,0,0,,,0,,,83.37,0.0
T012212,0,0,,,0,,,321.66,0.0
T012213,0,0,,,0,,,197.36,0.0
T012214,0,0,,,0,,,167.96,0.0
T012215,0,0,,,0,,,180.15,0.0
T012216,0,0,,,0,,,184.48,0.0
T012217,0,0,,,0,,,202.16,0.0
T012218,0,0,,,0,,,574.93,0.0
T012219,0,0,,,0,,,246.5,0.0
T012220,0,0,,,0,,,582.84,0.0
T012221,0,0,,,0,,,204.31,0.0
T012222,0,0,,,0,,,170.99,0.0
T012223,0,0,,,0,,,454.1,0.0
T012224,0,0,,,0,,,336.28,0.0
T012225,0,0,,,0,,,164.05,0.0
T012226,0,0,,,0,,,133.27,0.0
T012227,0,0,,,0,,,182.84,0.0
T012228,0,0,,,0,,,237.18,0.0
T012229,0,0,,,0,,,180.97,0.0
T012230,0,0,,,0,,,390.27,0.0
T012231,0,0,,,0,,,365.32,0.0
T012232,0,0,,,0,,,200.84,0.0
T012233,0,0,,,0,,,269.96,0.0
T012234,0,0,,,0,,,155.86,0.0
T012235,0,0,,,0,,,75.08,0.0
T012236,0,0,,,0,,,248.0,0.0
T012237,0,0,,,0,,,352.15,0.0
T012238,0,0,,,0,,,221.77,0.0
T012239,0,0,,,0,,,172.23,0.0
T012240,0,0,,,0,,,167.83,0.0
T012241,0,0,,,0,,,470.03,0.0
T012242,0,0,,,0,,,173.22,0.0
T012243,0,0,,,0,,,511.09,0.0
T012244,0,0,,,0,,,101.51,0.0
T012245,0,0,,,0,,,163.42,0.0
T012246,0,0,,,0,,,248.93,0.0
T012247,0,0,,,0,,,199.5,0.0
T012248,0,0,,,0,,,230.83,0.0
T012249,0,0,,,0,,,301.44,0.0
T012250,0,0,,,0,,,495.9,0.0
T012251,0,0,,,0,,,301.37,0.0
T012252,0,0,,,0,,,165.18,0.0
T012253,0,0,,,0,,,557.0,0.0
T012254,0,0,,,0,,,218.37,0.0
T012255,0,0,,,0,,,248.5,0.0
T012256,0,0,,,0,,,300.96,0.0
T012257,0,0,,,0,,,172.8,0.0
T012258,0,0,,,0,,,250.78,0.0
T012259,0,0,,,0,,,231.06,0.0
T012260,0,0,,,0,,,303.6,0.0
T012261,0,0,,,0,,,295.73,0.0
T012262,0,0,,,0,,,140.64,0.0
T012263,1,0,,,0,,,0.0,440.03
T012264,0,0,,,0,,,679.53,0.0
T012265,0,0,,,0,,,201.13,0.0
T012266,0,0,,,0,,,104.66,0.0
T012267,0,0,,,0,,,238.67,0.0
T012268,0,0,,,0,,,152.56,0.0
T012269,0,0,,,0,,,174.42,0.0
T012270,0,0,,,0,,,175.94,0.0
T012271,0,0,,,0,,,209.41,0.0
T012272,0,0,,,0,,,201.42,0.0
T012273,0,0,,,0,,,383.4,0.0
T012274,0,0,,,0,,,216.18,0.0
T012275,0,0,,,0,,,198.15,0.0
T012276,0,0,,,0,,,157.92,0.0
T012277,0,0,,,0,,,170.66,0.0
T012278,0,0,,,0,,,254.97,0.0
T012279,0,0,,,0,,,1164.14,0.0
T012280,0,0,,,0,,,270.37,0.0
T012281,0,0,,,0,,,154.86,0.0
T012282,0,0,,,0,,,232.48,0.0
T012283,0,0,,,0,,,276.53,0.0
T012284,0,0,,,0,,,324.2,0.0
T012285,0,0,,,0,,,176.12,0.0
T012286,0,0,,,0,,,268.45,0.0
T012287,0,0,,,0,,,1248.95,0.0
T012288,0,0,,,0,,,575.4,0.0
T012289,0,0,,,0,,,251.89,0.0
T012290,0,0,,,0,,,236.38,0.0
T012291,0,0,,,0,,,190.49,0.0
T012292,0,0,,,0,,,362.18,0.0
T012293,0,0,,,0,,,163.61,0.0
T012294,0,0,,,0,,,156.37,0.0
T012295,0,0,,,0,,,195.84,0.0
T012296,0,0,,,0,,,126.95,0.0
T012297,0,0,,,0,,,308.2,0.0
T012298,0,0,,,0,,,231.52,0.0
T012299,0,0,,,0,,,182.54,0.0
T012300,0,0,,,0,,,165.7,0.0
T012301,0,0,,,0,,,211.19,0.0
T012302,0,0,,,0,,,167.23,0.0
T012303,0,0,,,0,,,132.82,0.0
T012304,0,0,,,0,,,182.01,0.0
T012305,0,0,,,0,,,251.3,0.0
T012306,0,0,,,0,,,174.53,0.0
T012307,0,0,,,0,,,275.39,0.0
T012308,0,0,,,0,,,286.44,0.0
T012309,0,0,,,0,,,170.29,0.0
T012310,0,0,,,0,,,184.15,0.0
T012311,0,0,,,0,,,186.0,0.0
T012312,0,0,,,0,,,165.82,0.0
T012313,0,0,,,0,,,182.33,0.0
T012314,0,0,,,0,,,334.46,0.0
T012315,1,0,,,0,,,0.0,2068.39
T012316,0,0,,,0,,,179.55,0.0
T012317,0,0,,,0,,,1667.57,0.0
T012318,0,0,,,0,,,392.28,0.0
T012319,0,0,,,0,,,166.42,0.0
T012320,0,0,,,0,,,217.22,0.0
T012321,0,0,,,0,,,169.32,0.0
T012322,0,0,,,0,,,154.12,0.0
T012323,0,0,,,0,,,73.69,0.0
T012324,0,0,,,0,,,241.61,0.0
T012325,0,0,,,0,,,533.18,0.0
T012326,0,0,,,0,,,190.73,0.0
T012327,0,0,,,0,,,167.46,0.0
T012328,0,0,,,0,,,261.77,0.0
T012329,0,0,,,0,,,355.64,0.0
T012330,0,0,,,0,,,158.1,0.0
T012331,0,0,,,0,,,239.09,0.0
T012332,0,0,,,0,,,429.27,0.0
T012333,0,0,,,0,,,696.33,0.0
T012334,0,0,,,0,,,169.12,0.0
T012335,0,0,,,0,,,762.05,0.0
T012336,0,0,,,0,,,230.33,0.0
T012337,0,0,,,0,,,353.9,0.0
T012338,0,0,,,0,,,166.75,0.0
T012339,0,0,,,0,,,266.69,0.0
T012340,0,0,,,0,,,259.66,0.0
T012341,0,0,,,0,,,381.24,0.0
T012342,0,0,,,0,,,102.39,0.0
T012343,0,0,,,0,,,74.93,0.0
T012344,0,0,,,0,,,418.59,0.0
T012345,0,0,,,0,,,169.01,0.0
T012346,0,0,,,0,,,157.38,0.0
T012347,0,0,,,0,,,243.08,0.0
T012348,0,0,,,0,,,635.65,0.0
T012349,0,0,,,0,,,262.65,0.0
T012350,0,0,,,0,,,258.79,0.0
T012351,0,0,,,0,,,172.16,0.0
T012352,0,0,,,0,,,189.05,0.0
T012353,0,0,,,0,,,143.08,0.0
T012354,0,0,,,0,,,506.89,0.0
T012355,0,0,,,0,,,219.54,0.0
T012356,0,0,,,0,,,284.51,0.0
T012357,0,0,,,0,,,124.48,0.0
T012358,0,0,,,0,,,158.54,0.0
T012359,0,0,,,0,,,211.53,0.0
T012360,0,0,,,0,,,318.03,0.0
T012361,0,0,,,0,,,293.8,0.0
T012362,0,0,,,0,,,174.89,0.0
T012363,0,0,,,0,,,189.34,0.0
T012364,0,0,,,0,,,186.18,0.0
T012365,0,0,,,0,,,172.71,0.0
T012366,0,0,,,0,,,207.37,0.0
T012367,0,0,,,0,,,175.46,0.0
T012368,0,0,,,0,,,79.56,0.0
T012369,0,0,,,0,,,242.21,0.0
T012370,0,0,,,0,,,255.57,0.0
T012371,0,0,,,0,,,224.49,0.0
T012372,0,0,,,0,,,201.47,0.0
T012373,0,0,,,0,,,313.81,0.0
T012374,0,0,,,0,,,522.05,0.0
T012375,0,0,,,0,,,303.12,0.0
T012376,0,0,,,0,,,193.99,0.0
T012377,0,0,,,0,,,330.18,0.0
T012378,0,0,,,0,,,176.59,0.0
T012379,0,0,,,0,,,194.97,0.0
T012380,0,0,,,0,,,268.5,0.0
T012381,0,0,,,0,,,195.73,0.0
T012382,0,0,,,0,,,159.45,0.0
T012383,0,0,,,0,,,719.59,0.0
T012384,0,0,,,0,,,205.88,0.0
T012385,0,0,,,0,,,180.83,0.0
T012386,0,0,,,0,,,214.56,0.0
T012387,0,0,,,0,,,253.87,0.0
T012388,0,0,,,0,,,418.78,0.0
T012389,0,0,,,0,,,60.37,0.0
T012390,0,0,,,0,,,180.53,0.0
T012391,0,0,,,0,,,165.9,0.0
T012392,0,0,,,0,,,75.28,0.0
T012393,0,0,,,0,,,153.03,0.0
T012394,0,0,,,0,,,89.35,0.0
T012395,0,0,,,0,,,207.61,0.0
T012396,0,0,,,0,,,169.87,0.0
T012397,0,0,,,0,,,276.6,0.0
T012398,0,0,,,0,,,199.47,0.0
T012399,0,0,,,0,,,160.95,0.0
T012400,0,0,,,0,,,231.5,0.0
T012401,0,0,,,0,,,243.24,0.0
T012402,0,0,,,0,,,270.01,0.0
T012403,0,0,,,0,,,328.86,0.0
T012404,0,0,,,0,,,128.88,0.0
T012405,0,0,,,0,,,180.2,0.0
T012406,0,0,,,0,,,952.54,0.0
T012407,0,0,,,0,,,138.65,0.0
T012408,0,0,,,0,,,180.38,0.0
T012409,0,0,,,0,,,171.19,0.0
T012410,0,0,,,0,,,186.54,0.0
T012411,0,0,,,0,,,94.98,0.0
T012412,0,0,,,0,,,202.17,0.0
T012413,0,0,,,0,,,468.57,0.0
T012414,0,0,,,0,,,215.28,0.0
T012415,0,0,,,0,,,163.43,0.0
T012416,0,0,,,0,,,156.75,0.0
T012417,0,0,,,0,,,163.1,0.0
T012418,0,0,,,0,,,87.9,0.0
T012419,0,0,,,0,,,197.44,0.0
T012420,0,0,,,0,,,338.68,0.0
T012421,0,0,,,0,,,157.84,0.0
T012422,0,0,,,0,,,220.65,0.0
T012423,0,0,,,0,,,150.86,0.0
T012424,0,0,,,0,,,160.42,0.0
T012425,0,0,,,0,,,300.65,0.0
T012426,0,0,,,0,,,189.61,0.0
T012427,0,0,,,0,,,93.05,0.0
T012428,0,0,,,0,,,155.28,0.0
T012429,0,0,,,0,,,234.78,0.0
T012430,0,0,,,0,,,245.91,0.0
T012431,0,0,,,0,,,142.53,0.0
T012432,0,0,,,0,,,111.5,0.0
T012433,0,0,,,0,,,783.04,0.0
T012434,0,0,,,0,,,206.35,0.0
T012435,0,0,,,0,,,163.47,0.0
T012436,0,0,,,0,,,280.19,0.0
T012437,0,0,,,0,,,495.39,0.0
T012438,0,0,,,0,,,242.05,0.0
T012439,0,0,,,0,,,182.07,0.0
T012440,0,0,,,0,,,198.17,0.0
T012441,0,0,,,0,,,242.89,0.0
T012442,0,0,,,0,,,194.46,0.0
T012443,0,0,,,0,,,162.12,0.0
T012444,0,0,,,0,,,259.63,0.0
T012445,0,0,,,0,,,258.41,0.0
T012446,0,0,,,0,,,197.61,0.0
T012447,0,0,,,0,,,663.4,0.0
T012448,0,0,,,0,,,210.98,0.0
T012449,0,0,,,0,,,276.16,0.0
T012450,0,0,,,0,,,166.0,0.0
T012451,0,0,,,0,,,170.79,0.0
T012452,0,0,,,0,,,208.31,0.0
T012453,0,0,,,0,,,301.66,0.0
T012454,0,0,,,0,,,155.46,0.0
T012455,0,0,,,0,,,394.39,0.0
T012456,0,0,,,0,,,183.51,0.0
T012457,0,0,,,0,,,175.32,0.0
T012458,0,0,,,0,,,381.41,0.0
T012459,0,0,,,0,,,191.21,0.0
T012460,0,0,,,0,,,349.08,0.0
T012461,0,0,,,0,,,305.64,0.0
T012462,0,0,,,0,,,259.67,0.0
T012463,0,0,,,0,,,312.82,0.0
T012464,0,0,,,0,,,311.25,0.0
T012465,0,0,,,0,,,429.5,0.0
T012466,0,0,,,0,,,305.88,0.0
T012467,0,0,,,0,,,566.36,0.0
T012468,0,0,,,0,,,413.94,0.0
T012469,0,0,,,0,,,367.63,0.0
T012470,0,0,,,0,,,162.47,0.0
T012471,0,0,,,0,,,209.62,0.0
T012472,0,0,,,0,,,116.6,0.0
T012473,0,0,,,0,,,547.39,0.0
T012474,0,0,,,0,,,117.55,0.0
T012475,0,0,,,0,,,114.72,0.0
T012476,0,0,,,0,,,273.93,0.0
T012477,0,0,,,0,,,341.25,0.0
T012478,0,0,,,0,,,299.63,0.0
T012479,0,0,,,0,,,291.53,0.0
T012480,0,0,,,0,,,270.46,0.0
T012481,0,0,,,0,,,410.27,0.0
T012482,1,0,,,0,,,0.0,1048.99
T012483,0,0,,,0,,,376.82,0.0
T012484,0,0,,,0,,,226.86,0.0
T012485,0,0,,,0,,,426.61,0.0
T012486,0,0,,,0,,,404.88,0.0
T012487,0,0,,,0,,,320.41,0.0
T012488,0,0,,,0,,,139.49,0.0
T012489,0,0,,,0,,,192.05,0.0
T012490,0,0,,,0,,,326.36,0.0
T012491,0,0,,,0,,,182.54,0.0
T012492,0,0,,,0,,,154.03,0.0
T012493,0,0,,,0,,,115.63,0.0
T012494,0,0,,,0,,,676.5,0.0
T012495,0,0,,,0,,,306.24,0.0
T012496,0,0,,,0,,,304.05,0.0
T012497,0,0,,,0,,,198.96,0.0
T012498,0,0,,,0,,,424.61,0.0
T012499,0,0,,,0,,,169.73,0.0
T012500,0,0,,,0,,,167.78,0.0
T012501,0,0,,,0,,,311.61,0.0
T012502,0,0,,,0,,,293.04,0.0
T012503,0,0,,,0,,,235.29,0.0
T012504,0,0,,,0,,,236.51,0.0
T012505,1,0,,,0,,,0.0,858.11
T012506,0,0,,,0,,,176.43,0.0
T012507,0,0,,,0,,,370.17,0.0
T012508,0,0,,,0,,,254.93,0.0
T012509,0,0,,,0,,,157.45,0.0
T012510,0,0,,,0,,,185.88,0.0
T012511,0,0,,,0,,,112.75,0.0
T012512,0,0,,,0,,,158.44,0.0
T012513,0,0,,,0,,,311.76,0.0
T012514,0,0,,,0,,,181.73,0.0
T012515,0,0,,,0,,,177.18,0.0
T012516,0,0,,,0,,,200.92,0.0
T012517,0,0,,,0,,,227.12,0.0
T012518,0,0,,,0,,,192.73,0.0
T012519,0,0,,,0,,,200.33,0.0
T012520,0,0,,,0,,,347.45,0.0
T012521,0,0,,,0,,,209.34,0.0
T012522,0,0,,,0,,,165.38,0.0
T012523,0,0,,,0,,,216.53,0.0
T012524,0,0,,,0,,,209.63,0.0
T012525,0,0,,,0,,,165.2,0.0
T012526,0,0,,,0,,,190.18,0.0
T012527,0,0,,,0,,,281.11,0.0
T012528,0,0,,,0,,,154.11,0.0
T012529,0,0,,,0,,,210.67,0.0
T012530,0,0,,,0,,,760.36,0.0
T012531,0,0,,,0,,,170.79,0.0
T012532,0,0,,,0,,,306.73,0.0
T012533,0,0,,,0,,,179.82,0.0
T012534,0,0,,,0,,,360.33,0.0
T012535,0,0,,,0,,,147.03,0.0
T012536,1,0,,,0,,,0.0,646.62
T012537,0,0,,,0,,,183.01,0.0
T012538,0,0,,,0,,,321.6,0.0
T012539,0,0,,,0,,,430.16,0.0
T012540,0,0,,,0,,,476.93,0.0
T012541,0,0,,,0,,,173.39,0.0
T012542,0,0,,,0,,,240.13,0.0
T012543,0,0,,,0,,,208.19,0.0
T012544,0,0,,,0,,,265.0,0.0
T012545,0,0,,,0,,,238.93,0.0
T012546,0,0,,,0,,,134.1,0.0
T012547,0,0,,,0,,,398.53,0.0
T012548,0,0,,,0,,,174.5,0.0
T012549,0,0,,,0,,,156.71,0.0
T012550,0,0,,,0,,,1746.08,0.0
T012551,0,0,,,0,,,360.67,0.0
T012552,0,0,,,0,,,359.84,0.0
T012553,0,0,,,0,,,185.02,0.0
T012554,0,0,,,0,,,246.03,0.0
T012555,0,0,,,0,,,220.17,0.0
T012556,0,0,,,0,,,369.29,0.0
T012557,0,0,,,0,,,222.57,0.0
T012558,0,0,,,0,,,222.16,0.0
T012559,0,0,,,0,,,175.27,0.0
T012560,0,0,,,0,,,295.55,0.0
T012561,0,0,,,0,,,284.25,0.0
T012562,0,0,,,0,,,158.76,0.0
T012563,0,0,,,0,,,297.4,0.0
T012564,0,0,,,0,,,169.27,0.0
T012565,0,0,,,0,,,586.94,0.0
T012566,0,0,,,0,,,263.3,0.0
T012567,0,0,,,0,,,195.54,0.0
T012568,0,0,,,0,,,222.47,0.0
T012569,0,0,,,0,,,255.65,0.0
T012570,0,0,,,0,,,169.74,0.0
T012571,0,0,,,0,,,271.19,0.0
T012572,0,0,,,0,,,248.48,0.0
T012573,0,0,,,0,,,184.14,0.0
T012574,0,0,,,0,,,339.71,0.0
T012575,0,0,,,0,,,173.63,0.0
T012576,0,0,,,0,,,240.16,0.0
T012577,1,0,,,0,,,0.0,400.97
T012578,0,0,,,0,,,257.47,0.0
T012579,0,0,,,0,,,219.38,0.0
T012580,0,0,,,0,,,182.89,0.0
T012581,0,0,,,0,,,407.12,0.0
T012582,0,0,,,0,,,255.1,0.0
T012583,0,0,,,0,,,258.82,0.0
T012584,0,0,,,0,,,224.42,0.0
T012585,0,0,,,0,,,213.91,0.0
T012586,0,0,,,0,,,307.06,0.0
T012587,0,0,,,0,,,204.95,0.0
T012588,0,0,,,0,,,167.59,0.0
T012589,0,0,,,0,,,217.99,0.0
T012590,0,0,,,0,,,113.02,0.0
T012591,0,0,,,0,,,412.03,0.0
T012592,0,0,,,0,,,187.17,0.0
T012593,0,0,,,0,,,158.48,0.0
T012594,0,0,,,0,,,539.33,0.0
T012595,0,0,,,0,,,219.72,0.0
T012596,0,0,,,0,,,1351.34,0.0
T012597,0,0,,,0,,,164.09,0.0
T012598,0,0,,,0,,,199.45,0.0
T012599,0,0,,,0,,,221.71,0.0
T012600,0,0,,,0,,,290.82,0.0
T012601,0,0,,,0,,,220.24,0.0
T012602,0,0,,,0,,,229.13,0.0
T012603,0,0,,,0,,,305.54,0.0
T012604,0,0,,,0,,,159.72,0.0
T012605,0,0,,,0,,,152.7,0.0
T012606,0,0,,,0,,,203.92,0.0
T012607,0,0,,,0,,,266.12,0.0
T012608,0,0,,,0,,,247.17,0.0
T012609,0,0,,,0,,,226.78,0.0
T012610,0,0,,,0,,,386.02,0.0
T012611,1,0,,,0,,,0.0,3344.16
T012612,0,0,,,0,,,168.47,0.0
T012613,0,0,,,0,,,157.44,0.0
T012614,0,0,,,0,,,339.41,0.0
T012615,0,0,,,0,,,103.62,0.0
T012616,0,0,,,0,,,509.04,0.0
T012617,1,0,,,0,,,0.0,1314.2
T012618,0,0,,,0,,,79.17,0.0
T012619,0,0,,,0,,,128.91,0.0
T012620,0,0,,,0,,,293.79,0.0
T012621,0,0,,,0,,,202.59,0.0
T012622,0,0,,,0,,,184.67,0.0
T012623,0,0,,,0,,,87.34,0.0
T012624,0,0,,,0,,,225.1,0.0
T012625,0,0,,,0,,,183.3,0.0
T012626,0,0,,,0,,,245.99,0.0
T012627,0,0,,,0,,,394.73,0.0
T012628,0,0,,,0,,,295.01,0.0
T012629,0,0,,,0,,,219.91,0.0
T012630,1,0,,,0,,,0.0,765.75
T012631,0,0,,,0,,,678.81,0.0
T012632,0,0,,,0,,,184.35,0.0
T012633,0,0,,,0,,,435.3,0.0
T012634,0,0,,,0,,,352.6,0.0
T012635,0,0,,,0,,,228.48,0.0
T012636,0,0,,,0,,,236.23,0.0
T012637,0,0,,,0,,,443.52,0.0
T012638,0,0,,,0,,,216.32,0.0
T012639,0,0,,,0,,,188.23,0.0
T012640,0,0,,,0,,,159.68,0.0
T012641,0,0,,,0,,,118.31,0.0
T012642,0,0,,,0,,,207.24,0.0
T012643,0,0,,,0,,,440.41,0.0
T012644,0,0,,,0,,,180.18,0.0
T012645,0,0,,,0,,,174.97,0.0
T012646,0,0,,,0,,,197.5,0.0
T012647,0,0,,,0,,,249.27,0.0
T012648,0,0,,,0,,,168.47,0.0
T012649,0,0,,,0,,,192.28,0.0
T012650,0,0,,,0,,,89.87,0.0
T012651,0,0,,,0,,,164.86,0.0
T012652,0,0,,,0,,,256.22,0.0
T012653,0,0,,,0,,,305.76,0.0
T012654,0,0,,,0,,,1152.39,0.0
T012655,0,0,,,0,,,110.85,0.0
T012656,0,0,,,0,,,219.82,0.0
T012657,0,0,,,0,,,156.11,0.0
T012658,0,0,,,0,,,204.82,0.0
T012659,0,0,,,0,,,266.66,0.0
T012660,0,0,,,0,,,263.95,0.0
T012661,0,0,,,0,,,96.48,0.0
T012662,0,0,,,0,,,74.7,0.0
T012663,0,0,,,0,,,133.7,0.0
T012664,0,0,,,0,,,216.4,0.0
T012665,0,0,,,0,,,184.43,0.0
T012666,0,0,,,0,,,145.24,0.0
T012667,0,0,,,0,,,479.2,0.0
T012668,0,0,,,0,,,329.99,0.0
T012669,0,0,,,0,,,242.31,0.0
T012670,0,0,,,0,,,135.94,0.0
T012671,0,0,,,0,,,189.0,0.0
T012672,0,0,,,0,,,169.88,0.0
T012673,0,0,,,0,,,157.63,0.0
T012674,0,0,,,0,,,183.62,0.0
T012675,1,0,,,0,,,0.0,11758.01
T012676,0,0,,,0,,,300.97,0.0
T012677,0,0,,,0,,,344.75,0.0
T012678,0,0,,,0,,,197.75,0.0
T012679,0,0,,,0,,,403.41,0.0
T012680,0,0,,,0,,,588.74,0.0
T012681,0,0,,,0,,,143.85,0.0
T012682,0,0,,,0,,,238.04,0.0
T012683,0,0,,,0,,,306.89,0.0
T012684,0,0,,,0,,,585.0,0.0
T012685,0,0,,,0,,,290.73,0.0
T012686,0,0,,,0,,,444.35,0.0
T012687,0,0,,,0,,,337.45,0.0
T012688,0,0,,,0,,,168.76,0.0
T012689,0,0,,,0,,,203.77,0.0
T012690,0,0,,,0,,,143.98,0.0
T012691,0,0,,,0,,,434.69,0.0
T012692,0,0,,,0,,,1070.74,0.0
T012693,0,0,,,0,,,219.59,0.0
T012694,0,0,,,0,,,130.77,0.0
T012695,0,0,,,0,,,172.28,0.0
T012696,0,0,,,0,,,211.32,0.0
T012697,0,0,,,0,,,486.41,0.0
T012698,0,0,,,0,,,319.91,0.0
T012699,0,0,,,0,,,168.48,0.0
T012700,0,0,,,0,,,255.38,0.0
T012701,0,0,,,0,,,427.74,0.0
T012702,0,0,,,0,,,270.37,0.0
T012703,0,0,,,0,,,375.66,0.0
T012704,0,0,,,0,,,178.56,0.0
T012705,0,0,,,0,,,608.71,0.0
T012706,0,0,,,0,,,156.59,0.0
T012707,0,0,,,0,,,151.98,0.0
T012708,0,0,,,0,,,352.18,0.0
T012709,0,0,,,0,,,214.48,0.0
T012710,0,0,,,0,,,210.18,0.0
T012711,0,0,,,0,,,154.93,0.0
T012712,0,0,,,0,,,156.67,0.0
T012713,0,0,,,0,,,274.09,0.0
T012714,0,0,,,0,,,189.37,0.0
T012715,0,0,,,0,,,215.64,0.0
T012716,0,0,,,0,,,239.2,0.0
T012717,0,0,,,0,,,151.75,0.0
T012718,0,0,,,0,,,186.23,0.0
T012719,0,0,,,0,,,136.1,0.0
T012720,0,0,,,0,,,307.07,0.0
T012721,0,0,,,0,,,165.25,0.0
T012722,0,0,,,0,,,289.26,0.0
T012723,0,0,,,0,,,640.79,0.0
T012724,0,0,,,0,,,79.41,0.0
T012725,0,0,,,0,,,1167.3,0.0
T012726,0,0,,,0,,,257.15,0.0
T012727,0,0,,,0,,,283.35,0.0
T012728,0,0,,,0,,,201.42,0.0
T012729,0,0,,,0,,,236.68,0.0
T012730,0,0,,,0,,,268.3,0.0
T012731,0,0,,,0,,,522.5,0.0
T012732,0,0,,,0,,,641.67,0.0
T012733,0,0,,,0,,,153.98,0.0
T012734,0,0,,,0,,,178.99,0.0
T012735,0,0,,,0,,,201.55,0.0
T012736,0,0,,,0,,,182.2,0.0
T012737,0,0,,,0,,,171.85,0.0
T012738,0,0,,,0,,,151.72,0.0
T012739,0,0,,,0,,,322.48,0.0
T012740,0,0,,,0,,,384.06,0.0
T012741,0,0,,,0,,,433.65,0.0
T012742,0,0,,,0,,,178.93,0.0
T012743,0,0,,,0,,,446.13,0.0
T012744,0,0,,,0,,,171.92,0.0
T012745,0,0,,,0,,,289.81,0.0
T012746,0,0,,,0,,,276.86,0.0
T012747,0,0,,,0,,,755.3,0.0
T012748,0,0,,,0,,,611.89,0.0
T012749,0,0,,,0,,,170.5,0.0
T012750,0,0,,,0,,,213.18,0.0
T012751,0,0,,,0,,,345.78,0.0
T012752,0,0,,,0,,,339.05,0.0
T012753,0,0,,,0,,,461.7,0.0
T012754,0,0,,,0,,,160.58,0.0
T012755,0,0,,,0,,,207.27,0.0
T012756,0,0,,,0,,,437.89,0.0
T012757,0,0,,,0,,,543.13,0.0
T012758,0,0,,,0,,,617.86,0.0
T012759,0,0,,,0,,,179.68,0.0
T012760,0,0,,,0,,,379.79,0.0
T012761,0,0,,,0,,,196.18,0.0
T012762,0,0,,,0,,,228.02,0.0
T012763,0,0,,,0,,,205.6,0.0
T012764,0,0,,,0,,,202.3,0.0
T012765,0,0,,,0,,,437.44,0.0
T012766,0,0,,,0,,,604.42,0.0
T012767,0,0,,,0,,,536.3,0.0
T012768,0,0,,,0,,,213.89,0.0
T012769,0,0,,,0,,,277.29,0.0
T012770,0,0,,,0,,,184.03,0.0
T012771,0,0,,,0,,,175.53,0.0
T012772,0,0,,,0,,,192.51,0.0
T012773,0,0,,,0,,,204.42,0.0
T012774,0,0,,,0,,,285.07,0.0
T012775,0,0,,,0,,,250.39,0.0
T012776,0,0,,,0,,,254.17,0.0
T012777,0,0,,,0,,,161.88,0.0
T012778,0,0,,,0,,,212.52,0.0
T012779,0,0,,,0,,,168.88,0.0
T012780,0,0,,,0,,,234.58,0.0
T012781,0,0,,,0,,,522.91,0.0
T012782,0,0,,,0,,,72.43,0.0
T012783,0,0,,,0,,,413.5,0.0
T012784,0,0,,,0,,,282.12,0.0
T012785,0,0,,,0,,,194.08,0.0
T012786,0,0,,,0,,,116.16,0.0
T012787,0,0,,,0,,,176.56,0.0
T012788,0,0,,,0,,,169.7,0.0
T012789,0,0,,,0,,,348.15,0.0
T012790,0,0,,,0,,,585.14,0.0
T012791,0,0,,,0,,,188.54,0.0
T012792,0,0,,,0,,,163.05,0.0
T012793,0,0,,,0,,,183.13,0.0
T012794,0,0,,,0,,,361.4,0.0
T012795,0,0,,,0,,,201.68,0.0
T012796,0,0,,,0,,,166.5,0.0
T012797,0,0,,,0,,,355.6,0.0
T012798,0,0,,,0,,,185.24,0.0
T012799,0,0,,,0,,,342.72,0.0
T012800,0,0,,,0,,,158.69,0.0
T012801,0,0,,,0,,,218.12,0.0
T012802,0,0,,,0,,,386.47,0.0
T012803,0,0,,,0,,,199.37,0.0
T012804,0,0,,,0,,,210.02,0.0
T012805,0,0,,,0,,,223.64,0.0
T012806,1,0,,,0,,,0.0,417.39
T012807,0,0,,,0,,,158.71,0.0
T012808,0,0,,,0,,,198.82,0.0
T012809,0,0,,,0,,,142.32,0.0
T012810,0,0,,,0,,,208.59,0.0
T012811,0,0,,,0,,,156.15,0.0
T012812,0,0,,,0,,,383.86,0.0
T012813,0,0,,,0,,,191.62,0.0
T012814,0,0,,,0,,,309.4,0.0
T012815,1,0,,,0,,,0.0,2123.05
T012816,0,0,,,0,,,401.41,0.0
T012817,0,0,,,0,,,176.87,0.0
T012818,0,0,,,0,,,140.17,0.0
T012819,0,0,,,0,,,168.66,0.0
T012820,0,0,,,0,,,337.51,0.0
T012821,0,0,,,0,,,145.95,0.0
T012822,0,0,,,0,,,303.91,0.0
T012823,0,0,,,0,,,258.65,0.0
T012824,0,0,,,0,,,192.4,0.0
T012825,0,0,,,0,,,153.29,0.0
T012826,0,0,,,0,,,122.73,0.0
T012827,0,0,,,0,,,442.55,0.0
T012828,0,0,,,0,,,467.53,0.0
T012829,0,0,,,0,,,363.63,0.0
T012830,0,0,,,0,,,230.79,0.0
T012831,0,0,,,0,,,230.76,0.0
T012832,0,0,,,0,,,490.51,0.0
T012833,0,0,,,0,,,1104.64,0.0
T012834,0,0,,,0,,,358.9,0.0
T012835,0,0,,,0,,,304.77,0.0
T012836,0,0,,,0,,,543.4,0.0
T012837,0,0,,,0,,,186.14,0.0
T012838,0,0,,,0,,,233.52,0.0
T012839,0,0,,,0,,,245.14,0.0
T012840,0,0,,,0,,,182.04,0.0
T012841,0,0,,,0,,,194.16,0.0
T012842,0,0,,,0,,,315.56,0.0
T012843,0,0,,,0,,,118.17,0.0
T012844,0,0,,,0,,,144.82,0.0
T012845,0,0,,,0,,,133.75,0.0
T012846,0,0,,,0,,,289.57,0.0
T012847,0,0,,,0,,,560.0,0.0
T012848,0,0,,,0,,,299.73,0.0
T012849,0,0,,,0,,,628.53,0.0
T012850,0,0,,,0,,,317.48,0.0
T012851,0,0,,,0,,,176.02,0.0
T012852,0,0,,,0,,,174.9,0.0
T012853,0,0,,,0,,,151.77,0.0
T012854,0,0,,,0,,,171.38,0.0
T012855,0,0,,,0,,,168.8,0.0
T012856,0,0,,,0,,,277.07,0.0
T012857,0,0,,,0,,,216.51,0.0
T012858,0,0,,,0,,,170.92,0.0
T012859,0,0,,,0,,,162.5,0.0
T012860,0,0,,,0,,,1051.46,0.0
T012861,0,0,,,0,,,510.84,0.0
T012862,0,0,,,0,,,286.59,0.0
T012863,0,0,,,0,,,151.97,0.0
T012864,0,0,,,0,,,186.3,0.0
T012865,0,0,,,0,,,225.05,0.0
T012866,0,0,,,0,,,264.3,0.0
T012867,0,0,,,0,,,288.32,0.0
T012868,0,0,,,0,,,162.26,0.0
T012869,0,0,,,0,,,200.47,0.0
T012870,0,0,,,0,,,204.27,0.0
T012871,0,0,,,0,,,540.37,0.0
T012872,0,0,,,0,,,293.72,0.0
T012873,0,0,,,0,,,155.76,0.0
T012874,0,0,,,0,,,115.75,0.0
T012875,0,0,,,0,,,170.11,0.0
T012876,0,0,,,0,,,225.98,0.0
T012877,0,0,,,0,,,119.74,0.0
T012878,0,0,,,0,,,247.25,0.0
T012879,0,0,,,0,,,222.59,0.0
T012880,0,0,,,0,,,174.11,0.0
T012881,1,0,,,0,,,0.0,1690.6
T012882,0,0,,,0,,,111.37,0.0
T012883,0,0,,,0,,,164.32,0.0
T012884,0,0,,,0,,,316.53,0.0
T012885,0,0,,,0,,,255.08,0.0
T012886,0,0,,,0,,,190.97,0.0
T012887,0,0,,,0,,,281.14,0.0
T012888,0,0,,,0,,,159.75,0.0
T012889,0,0,,,0,,,128.05,0.0
T012890,0,0,,,0,,,213.01,0.0
T012891,0,0,,,0,,,148.47,0.0
T012892,0,0,,,0,,,203.75,0.0
T012893,0,0,,,0,,,391.5,0.0
T012894,0,0,,,0,,,196.24,0.0
T012895,0,0,,,0,,,265.35,0.0
T012896,0,0,,,0,,,180.52,0.0
T012897,0,0,,,0,,,250.8,0.0
T012898,0,0,,,0,,,422.49,0.0
T012899,0,0,,,0,,,131.23,0.0
T012900,0,0,,,0,,,164.4,0.0
T012901,0,0,,,0,,,170.57,0.0
T012902,0,0,,,0,,,426.97,0.0
T012903,0,0,,,0,,,206.48,0.0
T012904,0,0,,,0,,,292.86,0.0
T012905,0,0,,,0,,,177.79,0.0
T012906,0,0,,,0,,,152.64,0.0
T012907,0,0,,,0,,,559.0,0.0
T012908,0,0,,,0,,,359.02,0.0
T012909,0,0,,,0,,,321.1,0.0
T012910,0,0,,,0,,,140.12,0.0
T012911,0,0,,,0,,,184.83,0.0
T012912,0,0,,,0,,,162.01,0.0
T012913,0,0,,,0,,,260.39,0.0
T012914,0,0,,,0,,,205.51,0.0
T012915,0,0,,,0,,,169.32,0.0
T012916,0,0,,,0,,,313.01,0.0
T012917,0,0,,,0,,,340.06,0.0
T012918,0,0,,,0,,,91.87,0.0
T012919,0,0,,,0,,,171.83,0.0
T012920,0,0,,,0,,,333.34,0.0
T012921,0,0,,,0,,,206.52,0.0
T012922,0,0,,,0,,,183.66,0.0
T012923,0,0,,,0,,,189.67,0.0
T012924,0,0,,,0,,,107.85,0.0
T012925,0,0,,,0,,,319.66,0.0
T012926,0,0,,,0,,,330.38,0.0
T012927,0,0,,,0,,,191.31,0.0
T012928,0,0,,,0,,,158.74,0.0
T012929,0,0,,,0,,,140.16,0.0
T012930,0,0,,,0,,,123.98,0.0
T012931,0,0,,,0,,,172.47,0.0
T012932,0,0,,,0,,,151.93,0.0
T012933,0,0,,,0,,,172.94,0.0
T012934,0,0,,,0,,,376.27,0.0
T012935,0,0,,,0,,,172.18,0.0
T012936,0,0,,,0,,,189.88,0.0
T012937,0,0,,,0,,,153.6,0.0
T012938,0,0,,,0,,,175.9,0.0
T012939,0,0,,,0,,,423.34,0.0
T012940,0,0,,,0,,,217.9,0.0
T012941,0,0,,,0,,,332.48,0.0
T012942,0,0,,,0,,,175.49,0.0
T012943,0,0,,,0,,,293.33,0.0
T012944,0,0,,,0,,,512.34,0.0
T012945,0,0,,,0,,,265.38,0.0
T012946,0,0,,,0,,,151.4,0.0
T012947,0,0,,,0,,,211.69,0.0
T012948,0,0,,,0,,,571.77,0.0
T012949,0,0,,,0,,,267.78,0.0
T012950,0,0,,,0,,,248.21,0.0
T012951,0,0,,,0,,,187.32,0.0
T012952,0,0,,,0,,,288.91,0.0
T012953,0,0,,,0,,,477.81,0.0
T012954,0,0,,,0,,,861.39,0.0
T012955,0,0,,,0,,,331.41,0.0
T012956,0,0,,,0,,,154.89,0.0
T012957,0,0,,,0,,,156.07,0.0
T012958,0,0,,,0,,,221.14,0.0
T012959,0,0,,,0,,,206.11,0.0
T012960,0,0,,,0,,,253.54,0.0
T012961,0,0,,,0,,,239.23,0.0
T012962,0,0,,,0,,,195.76,0.0
T012963,0,0,,,0,,,195.56,0.0
T012964,0,0,,,0,,,202.53,0.0
T012965,0,0,,,0,,,685.08,0.0
T012966,0,0,,,0,,,207.07,0.0
T012967,0,0,,,0,,,244.22,0.0
T012968,0,0,,,0,,,210.58,0.0
T012969,0,0,,,0,,,187.52,0.0
T012970,0,0,,,0,,,193.95,0.0
T012971,0,0,,,0,,,244.3,0.0
T012972,0,0,,,0,,,183.85,0.0
T012973,0,0,,,0,,,209.8,0.0
T012974,0,0,,,0,,,214.66,0.0
T012975,0,0,,,0,,,166.59,0.0
T012976,0,0,,,0,,,303.98,0.0
T012977,0,0,,,0,,,231.92,0.0
T012978,0,0,,,0,,,393.24,0.0
T012979,0,0,,,0,,,227.0,0.0
T012980,0,0,,,0,,,188.23,0.0
T012981,0,0,,,0,,,199.73,0.0
T012982,0,0,,,0,,,182.58,0.0
T012983,0,0,,,0,,,160.49,0.0
T012984,0,0,,,0,,,457.23,0.0
T012985,0,0,,,0,,,162.0,0.0
T012986,0,0,,,0,,,166.42,0.0
T012987,0,0,,,0,,,173.07,0.0
T012988,0,0,,,0,,,1233.5,0.0
T012989,0,0,,,0,,,224.91,0.0
T012990,0,0,,,0,,,155.41,0.0
T012991,0,0,,,0,,,175.79,0.0
T012992,0,0,,,0,,,940.05,0.0
T012993,0,0,,,0,,,240.37,0.0
T012994,0,0,,,0,,,324.51,0.0
T012995,0,0,,,0,,,358.68,0.0
T012996,0,0,,,0,,,289.69,0.0
T012997,0,0,,,0,,,184.73,0.0
T012998,0,0,,,0,,,723.38,0.0
T012999,0,0,,,0,,,329.0,0.0
T013000,0,0,,,0,,,269.56,0.0
T013001,0,0,,,0,,,227.51,0.0
T013002,0,0,,,0,,,251.05,0.0
T013003,0,0,,,0,,,199.77,0.0
T013004,0,0,,,0,,,119.48,0.0
T013005,0,0,,,0,,,1015.69,0.0
T013006,1,0,,,0,,,0.0,4999.1
T013007,0,0,,,0,,,169.15,0.0
T013008,0,0,,,0,,,284.74,0.0
T013009,0,0,,,0,,,1761.98,0.0
T013010,0,0,,,0,,,381.8,0.0
T013011,0,0,,,0,,,155.09,0.0
T013012,0,0,,,0,,,255.81,0.0
T013013,0,0,,,0,,,179.65,0.0
T013014,0,0,,,0,,,179.45,0.0
T013015,0,0,,,0,,,271.31,0.0
T013016,0,0,,,0,,,352.81,0.0
T013017,0,0,,,0,,,185.85,0.0
T013018,0,0,,,0,,,287.96,0.0
T013019,0,0,,,0,,,255.16,0.0
T013020,0,0,,,0,,,442.77,0.0
T013021,0,0,,,0,,,164.85,0.0
T013022,0,0,,,0,,,580.67,0.0
T013023,0,0,,,0,,,373.25,0.0
T013024,0,0,,,0,,,273.85,0.0
T013025,0,0,,,0,,,401.68,0.0
T013026,0,0,,,0,,,478.61,0.0
T013027,0,0,,,0,,,603.37,0.0
T013028,0,0,,,0,,,170.2,0.0
T013029,0,0,,,0,,,221.72,0.0
T013030,0,0,,,0,,,416.26,0.0
T013031,0,0,,,0,,,316.28,0.0
T013032,0,0,,,0,,,212.84,0.0
T013033,0,0,,,0,,,64.14,0.0
T013034,0,0,,,0,,,314.41,0.0
T013035,0,0,,,0,,,162.84,0.0
T013036,0,0,,,0,,,278.45,0.0
T013037,0,0,,,0,,,178.21,0.0
T013038,1,0,,,0,,,0.0,488.67
T013039,0,0,,,0,,,164.23,0.0
T013040,0,0,,,0,,,257.21,0.0
T013041,0,0,,,0,,,172.56,0.0
T013042,0,0,,,0,,,432.53,0.0
T013043,0,0,,,0,,,233.89,0.0
T013044,0,0,,,0,,,215.37,0.0
T013045,0,0,,,0,,,152.31,0.0
T013046,0,0,,,0,,,225.75,0.0
T013047,0,0,,,0,,,172.38,0.0
T013048,0,0,,,0,,,197.12,0.0
T013049,0,0,,,0,,,126.61,0.0
T013050,0,0,,,0,,,712.62,0.0
T013051,0,0,,,0,,,441.71,0.0
T013052,0,0,,,0,,,317.48,0.0
T013053,0,0,,,0,,,148.81,0.0
T013054,0,0,,,0,,,211.36,0.0
T013055,0,0,,,0,,,186.54,0.0
T013056,0,0,,,0,,,406.3,0.0
T013057,0,0,,,0,,,250.99,0.0
T013058,0,0,,,0,,,729.57,0.0
T013059,0,0,,,0,,,422.9,0.0
T013060,0,0,,,0,,,420.7,0.0
T013061,0,0,,,0,,,272.39,0.0
T013062,0,0,,,0,,,414.34,0.0
T013063,0,0,,,0,,,387.58,0.0
T013064,0,0,,,0,,,177.56,0.0
T013065,0,0,,,0,,,327.27,0.0
T013066,0,0,,,0,,,163.46,0.0
T013067,0,0,,,0,,,667.51,0.0
T013068,0,0,,,0,,,109.57,0.0
T013069,0,0,,,0,,,248.42,0.0
T013070,0,0,,,0,,,425.23,0.0
T013071,0,0,,,0,,,167.47,0.0
T013072,0,0,,,0,,,244.85,0.0
T013073,0,0,,,0,,,198.35,0.0
T013074,0,0,,,0,,,234.31,0.0
T013075,0,0,,,0,,,229.97,0.0
T013076,0,0,,,0,,,176.53,0.0
T013077,0,0,,,0,,,313.85,0.0
T013078,0,0,,,0,,,309.05,0.0
T013079,0,0,,,0,,,176.8,0.0
T013080,0,0,,,0,,,316.98,0.0
T013081,0,0,,,0,,,507.77,0.0
T013082,0,0,,,0,,,166.0,0.0
T013083,0,0,,,0,,,2140.6,0.0
T013084,0,0,,,0,,,180.23,0.0
T013085,0,0,,,0,,,160.36,0.0
T013086,0,0,,,0,,,251.27,0.0
T013087,0,0,,,0,,,232.27,0.0
T013088,0,0,,,0,,,158.38,0.0
T013089,0,0,,,0,,,175.54,0.0
T013090,0,0,,,0,,,157.39,0.0
T013091,0,0,,,0,,,689.25,0.0
T013092,0,0,,,0,,,229.91,0.0
T013093,0,0,,,0,,,213.27,0.0
T013094,0,0,,,0,,,196.71,0.0
T013095,0,0,,,0,,,286.32,0.0
T013096,0,0,,,0,,,211.82,0.0
T013097,0,0,,,0,,,209.17,0.0
T013098,0,0,,,0,,,156.06,0.0
T013099,0,0,,,0,,,318.74,0.0
T013100,0,0,,,0,,,151.72,0.0
T013101,0,0,,,0,,,106.31,0.0
T013102,0,0,,,0,,,189.33,0.0
T013103,1,0,,,0,,,0.0,4079.03
T013104,0,0,,,0,,,175.78,0.0
T013105,0,0,,,0,,,168.57,0.0
T013106,0,0,,,0,,,237.65,0.0
T013107,0,0,,,0,,,331.09,0.0
T013108,0,0,,,0,,,119.81,0.0
T013109,0,0,,,0,,,187.13,0.0
T013110,0,0,,,0,,,320.23,0.0
T013111,0,0,,,0,,,208.9,0.0
T013112,0,0,,,0,,,430.67,0.0
T013113,0,0,,,0,,,435.63,0.0
T013114,0,0,,,0,,,142.22,0.0
T013115,0,0,,,0,,,311.43,0.0
T013116,0,0,,,0,,,123.05,0.0
T013117,0,0,,,0,,,279.98,0.0
T013118,0,0,,,0,,,201.17,0.0
T013119,0,0,,,0,,,202.22,0.0
T013120,0,0,,,0,,,285.26,0.0
T013121,0,0,,,0,,,389.39,0.0
T013122,0,0,,,0,,,196.69,0.0
T013123,0,0,,,0,,,172.44,0.0
T013124,0,0,,,0,,,248.93,0.0
T013125,0,0,,,0,,,204.78,0.0
T013126,0,0,,,0,,,167.37,0.0
T013127,0,0,,,0,,,241.96,0.0
T013128,0,0,,,0,,,200.46,0.0
T013129,0,0,,,0,,,192.47,0.0
T013130,0,0,,,0,,,198.32,0.0
T013131,0,0,,,0,,,227.35,0.0
T013132,0,0,,,0,,,171.38,0.0
T013133,0,0,,,0,,,454.3,0.0
T013134,0,0,,,0,,,203.57,0.0
T013135,0,0,,,0,,,107.36,0.0
T013136,0,0,,,0,,,139.9,0.0
T013137,0,0,,,0,,,188.22,0.0
T013138,0,0,,,0,,,201.62,0.0
T013139,0,0,,,0,,,179.58,0.0
T013140,0,0,,,0,,,321.67,0.0
T013141,0,0,,,0,,,310.24,0.0
T013142,0,0,,,0,,,253.01,0.0
T013143,0,0,,,0,,,279.64,0.0
T013144,0,0,,,0,,,207.6,0.0
T013145,0,0,,,0,,,182.51,0.0
T013146,0,0,,,0,,,231.16,0.0
T013147,0,0,,,0,,,212.24,0.0
T013148,0,0,,,0,,,435.49,0.0
T013149,0,0,,,0,,,612.26,0.0
T013150,0,0,,,0,,,223.85,0.0
T013151,0,0,,,0,,,332.99,0.0
T013152,0,0,,,0,,,192.49,0.0
T013153,0,0,,,0,,,245.22,0.0
T013154,0,0,,,0,,,165.78,0.0
T013155,0,0,,,0,,,169.97,0.0
T013156,0,0,,,0,,,68.1,0.0
T013157,0,0,,,0,,,170.22,0.0
T013158,0,0,,,0,,,167.17,0.0
T013159,0,0,,,0,,,229.12,0.0
T013160,0,0,,,0,,,195.86,0.0
T013161,0,0,,,0,,,288.03,0.0
T013162,0,0,,,0,,,220.25,0.0
T013163,0,0,,,0,,,341.51,0.0
T013164,0,0,,,0,,,333.5,0.0
T013165,0,0,,,0,,,208.0,0.0
T013166,0,0,,,0,,,204.16,0.0
T013167,0,0,,,0,,,318.24,0.0
T013168,0,0,,,0,,,220.96,0.0
T013169,0,0,,,0,,,262.36,0.0
T013170,0,0,,,0,,,508.74,0.0
T013171,0,0,,,0,,,307.7,0.0
T013172,0,0,,,0,,,381.79,0.0
T013173,0,0,,,0,,,311.21,0.0
T013174,0,0,,,0,,,1201.7,0.0
T013175,0,0,,,0,,,1657.45,0.0
T013176,0,0,,,0,,,83.33,0.0
T013177,0,0,,,0,,,183.07,0.0
T013178,0,0,,,0,,,176.69,0.0
T013179,0,0,,,0,,,357.59,0.0
T013180,0,0,,,0,,,158.62,0.0
T013181,0,0,,,0,,,287.32,0.0
T013182,0,0,,,0,,,182.59,0.0
T013183,0,0,,,0,,,315.6,0.0
T013184,0,0,,,0,,,212.25,0.0
T013185,0,0,,,0,,,199.62,0.0
T013186,0,0,,,0,,,357.45,0.0
T013187,0,0,,,0,,,367.15,0.0
T013188,0,0,,,0,,,176.09,0.0
T013189,0,0,,,0,,,150.94,0.0
T013190,0,0,,,0,,,573.44,0.0
T013191,0,0,,,0,,,129.78,0.0
T013192,0,0,,,0,,,156.59,0.0
T013193,0,0,,,0,,,201.79,0.0
T013194,0,0,,,0,,,1042.54,0.0
T013195,0,0,,,0,,,125.97,0.0
T013196,0,0,,,0,,,217.99,0.0
T013197,0,0,,,0,,,168.71,0.0
T013198,0,0,,,0,,,298.52,0.0
T013199,0,0,,,0,,,207.03,0.0
T013200,0,0,,,0,,,175.37,0.0
T013201,0,0,,,0,,,204.7,0.0
T013202,0,0,,,0,,,164.21,0.0
T013203,0,0,,,0,,,171.51,0.0
T013204,0,0,,,0,,,189.1,0.0
T013205,0,0,,,0,,,228.25,0.0
T013206,0,0,,,0,,,179.1,0.0
T013207,0,0,,,0,,,157.73,0.0
T013208,0,0,,,0,,,217.82,0.0
T013209,0,0,,,0,,,646.48,0.0
T013210,0,0,,,0,,,171.48,0.0
T013211,0,0,,,0,,,283.48,0.0
T013212,0,0,,,0,,,196.46,0.0
T013213,0,0,,,0,,,189.94,0.0
T013214,0,0,,,0,,,472.98,0.0
T013215,0,0,,,0,,,432.83,0.0
T013216,0,0,,,0,,,254.39,0.0
T013217,0,0,,,0,,,189.46,0.0
T013218,0,0,,,0,,,175.23,0.0
T013219,0,0,,,0,,,183.75,0.0
T013220,0,0,,,0,,,252.5,0.0
T013221,0,0,,,0,,,187.27,0.0
T013222,0,0,,,0,,,169.15,0.0
T013223,0,0,,,0,,,312.92,0.0
T013224,0,0,,,0,,,146.47,0.0
T013225,0,0,,,0,,,355.44,0.0
T013226,0,0,,,0,,,108.36,0.0
T013227,0,0,,,0,,,191.59,0.0
T013228,0,0,,,0,,,158.98,0.0
T013229,0,0,,,0,,,170.34,0.0
T013230,0,0,,,0,,,267.56,0.0
T013231,0,0,,,0,,,221.09,0.0
T013232,0,0,,,0,,,227.26,0.0
T013233,0,0,,,0,,,178.66,0.0
T013234,0,0,,,0,,,186.56,0.0
T013235,0,0,,,0,,,174.84,0.0
T013236,0,0,,,0,,,212.0,0.0
T013237,0,0,,,0,,,293.1,0.0
T013238,0,0,,,0,,,183.7,0.0
T013239,0,0,,,0,,,151.69,0.0
T013240,0,0,,,0,,,239.58,0.0
T013241,0,0,,,0,,,265.73,0.0
T013242,0,0,,,0,,,183.45,0.0
T013243,0,0,,,0,,,179.71,0.0
T013244,0,0,,,0,,,280.99,0.0
T013245,0,0,,,0,,,163.33,0.0
T013246,0,0,,,0,,,403.98,0.0
T013247,0,0,,,0,,,139.1,0.0
T013248,0,0,,,0,,,1364.51,0.0
T013249,0,0,,,0,,,226.73,0.0
T013250,0,0,,,0,,,115.61,0.0
T013251,0,0,,,0,,,120.41,0.0
T013252,0,0,,,0,,,313.45,0.0
T013253,0,0,,,0,,,262.45,0.0
T013254,0,0,,,0,,,229.1,0.0
T013255,0,0,,,0,,,137.97,0.0
T013256,0,0,,,0,,,153.49,0.0
T013257,0,0,,,0,,,265.74,0.0
T013258,0,0,,,0,,,150.32,0.0
T013259,0,0,,,0,,,69.9,0.0
T013260,0,0,,,0,,,192.98,0.0
T013261,0,0,,,0,,,289.17,0.0
T013262,0,0,,,0,,,388.26,0.0
T013263,1,0,,,0,,,0.0,3175.99
T013264,0,0,,,0,,,354.98,0.0
T013265,0,0,,,0,,,197.72,0.0
T013266,0,0,,,0,,,190.48,0.0
T013267,0,0,,,0,,,207.36,0.0
T013268,0,0,,,0,,,182.1,0.0
T013269,0,0,,,0,,,480.77,0.0
T013270,0,0,,,0,,,227.23,0.0
T013271,0,0,,,0,,,209.44,0.0
T013272,0,0,,,0,,,408.52,0.0
T013273,0,0,,,0,,,287.44,0.0
T013274,0,0,,,0,,,185.69,0.0
T013275,0,0,,,0,,,457.59,0.0
T013276,0,0,,,0,,,117.88,0.0
T013277,0,0,,,0,,,317.91,0.0
T013278,0,0,,,0,,,242.79,0.0
T013279,0,0,,,0,,,247.44,0.0
T013280,0,0,,,0,,,213.4,0.0
T013281,0,0,,,0,,,288.98,0.0
T013282,0,0,,,0,,,701.79,0.0
T013283,0,0,,,0,,,391.55,0.0
T013284,0,0,,,0,,,307.3,0.0
T013285,0,0,,,0,,,257.34,0.0
T013286,0,0,,,0,,,232.33,0.0
T013287,0,0,,,0,,,640.8,0.0
T013288,0,0,,,0,,,308.96,0.0
T013289,0,0,,,0,,,142.95,0.0
T013290,0,0,,,0,,,139.15,0.0
T013291,0,0,,,0,,,263.43,0.0
T013292,0,0,,,0,,,408.99,0.0
T013293,0,0,,,0,,,290.13,0.0
T013294,0,0,,,0,,,422.06,0.0
T013295,0,0,,,0,,,232.83,0.0
T013296,0,0,,,0,,,243.06,0.0
T013297,0,0,,,0,,,202.2,0.0
T013298,0,0,,,0,,,693.15,0.0
T013299,0,0,,,0,,,167.13,0.0
T013300,0,0,,,0,,,286.9,0.0
T013301,0,0,,,0,,,153.02,0.0
T013302,0,0,,,0,,,503.29,0.0
T013303,0,0,,,0,,,163.31,0.0
T013304,0,0,,,0,,,241.38,0.0
T013305,0,0,,,0,,,151.2,0.0
T013306,0,0,,,0,,,232.41,0.0
T013307,0,0,,,0,,,189.19,0.0
T013308,0,0,,,0,,,235.36,0.0
T013309,0,0,,,0,,,766.82,0.0
T013310,0,0,,,0,,,175.8,0.0
T013311,0,0,,,0,,,157.97,0.0
T013312,0,0,,,0,,,278.97,0.0
T013313,0,0,,,0,,,157.89,0.0
T013314,0,0,,,0,,,244.35,0.0
T013315,0,0,,,0,,,146.7,0.0
T013316,0,0,,,0,,,266.87,0.0
T013317,0,0,,,0,,,360.36,0.0
T013318,0,0,,,0,,,132.24,0.0
T013319,0,0,,,0,,,187.3,0.0
T013320,0,0,,,0,,,178.53,0.0
T013321,0,0,,,0,,,159.79,0.0
T013322,0,0,,,0,,,164.14,0.0
T013323,0,0,,,0,,,475.04,0.0
T013324,1,0,,,0,,,0.0,808.1
T013325,0,0,,,0,,,254.25,0.0
T013326,0,0,,,0,,,381.69,0.0
T013327,0,0,,,0,,,140.85,0.0
T013328,0,0,,,0,,,205.04,0.0
T013329,0,0,,,0,,,78.13,0.0
T013330,0,0,,,0,,,174.94,0.0
T013331,0,0,,,0,,,611.58,0.0
T013332,0,0,,,0,,,191.9,0.0
T013333,0,0,,,0,,,332.8,0.0
T013334,0,0,,,0,,,182.68,0.0
T013335,0,0,,,0,,,244.17,0.0
T013336,0,0,,,0,,,238.86,0.0
T013337,0,0,,,0,,,93.05,0.0
T013338,0,0,,,0,,,261.17,0.0
T013339,1,0,,,0,,,0.0,3038.76
T013340,0,0,,,0,,,203.61,0.0
T013341,0,0,,,0,,,511.46,0.0
T013342,0,0,,,0,,,191.09,0.0
T013343,0,0,,,0,,,975.31,0.0
T013344,0,0,,,0,,,158.94,0.0
T013345,0,0,,,0,,,160.46,0.0
T013346,0,0,,,0,,,239.3,0.0
T013347,0,0,,,0,,,171.48,0.0
T013348,0,0,,,0,,,175.95,0.0
T013349,0,0,,,0,,,167.14,0.0
T013350,0,0,,,0,,,178.31,0.0
T013351,0,0,,,0,,,172.05,0.0
T013352,0,0,,,0,,,189.82,0.0
T013353,0,0,,,0,,,166.89,0.0
T013354,0,0,,,0,,,504.4,0.0
T013355,0,0,,,0,,,325.0,0.0
T013356,0,0,,,0,,,108.07,0.0
T013357,0,0,,,0,,,391.97,0.0
T013358,0,0,,,0,,,165.71,0.0
T013359,0,0,,,0,,,133.34,0.0
T013360,0,0,,,0,,,285.67,0.0
T013361,0,0,,,0,,,247.14,0.0
T013362,0,0,,,0,,,331.35,0.0
T013363,0,0,,,0,,,208.2,0.0
T013364,0,0,,,0,,,186.97,0.0
T013365,0,0,,,0,,,279.41,0.0
T013366,0,0,,,0,,,250.89,0.0
T013367,0,0,,,0,,,474.73,0.0
T013368,0,0,,,0,,,425.82,0.0
T013369,0,0,,,0,,,266.2,0.0
T013370,0,0,,,0,,,691.1,0.0
T013371,0,0,,,0,,,202.86,0.0
T013372,0,0,,,0,,,543.16,0.0
T013373,0,0,,,0,,,169.62,0.0
T013374,0,0,,,0,,,207.28,0.0
T013375,0,0,,,0,,,483.92,0.0
T013376,0,0,,,0,,,610.39,0.0
T013377,0,0,,,0,,,241.38,0.0
T013378,0,0,,,0,,,326.59,0.0
T013379,0,0,,,0,,,185.28,0.0
T013380,0,0,,,0,,,198.66,0.0
T013381,0,0,,,0,,,157.46,0.0
T013382,0,0,,,0,,,300.73,0.0
T013383,0,0,,,0,,,1091.31,0.0
T013384,0,0,,,0,,,184.7,0.0
T013385,0,0,,,0,,,84.11,0.0
T013386,0,0,,,0,,,290.04,0.0
T013387,0,0,,,0,,,1292.2,0.0
T013388,1,0,,,0,,,0.0,4627.61
T013389,0,0,,,0,,,184.87,0.0
T013390,0,0,,,0,,,224.34,0.0
T013391,0,0,,,0,,,162.82,0.0
T013392,0,0,,,0,,,220.93,0.0
T013393,0,0,,,0,,,284.7,0.0
T013394,0,0,,,0,,,227.91,0.0
T013395,0,0,,,0,,,213.37,0.0
T013396,0,0,,,0,,,215.7,0.0
T013397,0,0,,,0,,,278.88,0.0
T013398,0,0,,,0,,,227.18,0.0
T013399,0,0,,,0,,,402.99,0.0
T013400,0,0,,,0,,,518.64,0.0
T013401,0,0,,,0,,,177.36,0.0
T013402,0,0,,,0,,,182.67,0.0
T013403,0,0,,,0,,,697.89,0.0
T013404,0,0,,,0,,,119.99,0.0
T013405,0,0,,,0,,,504.11,0.0
T013406,0,0,,,0,,,243.11,0.0
T013407,0,0,,,0,,,164.54,0.0
T013408,0,0,,,0,,,167.62,0.0
T013409,0,0,,,0,,,327.16,0.0
T013410,0,0,,,0,,,277.32,0.0
T013411,0,0,,,0,,,181.03,0.0
T013412,0,0,,,0,,,394.6,0.0
T013413,0,0,,,0,,,313.97,0.0
T013414,0,0,,,0,,,665.81,0.0
T013415,0,0,,,0,,,151.95,0.0
T013416,0,0,,,0,,,390.72,0.0
T013417,0,0,,,0,,,121.43,0.0
T013418,0,0,,,0,,,220.91,0.0
T013419,0,0,,,0,,,160.13,0.0
T013420,0,0,,,0,,,163.44,0.0
T013421,0,0,,,0,,,207.81,0.0
T013422,0,0,,,0,,,183.48,0.0
T013423,0,0,,,0,,,571.86,0.0
T013424,0,0,,,0,,,241.09,0.0
T013425,0,0,,,0,,,255.11,0.0
T013426,0,0,,,0,,,208.09,0.0
T013427,0,0,,,0,,,235.61,0.0
T013428,0,0,,,0,,,157.82,0.0
T013429,0,0,,,0,,,370.74,0.0
T013430,0,0,,,0,,,409.15,0.0
T013431,0,0,,,0,,,290.78,0.0
T013432,0,0,,,0,,,351.72,0.0
T013433,0,0,,,0,,,450.08,0.0
T013434,0,0,,,0,,,424.01,0.0
T013435,0,0,,,0,,,236.22,0.0
T013436,0,0,,,0,,,188.67,0.0
T013437,0,0,,,0,,,157.45,0.0
T013438,0,0,,,0,,,190.9,0.0
T013439,0,0,,,0,,,346.46,0.0
T013440,0,0,,,0,,,502.62,0.0
T013441,0,0,,,0,,,156.2,0.0
T013442,0,0,,,0,,,341.28,0.0
T013443,0,0,,,0,,,310.85,0.0
T013444,0,0,,,0,,,445.66,0.0
T013445,0,0,,,0,,,281.95,0.0
T013446,0,0,,,0,,,170.54,0.0
T013447,0,0,,,0,,,157.85,0.0
T013448,0,0,,,0,,,337.09,0.0
T013449,0,0,,,0,,,207.35,0.0
T013450,0,0,,,0,,,208.08,0.0
T013451,0,0,,,0,,,299.78,0.0
T013452,0,0,,,0,,,168.37,0.0
T013453,0,0,,,0,,,910.21,0.0
T013454,0,0,,,0,,,312.14,0.0
T013455,0,0,,,0,,,193.71,0.0
T013456,0,0,,,0,,,230.04,0.0
T013457,0,0,,,0,,,519.58,0.0
T013458,0,0,,,0,,,143.18,0.0
T013459,0,0,,,0,,,306.77,0.0
T013460,0,0,,,0,,,142.12,0.0
T013461,0,0,,,0,,,595.49,0.0
T013462,0,0,,,0,,,212.16,0.0
T013463,0,0,,,0,,,205.85,0.0
T013464,0,0,,,0,,,170.88,0.0
T013465,0,0,,,0,,,280.96,0.0
T013466,0,0,,,0,,,278.06,0.0
T013467,0,0,,,0,,,389.93,0.0
T013468,0,0,,,0,,,257.01,0.0
T013469,0,0,,,0,,,185.16,0.0
T013470,0,0,,,0,,,180.63,0.0
T013471,0,0,,,0,,,215.14,0.0
T013472,0,0,,,0,,,241.67,0.0
T013473,0,0,,,0,,,172.27,0.0
T013474,0,0,,,0,,,204.81,0.0
T013475,0,0,,,0,,,307.59,0.0
T013476,0,0,,,0,,,294.63,0.0
T013477,0,0,,,0,,,224.74,0.0
T013478,0,0,,,0,,,520.79,0.0
T013479,0,0,,,0,,,190.9,0.0
T013480,0,0,,,0,,,220.1,0.0
T013481,0,0,,,0,,,112.96,0.0
T013482,0,0,,,0,,,175.42,0.0
T013483,0,0,,,0,,,467.0,0.0
T013484,0,0,,,0,,,360.56,0.0
T013485,0,0,,,0,,,132.13,0.0
T013486,0,0,,,0,,,351.1,0.0
T013487,0,0,,,0,,,393.95,0.0
T013488,0,0,,,0,,,119.73,0.0
T013489,0,0,,,0,,,184.91,0.0
T013490,0,0,,,0,,,183.18,0.0
T013491,0,0,,,0,,,273.97,0.0
T013492,0,0,,,0,,,189.81,0.0
T013493,0,0,,,0,,,182.93,0.0
T013494,0,0,,,0,,,174.75,0.0
T013495,0,0,,,0,,,596.88,0.0
T013496,0,0,,,0,,,365.51,0.0
T013497,0,0,,,0,,,137.5,0.0
T013498,0,0,,,0,,,166.09,0.0
T013499,0,0,,,0,,,311.11,0.0
T013500,0,0,,,0,,,136.77,0.0
T013501,0,0,,,0,,,157.42,0.0
T013502,0,0,,,0,,,192.87,0.0
T013503,0,0,,,0,,,172.53,0.0
T013504,0,0,,,0,,,170.72,0.0
T013505,0,0,,,0,,,241.3,0.0
T013506,0,0,,,0,,,160.34,0.0
T013507,0,0,,,0,,,205.43,0.0
T013508,0,0,,,0,,,187.86,0.0
T013509,0,0,,,0,,,173.67,0.0
T013510,0,0,,,0,,,660.16,0.0
T013511,0,0,,,0,,,391.38,0.0
T013512,0,0,,,0,,,157.47,0.0
T013513,0,0,,,0,,,193.94,0.0
T013514,0,0,,,0,,,343.44,0.0
T013515,0,0,,,0,,,187.58,0.0
T013516,0,0,,,0,,,795.12,0.0
T013517,0,0,,,0,,,409.12,0.0
T013518,0,0,,,0,,,181.58,0.0
T013519,0,0,,,0,,,147.32,0.0
T013520,0,0,,,0,,,135.53,0.0
T013521,0,0,,,0,,,167.07,0.0
T013522,0,0,,,0,,,160.86,0.0
T013523,0,0,,,0,,,223.38,0.0
T013524,0,0,,,0,,,667.83,0.0
T013525,0,0,,,0,,,288.9,0.0
T013526,0,0,,,0,,,183.45,0.0
T013527,0,0,,,0,,,320.06,0.0
T013528,0,0,,,0,,,188.76,0.0
T013529,0,0,,,0,,,218.92,0.0
T013530,0,0,,,0,,,305.32,0.0
T013531,0,0,,,0,,,382.25,0.0
T013532,0,0,,,0,,,157.43,0.0
T013533,0,0,,,0,,,179.12,0.0
T013534,0,0,,,0,,,660.2,0.0
T013535,0,0,,,0,,,238.92,0.0
T013536,0,0,,,0,,,119.68,0.0
T013537,0,0,,,0,,,160.04,0.0
T013538,0,0,,,0,,,187.6,0.0
T013539,0,0,,,0,,,254.09,0.0
T013540,0,0,,,0,,,143.0,0.0
T013541,0,0,,,0,,,184.56,0.0
T013542,0,0,,,0,,,201.7,0.0
T013543,0,0,,,0,,,208.48,0.0
T013544,0,0,,,0,,,216.17,0.0
T013545,0,0,,,0,,,226.81,0.0
T013546,0,0,,,0,,,295.51,0.0
T013547,0,0,,,0,,,120.88,0.0
T013548,0,0,,,0,,,303.52,0.0
T013549,1,0,,,0,,,0.0,2411.18
T013550,0,0,,,0,,,232.63,0.0
T013551,0,0,,,0,,,227.49,0.0
T013552,0,0,,,0,,,410.08,0.0
T013553,0,0,,,0,,,188.72,0.0
T013554,0,0,,,0,,,204.7,0.0
T013555,0,0,,,0,,,317.81,0.0
T013556,0,0,,,0,,,237.68,0.0
T013557,0,0,,,0,,,194.97,0.0
T013558,0,0,,,0,,,236.07,0.0
T013559,0,0,,,0,,,184.3,0.0
T013560,0,0,,,0,,,432.21,0.0
T013561,0,0,,,0,,,468.22,0.0
T013562,0,0,,,0,,,407.93,0.0
T013563,0,0,,,0,,,185.33,0.0
T013564,0,0,,,0,,,208.86,0.0
T013565,0,0,,,0,,,171.29,0.0
T013566,0,0,,,0,,,733.03,0.0
T013567,0,0,,,0,,,688.28,0.0
T013568,0,0,,,0,,,442.86,0.0
T013569,0,0,,,0,,,1986.73,0.0
T013570,0,0,,,0,,,398.95,0.0
T013571,0,0,,,0,,,184.9,0.0
T013572,0,0,,,0,,,224.32,0.0
T013573,0,0,,,0,,,179.03,0.0
T013574,0,0,,,0,,,390.36,0.0
T013575,0,0,,,0,,,348.63,0.0
T013576,0,0,,,0,,,276.46,0.0
T013577,0,0,,,0,,,175.53,0.0
T013578,0,0,,,0,,,317.45,0.0
T013579,0,0,,,0,,,181.92,0.0
T013580,0,0,,,0,,,209.03,0.0
T013581,0,0,,,0,,,380.56,0.0
T013582,0,0,,,0,,,210.82,0.0
T013583,0,0,,,0,,,194.15,0.0
T013584,0,0,,,0,,,225.16,0.0
T013585,0,0,,,0,,,327.69,0.0
T013586,0,0,,,0,,,386.26,0.0
T013587,0,0,,,0,,,104.7,0.0
T013588,0,0,,,0,,,192.36,0.0
T013589,0,0,,,0,,,262.33,0.0
T013590,0,0,,,0,,,264.25,0.0
T013591,0,0,,,0,,,136.23,0.0
T013592,0,0,,,0,,,295.57,0.0
T013593,0,0,,,0,,,314.65,0.0
T013594,0,0,,,0,,,171.54,0.0
T013595,0,0,,,0,,,218.11,0.0
T013596,0,0,,,0,,,156.1,0.0
T013597,0,0,,,0,,,124.53,0.0
T013598,0,0,,,0,,,474.85,0.0
T013599,0,0,,,0,,,309.94,0.0
T013600,0,0,,,0,,,170.76,0.0
T013601,0,0,,,0,,,305.92,0.0
T013602,0,0,,,0,,,221.69,0.0
T013603,1,0,,,0,,,0.0,13360.02
T013604,0,0,,,0,,,279.77,0.0
T013605,0,0,,,0,,,142.74,0.0
T013606,0,0,,,0,,,184.74,0.0
T013607,1,0,,,0,,,0.0,2770.64
T013608,0,0,,,0,,,241.78,0.0
T013609,0,0,,,0,,,415.0,0.0
T013610,0,0,,,0,,,193.84,0.0
T013611,0,0,,,0,,,302.39,0.0
T013612,0,0,,,0,,,176.5,0.0
T013613,0,0,,,0,,,209.59,0.0
T013614,0,0,,,0,,,200.7,0.0
T013615,0,0,,,0,,,270.59,0.0
T013616,0,0,,,0,,,95.04,0.0
T013617,0,0,,,0,,,165.31,0.0
T013618,0,0,,,0,,,180.72,0.0
T013619,0,0,,,0,,,175.28,0.0
T013620,0,0,,,0,,,81.67,0.0
T013621,0,0,,,0,,,433.66,0.0
T013622,0,0,,,0,,,161.81,0.0
T013623,0,0,,,0,,,161.18,0.0
T013624,0,0,,,0,,,152.5,0.0
T013625,0,0,,,0,,,350.41,0.0
T013626,0,0,,,0,,,304.58,0.0
T013627,0,0,,,0,,,156.31,0.0
T013628,0,0,,,0,,,178.59,0.0
T013629,0,0,,,0,,,242.56,0.0
T013630,0,0,,,0,,,213.84,0.0
T013631,0,0,,,0,,,448.33,0.0
T013632,0,0,,,0,,,204.15,0.0
T013633,0,0,,,0,,,253.42,0.0
T013634,0,0,,,0,,,311.52,0.0
T013635,0,0,,,0,,,952.75,0.0
T013636,0,0,,,0,,,430.02,0.0
T013637,0,0,,,0,,,368.62,0.0
T013638,0,0,,,0,,,220.49,0.0
T013639,0,0,,,0,,,239.72,0.0
T013640,0,0,,,0,,,967.31,0.0
T013641,0,0,,,0,,,176.66,0.0
T013642,0,0,,,0,,,458.41,0.0
T013643,0,0,,,0,,,270.11,0.0
T013644,0,0,,,0,,,184.89,0.0
T013645,0,0,,,0,,,189.79,0.0
T013646,0,0,,,0,,,405.55,0.0
T013647,0,0,,,0,,,224.12,0.0
T013648,0,0,,,0,,,160.65,0.0
T013649,0,0,,,0,,,243.27,0.0
T013650,0,0,,,0,,,102.73,0.0
T013651,0,0,,,0,,,185.48,0.0
T013652,0,0,,,0,,,177.38,0.0
T013653,0,0,,,0,,,167.99,0.0
T013654,0,0,,,0,,,90.33,0.0
T013655,0,0,,,0,,,157.29,0.0
T013656,0,0,,,0,,,114.76,0.0
T013657,0,0,,,0,,,175.91,0.0
T013658,0,0,,,0,,,994.24,0.0
T013659,0,0,,,0,,,123.36,0.0
T013660,0,0,,,0,,,255.88,0.0
T013661,0,0,,,0,,,103.03,0.0
T013662,0,0,,,0,,,358.7,0.0
T013663,0,0,,,0,,,216.71,0.0
T013664,0,0,,,0,,,280.73,0.0
T013665,0,0,,,0,,,184.3,0.0
T013666,0,0,,,0,,,234.25,0.0
T013667,0,0,,,0,,,153.26,0.0
T013668,0,0,,,0,,,234.37,0.0
T013669,0,0,,,0,,,680.86,0.0
T013670,0,0,,,0,,,156.67,0.0
T013671,0,0,,,0,,,275.94,0.0
T013672,0,0,,,0,,,271.44,0.0
T013673,0,0,,,0,,,198.71,0.0
T013674,0,0,,,0,,,592.66,0.0
T013675,0,0,,,0,,,163.69,0.0
T013676,0,0,,,0,,,197.41,0.0
T013677,0,0,,,0,,,102.47,0.0
T013678,0,0,,,0,,,327.19,0.0
T013679,0,0,,,0,,,234.1,0.0
T013680,0,0,,,0,,,679.21,0.0
T013681,0,0,,,0,,,240.54,0.0
T013682,0,0,,,0,,,174.61,0.0
T013683,0,0,,,0,,,207.82,0.0
T013684,0,0,,,0,,,171.69,0.0
T013685,0,0,,,0,,,172.2,0.0
T013686,0,0,,,0,,,89.43,0.0
T013687,0,0,,,0,,,158.09,0.0
T013688,0,0,,,0,,,261.34,0.0
T013689,0,0,,,0,,,209.85,0.0
T013690,0,0,,,0,,,228.32,0.0
T013691,0,0,,,0,,,1269.8,0.0
T013692,0,0,,,0,,,156.36,0.0
T013693,0,0,,,0,,,153.16,0.0
T013694,0,0,,,0,,,432.05,0.0
T013695,0,0,,,0,,,154.9,0.0
T013696,1,0,,,0,,,0.0,2229.38
T013697,0,0,,,0,,,552.05,0.0
T013698,0,0,,,0,,,203.83,0.0
T013699,0,0,,,0,,,157.93,0.0
T013700,1,1,TRN_S3,,1,TRN_S3,account_change_burst,0.0,1342.58
T013701,1,1,TRN_S3,,1,TRN_S3,account_change_burst,0.0,3148.65
T013702,0,0,,,1,TRN_S3,account_change_burst,134.14,0.0
T013703,0,1,TRN_S3,,1,TRN_S3,account_change_burst,151.09,0.0
T013704,0,0,,,1,TRN_S3,account_change_burst,358.09,0.0
T013705,0,0,,,1,TRN_S3,account_change_burst,216.71,0.0
T013706,0,1,TRN_S3,,1,TRN_S3,account_change_burst,369.78,0.0
T013707,0,1,TRN_S3,,1,TRN_S3,account_change_burst,177.5,0.0
T013708,0,1,TRN_S3,,1,TRN_S3,account_change_burst,489.32,0.0
T013709,0,1,TRN_S3,,1,TRN_S3,account_change_burst,159.01,0.0
T013710,0,0,,,1,TRN_S3,account_change_burst,138.26,0.0
T013711,1,1,TRN_S3,,1,TRN_S3,account_change_burst,0.0,453.87
T013712,1,1,TRN_S3,,1,TRN_S3,account_change_burst,0.0,4884.46
T013713,0,1,TRN_S3,,1,TRN_S3,account_change_burst,393.54,0.0
T013714,0,1,TRN_S3,,1,TRN_S3,account_change_burst,180.14,0.0
T013715,1,1,TRN_S3,,1,TRN_S3,account_change_burst,0.0,5421.9
T013716,0,0,,,1,TRN_S3,account_change_burst,168.78,0.0
T013717,0,0,,,1,TRN_S3,account_change_burst,260.18,0.0
T013718,0,0,,,1,TRN_S3,account_change_burst,145.15,0.0
T013719,0,1,TRN_S3,,1,TRN_S3,account_change_burst,219.58,0.0
T013720,0,1,TRN_S3,,1,TRN_S3,account_change_burst,389.74,0.0
T013721,0,1,TRN_S3,,1,TRN_S3,account_change_burst,185.4,0.0
T013722,0,1,TRN_S3,,1,TRN_S3,account_change_burst,592.99,0.0
T013723,0,1,TRN_S3,,1,TRN_S3,account_change_burst,422.56,0.0
T013724,0,0,,,1,TRN_S3,account_change_burst,234.53,0.0
T013725,0,0,,,1,TRN_S3,account_change_burst,282.4,0.0
T013726,0,1,TRN_S3,,1,TRN_S3,account_change_burst,242.72,0.0
T013727,1,0,,,1,TRN_S3,account_change_burst,0.0,286.81
T013728,0,1,TRN_S3,,1,TRN_S3,account_change_burst,208.58,0.0
T013729,0,1,TRN_S3,,1,TRN_S3,account_change_burst,198.1,0.0
T013730,0,0,,,1,TRN_S3,account_change_burst,234.81,0.0
T013731,0,0,,,1,TRN_S3,account_change_burst,119.49,0.0
T013732,0,1,TRN_S3,,1,TRN_S3,account_change_burst,229.37,0.0
T013733,0,0,,,1,TRN_S3,account_change_burst,119.22,0.0
T013734,0,1,TRN_S3,,1,TRN_S3,account_change_burst,250.83,0.0
T013735,0,0,,,1,TRN_S3,account_change_burst,167.83,0.0
T013736,0,0,,,1,TRN_S3,account_change_burst,628.68,0.0
T013737,0,1,TRN_S3,,1,TRN_S3,account_change_burst,569.7,0.0
T013738,0,1,TRN_S3,,1,TRN_S3,account_change_burst,958.01,0.0
T013739,0,1,TRN_S3,,1,TRN_S3,account_change_burst,228.65,0.0
T013740,0,1,TRN_S3,,1,TRN_S3,account_change_burst,175.69,0.0
T013741,1,1,TRN_S3,,1,TRN_S3,account_change_burst,0.0,3877.72
T013742,0,1,TRN_S3,,1,TRN_S3,account_change_burst,134.78,0.0
T013743,0,0,,,1,TRN_S3,account_change_burst,201.86,0.0
T013744,0,1,TRN_S3,,1,TRN_S3,account_change_burst,192.73,0.0
T013745,0,0,,,1,TRN_S3,account_change_burst,213.03,0.0
T013746,0,1,TRN_S3,,1,TRN_S3,account_change_burst,231.97,0.0
T013747,0,0,,,1,TRN_S3,account_change_burst,209.83,0.0
T013748,0,1,TRN_S3,,1,TRN_S3,account_change_burst,495.55,0.0
T013749,0,0,,,1,TRN_S3,account_change_burst,152.32,0.0
T013750,1,1,TRN_S3,,1,TRN_S3,account_change_burst,0.0,410.2
T013751,0,1,TRN_S3,,1,TRN_S3,account_change_burst,251.07,0.0
T013752,0,1,TRN_S3,,1,TRN_S3,account_change_burst,198.5,0.0
T013753,0,1,TRN_S3,,1,TRN_S3,account_change_burst,558.36,0.0
T013754,0,1,TRN_S3,,1,TRN_S3,account_change_burst,333.35,0.0
T013755,0,0,,,1,TRN_S3,account_change_burst,596.37,0.0
T013756,0,1,TRN_S3,,1,TRN_S3,account_change_burst,468.72,0.0
T013757,0,1,TRN_S3,,1,TRN_S3,account_change_burst,335.42,0.0
T013758,0,0,,,1,TRN_S3,account_change_burst,146.77,0.0
T013759,1,1,TRN_S3,,1,TRN_S3,account_change_burst,0.0,4322.3
T013760,0,1,TRN_S3,,1,TRN_S3,account_change_burst,358.71,0.0
T013761,0,1,TRN_S3,,1,TRN_S3,account_change_burst,145.97,0.0
T013762,0,0,,,1,TRN_S3,account_change_burst,219.03,0.0
T013763,0,1,TRN_S3,,1,TRN_S3,account_change_burst,688.35,0.0
T013764,0,1,TRN_S3,,1,TRN_S3,account_change_burst,268.17,0.0
T013765,0,0,,,1,TRN_S3,account_change_burst,181.35,0.0
T013766,0,1,TRN_S3,,1,TRN_S3,account_change_burst,309.98,0.0
T013767,0,1,TRN_S3,,1,TRN_S3,account_change_burst,196.7,0.0
T013768,1,1,TRN_S3,,1,TRN_S3,account_change_burst,0.0,14404.17
T013769,0,0,,,1,TRN_S3,account_change_burst,160.45,0.0
T013770,1,1,TRN_S3,,1,TRN_S3,account_change_burst,0.0,5276.89
T013771,0,0,,,1,TRN_S3,account_change_burst,246.03,0.0
T013772,0,1,TRN_S3,,1,TRN_S3,account_change_burst,961.7,0.0
T013773,0,0,,,1,TRN_S3,account_change_burst,423.5,0.0
T013774,0,1,TRN_S3,,1,TRN_S3,account_change_burst,194.79,0.0
T013775,0,0,,,1,TRN_S3,account_change_burst,177.49,0.0
T013776,1,1,TRN_S3,,1,TRN_S3,account_change_burst,0.0,5067.68
T013777,0,1,TRN_S3,,1,TRN_S3,account_change_burst,351.24,0.0
T013778,1,1,TRN_S3,,1,TRN_S3,account_change_burst,0.0,2961.72
T013779,0,0,,,1,TRN_S3,account_change_burst,243.72,0.0
T013780,0,0,,,1,TRN_S3,account_change_burst,298.31,0.0
T013781,0,1,TRN_S3,,1,TRN_S3,account_change_burst,190.85,0.0
T013782,1,1,TRN_S3,,1,TRN_S3,account_change_burst,0.0,4121.08
T013783,0,0,,,1,TRN_S3,account_change_burst,181.24,0.0
T013784,0,0,,,1,TRN_S3,account_change_burst,509.23,0.0
T013785,0,0,,,1,TRN_S3,account_change_burst,160.3,0.0
T013786,0,1,TRN_S3,,1,TRN_S3,account_change_burst,298.89,0.0
T013787,0,0,,,1,TRN_S3,account_change_burst,119.53,0.0
T013788,0,0,,,1,TRN_S3,account_change_burst,573.3,0.0
T013789,0,0,,,1,TRN_S3,account_change_burst,159.41,0.0
T013790,0,0,,,1,TRN_S3,account_change_burst,220.34,0.0
T013791,0,1,TRN_S3,,1,TRN_S3,account_change_burst,243.18,0.0
T013792,0,0,,,1,TRN_S3,account_change_burst,184.84,0.0
T013793,0,1,TRN_S3,,1,TRN_S3,account_change_burst,755.33,0.0
T013794,1,1,TRN_S3,,1,TRN_S3,account_change_burst,0.0,992.93
T013795,0,0,,,1,TRN_S3,account_change_burst,433.69,0.0
T013796,0,0,,,1,TRN_S3,account_change_burst,221.72,0.0
T013797,0,0,,,1,TRN_S3,account_change_burst,201.74,0.0
T013798,0,1,TRN_S3,,1,TRN_S3,account_change_burst,288.2,0.0
T013799,0,1,TRN_S3,,1,TRN_S3,account_change_burst,168.56,0.0
T013800,0,1,TRN_S3,,1,TRN_S3,account_change_burst,437.51,0.0
T013801,1,1,TRN_S3,,1,TRN_S3,account_change_burst,0.0,23718.48
T013802,1,1,TRN_S3,,1,TRN_S3,account_change_burst,0.0,13096.9
T013803,0,0,,,1,TRN_S3,account_change_burst,190.04,0.0
T013804,0,0,,,1,TRN_S3,account_change_burst,1237.14,0.0
T013805,0,0,,,1,TRN_S3,account_change_burst,172.75,0.0
T013806,0,0,,,1,TRN_S3,account_change_burst,107.42,0.0
T013807,0,1,TRN_S3,,1,TRN_S3,account_change_burst,705.21,0.0
T013808,0,0,,,1,TRN_S3,account_change_burst,176.27,0.0
T013809,0,1,TRN_S3,,1,TRN_S3,account_change_burst,186.96,0.0
T013810,0,0,,,1,TRN_S3,account_change_burst,151.96,0.0
T013811,0,1,TRN_S3,,1,TRN_S3,account_change_burst,342.86,0.0
T013812,0,0,,,1,TRN_S3,account_change_burst,135.05,0.0
T013813,0,0,,,1,TRN_S3,account_change_burst,439.3,0.0
T013814,0,1,TRN_S3,,1,TRN_S3,account_change_burst,168.35,0.0
T013815,0,0,,,1,TRN_S3,account_change_burst,111.15,0.0
T013816,0,1,TRN_S3,,1,TRN_S3,account_change_burst,194.41,0.0
T013817,0,1,TRN_S3,,1,TRN_S3,account_change_burst,286.15,0.0
T013818,1,1,TRN_S3,,1,TRN_S3,account_change_burst,0.0,14932.51
T013819,1,1,TRN_S3,,1,TRN_S3,account_change_burst,0.0,4619.04
T013820,0,1,TRN_S3,,1,TRN_S3,account_change_burst,473.61,0.0
T013821,1,1,TRN_S3,,1,TRN_S3,account_change_burst,0.0,1396.91
T013822,0,1,TRN_S3,,1,TRN_S3,account_change_burst,338.51,0.0
T013823,0,1,TRN_S3,,1,TRN_S3,account_change_burst,185.27,0.0
T013824,0,0,,,1,TRN_S3,account_change_burst,240.01,0.0
T013825,0,1,TRN_S3,,1,TRN_S3,account_change_burst,167.89,0.0
T013826,1,1,TRN_S3,,1,TRN_S3,account_change_burst,0.0,3475.97
T013827,0,0,,,1,TRN_S3,account_change_burst,247.53,0.0
T013828,0,0,,,1,TRN_S3,account_change_burst,393.89,0.0
T013829,0,1,TRN_S3,,1,TRN_S3,account_change_burst,164.74,0.0
T013830,0,1,TRN_S3,,1,TRN_S3,account_change_burst,364.89,0.0
T013831,0,1,TRN_S3,,1,TRN_S3,account_change_burst,239.51,0.0
T013832,0,0,,,1,TRN_S3,account_change_burst,249.51,0.0
T013833,0,1,TRN_S3,,1,TRN_S3,account_change_burst,179.24,0.0
T013834,0,0,,,1,TRN_S3,account_change_burst,166.67,0.0
T013835,0,0,,,1,TRN_S3,account_change_burst,128.5,0.0
T013836,0,0,,,1,TRN_S3,account_change_burst,148.33,0.0
T013837,0,0,,,1,TRN_S3,account_change_burst,70.65,0.0
T013838,0,1,TRN_S3,,1,TRN_S3,account_change_burst,189.94,0.0
T013839,0,0,,,1,TRN_S3,account_change_burst,169.18,0.0
T013840,1,1,TRN_S3,,1,TRN_S3,account_change_burst,0.0,102921.95
T013841,0,0,,,1,TRN_S3,account_change_burst,207.74,0.0
T013842,1,1,TRN_S3,,1,TRN_S3,account_change_burst,0.0,2832.79
T013843,0,1,TRN_S3,,1,TRN_S3,account_change_burst,645.2,0.0
T013844,0,0,,,1,TRN_S3,account_change_burst,768.7,0.0
T013845,0,0,,,1,TRN_S3,account_change_burst,206.15,0.0
T013846,1,1,TRN_S3,,1,TRN_S3,account_change_burst,0.0,3535.45
T013847,0,0,,,1,TRN_S3,account_change_burst,231.1,0.0
T013848,0,0,,,1,TRN_S3,account_change_burst,290.02,0.0
T013849,1,1,TRN_S3,,1,TRN_S3,account_change_burst,0.0,17535.49
T013850,0,1,TRN_S3,,1,TRN_S3,account_change_burst,203.43,0.0
T013851,0,1,TRN_S3,,1,TRN_S3,account_change_burst,216.01,0.0
T013852,0,1,TRN_S3,,1,TRN_S3,account_change_burst,189.6,0.0
T013853,0,1,TRN_S3,,1,TRN_S3,account_change_burst,221.77,0.0
T013854,1,1,TRN_S3,,1,TRN_S3,account_change_burst,0.0,4529.19
T013855,0,0,,,1,TRN_S3,account_change_burst,241.77,0.0
T013856,0,1,TRN_S3,,1,TRN_S3,account_change_burst,98.33,0.0
T013857,0,1,TRN_S3,,1,TRN_S3,account_change_burst,618.6,0.0
T013858,0,0,,,1,TRN_S3,account_change_burst,186.82,0.0
T013859,0,1,TRN_S3,,1,TRN_S3,account_change_burst,150.05,0.0
T013860,0,1,TRN_S3,,1,TRN_S3,account_change_burst,302.98,0.0
T013861,0,0,,,1,TRN_S3,account_change_burst,677.48,0.0
T013862,0,0,,,1,TRN_S3,account_change_burst,172.84,0.0
T013863,0,1,TRN_S3,,1,TRN_S3,account_change_burst,249.14,0.0
T013864,0,1,TRN_S3,,1,TRN_S3,account_change_burst,272.22,0.0
T013865,1,1,TRN_S3,,1,TRN_S3,account_change_burst,0.0,2407.88
T013866,0,1,TRN_S3,,1,TRN_S3,account_change_burst,1063.59,0.0
T013867,0,1,TRN_S3,,1,TRN_S3,account_change_burst,211.98,0.0
T013868,0,0,,,1,TRN_S3,account_change_burst,301.61,0.0
T013869,1,1,TRN_S3,,1,TRN_S3,account_change_burst,0.0,2351.15
T013870,0,1,TRN_S3,,1,TRN_S3,account_change_burst,141.02,0.0
T013871,0,0,,,1,TRN_S3,account_change_burst,389.89,0.0
T013872,0,1,TRN_S3,,1,TRN_S3,account_change_burst,631.9,0.0
T013873,0,1,TRN_S3,,1,TRN_S3,account_change_burst,209.09,0.0
T013874,0,1,TRN_S3,,1,TRN_S3,account_change_burst,380.69,0.0
T013875,0,0,,,1,TRN_S3,account_change_burst,206.35,0.0
T013876,0,1,TRN_S3,,1,TRN_S3,account_change_burst,581.47,0.0
T013877,0,0,,,1,TRN_S3,account_change_burst,202.59,0.0
T013878,0,1,TRN_S3,,1,TRN_S3,account_change_burst,359.05,0.0
T013879,0,0,,,1,TRN_S3,account_change_burst,168.62,0.0
T013880,0,0,,,1,TRN_S3,account_change_burst,300.78,0.0
T013881,0,0,,,1,TRN_S3,account_change_burst,313.43,0.0
T013882,0,0,,,1,TRN_S3,account_change_burst,293.48,0.0
T013883,0,1,TRN_S3,,1,TRN_S3,account_change_burst,169.95,0.0
T013884,0,1,TRN_S3,,1,TRN_S3,account_change_burst,220.53,0.0
T013885,1,1,TRN_S3,,1,TRN_S3,account_change_burst,0.0,3202.45
T013886,0,0,,,1,TRN_S3,account_change_burst,169.84,0.0
T013887,0,0,,,1,TRN_S3,account_change_burst,196.4,0.0
T013888,0,0,,,1,TRN_S3,account_change_burst,203.15,0.0
T013889,0,0,,,1,TRN_S3,account_change_burst,464.49,0.0
T013890,0,0,,,1,TRN_S3,account_change_burst,282.44,0.0
T013891,0,1,TRN_S3,,1,TRN_S3,account_change_burst,155.1,0.0
T013892,0,0,,,1,TRN_S3,account_change_burst,213.03,0.0
T013893,0,0,,,1,TRN_S3,account_change_burst,186.08,0.0
T013894,0,0,,,1,TRN_S3,account_change_burst,375.21,0.0
T013895,0,0,,,1,TRN_S3,account_change_burst,358.01,0.0
T013896,0,0,,,1,TRN_S3,account_change_burst,455.67,0.0
T013897,0,1,TRN_S3,,1,TRN_S3,account_change_burst,473.68,0.0
T013898,0,0,,,1,TRN_S3,account_change_burst,221.06,0.0
T013899,0,1,TRN_S3,,1,TRN_S3,account_change_burst,311.57,0.0
T013900,0,0,,,1,TRN_S3,account_change_burst,177.46,0.0
T013901,1,1,TRN_S3,,1,TRN_S3,account_change_burst,0.0,7810.76
T013902,0,1,TRN_S3,,1,TRN_S3,account_change_burst,363.35,0.0
T013903,0,0,,,1,TRN_S3,account_change_burst,201.02,0.0
T013904,0,1,TRN_S3,,1,TRN_S3,account_change_burst,357.61,0.0
T013905,0,1,TRN_S3,,1,TRN_S3,account_change_burst,457.08,0.0
T013906,0,0,,,1,TRN_S3,account_change_burst,120.82,0.0
T013907,0,0,,,1,TRN_S3,account_change_burst,216.08,0.0
T013908,0,0,,,1,TRN_S3,account_change_burst,568.44,0.0
T013909,0,1,TRN_S3,,1,TRN_S3,account_change_burst,293.83,0.0
T013910,0,1,TRN_S3,,1,TRN_S3,account_change_burst,199.13,0.0
T013911,1,1,TRN_S3,,1,TRN_S3,account_change_burst,0.0,1712.46
T013912,0,0,,,1,TRN_S3,account_change_burst,286.69,0.0
T013913,0,0,,,1,TRN_S3,account_change_burst,472.89,0.0
T013914,0,1,TRN_S3,,1,TRN_S3,account_change_burst,200.64,0.0
T013915,0,1,TRN_S3,,1,TRN_S3,account_change_burst,187.26,0.0
T013916,1,1,TRN_S3,,1,TRN_S3,account_change_burst,0.0,926.4
T013917,0,0,,,1,TRN_S3,account_change_burst,167.67,0.0
T013918,0,1,TRN_S3,,1,TRN_S3,account_change_burst,1023.68,0.0
T013919,0,0,,,1,TRN_S3,account_change_burst,157.86,0.0
T013920,0,0,,,1,TRN_S3,account_change_burst,191.81,0.0
T013921,0,1,TRN_S3,,1,TRN_S3,account_change_burst,240.09,0.0
T013922,1,1,TRN_S3,,1,TRN_S3,account_change_burst,0.0,652.21
T013923,0,0,,,1,TRN_S3,account_change_burst,231.58,0.0
T013924,1,1,TRN_S3,,1,TRN_S3,account_change_burst,0.0,14459.26
T013925,0,0,,,1,TRN_S3,account_change_burst,220.12,0.0
T013926,0,1,TRN_S3,,1,TRN_S3,account_change_burst,167.2,0.0
T013927,1,1,TRN_S3,,1,TRN_S3,account_change_burst,0.0,657.57
T013928,0,0,,,1,TRN_S3,account_change_burst,194.7,0.0
T013929,0,1,TRN_S3,,1,TRN_S3,account_change_burst,154.1,0.0
T013930,0,1,TRN_S3,,1,TRN_S3,account_change_burst,369.28,0.0
T013931,1,1,TRN_S3,,1,TRN_S3,account_change_burst,0.0,4914.82
T013932,0,0,,,1,TRN_S3,account_change_burst,405.16,0.0
T013933,0,0,,,1,TRN_S3,account_change_burst,218.37,0.0
T013934,0,0,,,1,TRN_S3,account_change_burst,261.66,0.0
T013935,0,0,,,1,TRN_S3,account_change_burst,306.41,0.0
T013936,0,0,,,1,TRN_S3,account_change_burst,299.6,0.0
T013937,0,1,TRN_S3,,1,TRN_S3,account_change_burst,454.07,0.0
T013938,0,1,TRN_S3,,1,TRN_S3,account_change_burst,104.77,0.0
T013939,0,0,,,1,TRN_S3,account_change_burst,327.27,0.0
T013940,0,0,,,1,TRN_S3,account_change_burst,208.24,0.0
T013941,0,1,TRN_S3,,1,TRN_S3,account_change_burst,853.92,0.0
T013942,0,1,TRN_S3,,1,TRN_S3,account_change_burst,579.26,0.0
T013943,0,1,TRN_S3,,1,TRN_S3,account_change_burst,201.29,0.0
T013944,0,1,TRN_S3,,1,TRN_S3,account_change_burst,183.31,0.0
T013945,0,1,TRN_S3,,1,TRN_S3,account_change_burst,247.48,0.0
T013946,0,0,,,1,TRN_S3,account_change_burst,189.18,0.0
T013947,0,0,,,1,TRN_S3,account_change_burst,313.33,0.0
T013948,0,1,TRN_S3,,1,TRN_S3,account_change_burst,290.02,0.0
T013949,0,1,TRN_S3,,1,TRN_S3,account_change_burst,280.71,0.0
T013950,0,0,,,1,TRN_S3,account_change_burst,288.32,0.0
T013951,0,1,TRN_S3,,1,TRN_S3,account_change_burst,400.77,0.0
T013952,1,1,TRN_S3,,1,TRN_S3,account_change_burst,0.0,4025.04
T013953,0,1,TRN_S3,,1,TRN_S3,account_change_burst,145.34,0.0
T013954,0,0,,,1,TRN_S3,account_change_burst,452.61,0.0
T013955,0,0,,,1,TRN_S3,account_change_burst,187.51,0.0
T013956,0,1,TRN_S3,,1,TRN_S3,account_change_burst,162.18,0.0
T013957,0,0,,,1,TRN_S3,account_change_burst,177.72,0.0
T013958,0,0,,,1,TRN_S3,account_change_burst,155.93,0.0
T013959,1,1,TRN_S3,,1,TRN_S3,account_change_burst,0.0,15445.26
T013960,0,1,TRN_S3,,1,TRN_S3,account_change_burst,332.7,0.0
T013961,0,1,TRN_S3,,1,TRN_S3,account_change_burst,336.26,0.0
T013962,0,0,,,1,TRN_S3,account_change_burst,231.07,0.0
T013963,0,1,TRN_S3,,1,TRN_S3,account_change_burst,392.22,0.0
T013964,0,1,TRN_S3,,1,TRN_S3,account_change_burst,210.91,0.0
T013965,0,1,TRN_S3,,1,TRN_S3,account_change_burst,185.68,0.0
T013966,0,0,,,1,TRN_S3,account_change_burst,349.61,0.0
T013967,0,1,TRN_S3,,1,TRN_S3,account_change_burst,274.14,0.0
T013968,0,1,TRN_S3,,1,TRN_S3,account_change_burst,175.14,0.0
T013969,0,0,,,1,TRN_S3,account_change_burst,170.03,0.0
T013970,0,1,TRN_S3,,1,TRN_S3,account_change_burst,335.24,0.0
T013971,0,0,,,1,TRN_S3,account_change_burst,303.14,0.0
T013972,0,0,,,1,TRN_S3,account_change_burst,178.94,0.0
T013973,0,0,,,1,TRN_S3,account_change_burst,268.37,0.0
T013974,0,1,TRN_S3,,1,TRN_S3,account_change_burst,170.38,0.0
T013975,0,1,TRN_S3,,1,TRN_S3,account_change_burst,170.45,0.0
T013976,0,1,TRN_S3,,1,TRN_S3,account_change_burst,218.49,0.0
T013977,0,1,TRN_S3,,1,TRN_S3,account_change_burst,463.51,0.0
T013978,0,1,TRN_S3,,1,TRN_S3,account_change_burst,237.72,0.0
T013979,0,0,,,1,TRN_S3,account_change_burst,153.65,0.0
T013980,0,1,TRN_S3,,1,TRN_S3,account_change_burst,404.51,0.0
T013981,0,1,TRN_S3,,1,TRN_S3,account_change_burst,332.87,0.0
T013982,1,1,TRN_S3,,1,TRN_S3,account_change_burst,0.0,1900.33
T013983,0,1,TRN_S3,,1,TRN_S3,account_change_burst,1515.77,0.0
T013984,0,1,TRN_S3,,1,TRN_S3,account_change_burst,415.92,0.0
T013985,0,0,,,1,TRN_S3,account_change_burst,185.75,0.0
T013986,0,1,TRN_S3,,1,TRN_S3,account_change_burst,2045.1,0.0
T013987,0,1,TRN_S3,,1,TRN_S3,account_change_burst,1011.89,0.0
T013988,0,1,TRN_S3,,1,TRN_S3,account_change_burst,221.66,0.0
T013989,0,1,TRN_S3,,1,TRN_S3,account_change_burst,112.63,0.0
T013990,0,0,,,1,TRN_S3,account_change_burst,299.21,0.0
T013991,0,1,TRN_S3,,1,TRN_S3,account_change_burst,466.56,0.0
T013992,0,1,TRN_S3,,1,TRN_S3,account_change_burst,422.64,0.0
T013993,0,0,,,1,TRN_S3,account_change_burst,1296.92,0.0
T013994,0,1,TRN_S3,,1,TRN_S3,account_change_burst,362.16,0.0
T013995,0,1,TRN_S3,,1,TRN_S3,account_change_burst,366.95,0.0
T013996,0,0,,,1,TRN_S3,account_change_burst,249.49,0.0
T013997,0,1,TRN_S3,,1,TRN_S3,account_change_burst,351.63,0.0
T013998,0,0,,,1,TRN_S3,account_change_burst,518.02,0.0
T013999,1,1,TRN_S3,,1,TRN_S3,account_change_burst,0.0,915.44
T014000,1,1,TRN_S3,,1,TRN_S3,account_change_burst,0.0,3686.06
T014001,0,1,TRN_S3,,1,TRN_S3,account_change_burst,475.23,0.0
T014002,0,1,TRN_S3,,1,TRN_S3,account_change_burst,281.96,0.0
T014003,0,1,TRN_S3,,1,TRN_S3,account_change_burst,229.93,0.0
T014004,0,1,TRN_S3,,1,TRN_S3,account_change_burst,1550.66,0.0
T014005,0,1,TRN_S3,,1,TRN_S3,account_change_burst,209.15,0.0
T014006,0,1,TRN_S3,,1,TRN_S3,account_change_burst,343.17,0.0
T014007,0,0,,,1,TRN_S3,account_change_burst,226.47,0.0
T014008,0,1,TRN_S3,,1,TRN_S3,account_change_burst,630.49,0.0
T014009,0,0,,,1,TRN_S3,account_change_burst,267.99,0.0
T014010,0,1,TRN_S3,,1,TRN_S3,account_change_burst,150.27,0.0
T014011,0,1,TRN_S3,,1,TRN_S3,account_change_burst,403.22,0.0
T014012,0,1,TRN_S3,,1,TRN_S3,account_change_burst,210.54,0.0
T014013,0,0,,,1,TRN_S3,account_change_burst,183.17,0.0
T014014,0,0,,,1,TRN_S3,account_change_burst,1292.06,0.0
T014015,1,1,TRN_S3,,1,TRN_S3,account_change_burst,0.0,2433.95
T014016,0,1,TRN_S3,,1,TRN_S3,account_change_burst,511.25,0.0
T014017,0,1,TRN_S3,,1,TRN_S3,account_change_burst,173.53,0.0
T014018,0,1,TRN_S3,,1,TRN_S3,account_change_burst,224.87,0.0
T014019,0,0,,,1,TRN_S3,account_change_burst,228.19,0.0
T014020,0,1,TRN_S3,,1,TRN_S3,account_change_burst,647.21,0.0
T014021,1,1,TRN_S3,,1,TRN_S3,account_change_burst,0.0,1329.83
T014022,1,1,TRN_S3,,1,TRN_S3,account_change_burst,0.0,6051.32
T014023,0,1,TRN_S3,,1,TRN_S3,account_change_burst,189.3,0.0
T014024,0,1,TRN_S3,,1,TRN_S3,account_change_burst,239.75,0.0
T014025,0,0,,,1,TRN_S3,account_change_burst,196.35,0.0
T014026,0,1,TRN_S3,,1,TRN_S3,account_change_burst,764.23,0.0
T014027,0,1,TRN_S3,,1,TRN_S3,account_change_burst,239.51,0.0
T014028,0,0,,,1,TRN_S3,account_change_burst,256.47,0.0
T014029,0,1,TRN_S3,,1,TRN_S3,account_change_burst,604.74,0.0
T014030,0,1,TRN_S3,,1,TRN_S3,account_change_burst,438.7,0.0
T014031,0,0,,,1,TRN_S3,account_change_burst,141.58,0.0
T014032,0,1,TRN_S3,,1,TRN_S3,account_change_burst,299.35,0.0
T014033,0,1,TRN_S3,,1,TRN_S3,account_change_burst,761.99,0.0
T014034,1,1,TRN_S3,,1,TRN_S3,account_change_burst,0.0,2504.46
T014035,0,1,TRN_S3,,1,TRN_S3,account_change_burst,480.26,0.0
T014036,0,1,TRN_S3,,1,TRN_S3,account_change_burst,415.87,0.0
T014037,0,1,TRN_S3,,1,TRN_S3,account_change_burst,2500.0,0.0
T014038,1,1,TRN_S3,,1,TRN_S3,account_change_burst,0.0,8090.26
T014039,1,1,TRN_S3,,1,TRN_S3,account_change_burst,0.0,5903.48
T014040,0,1,TRN_S3,,1,TRN_S3,account_change_burst,309.7,0.0
T014041,0,1,TRN_S3,,1,TRN_S3,account_change_burst,840.88,0.0
T014042,0,1,TRN_S3,,1,TRN_S3,account_change_burst,1700.6,0.0
T014043,0,1,TRN_S3,,1,TRN_S3,account_change_burst,893.04,0.0
T014044,0,1,TRN_S3,,1,TRN_S3,account_change_burst,681.3,0.0
T014045,0,1,TRN_S3,,1,TRN_S3,account_change_burst,438.18,0.0
T014046,0,1,TRN_S3,,1,TRN_S3,account_change_burst,110.37,0.0
T014047,0,1,TRN_S3,,1,TRN_S3,account_change_burst,418.88,0.0
T014048,1,1,TRN_S3,,1,TRN_S3,account_change_burst,0.0,576.28
T014049,0,1,TRN_S3,,1,TRN_S3,account_change_burst,433.99,0.0
T014050,0,1,TRN_S3,,1,TRN_S3,account_change_burst,162.88,0.0
T014051,0,1,TRN_S3,,1,TRN_S3,account_change_burst,221.44,0.0
T014052,0,0,,,1,TRN_S3,account_change_burst,161.89,0.0
T014053,0,1,TRN_S3,,1,TRN_S3,account_change_burst,236.13,0.0
T014054,1,1,TRN_S3,,1,TRN_S3,account_change_burst,0.0,10053.83
T014055,0,0,,,1,TRN_S3,account_change_burst,138.02,0.0
T014056,0,0,,,1,TRN_S3,account_change_burst,234.96,0.0
T014057,0,1,TRN_S3,,1,TRN_S3,account_change_burst,776.42,0.0
T014058,0,1,TRN_S3,,1,TRN_S3,account_change_burst,308.95,0.0
T014059,0,1,TRN_S3,,1,TRN_S3,account_change_burst,175.01,0.0
T014060,1,1,TRN_S3,,1,TRN_S3,account_change_burst,0.0,12797.85
T014061,0,1,TRN_S3,,1,TRN_S3,account_change_burst,536.64,0.0
T014062,0,0,,,1,TRN_S3,account_change_burst,235.93,0.0
T014063,0,0,,,1,TRN_S3,account_change_burst,130.03,0.0
T014064,0,1,TRN_S3,,1,TRN_S3,account_change_burst,132.4,0.0
T014065,0,1,TRN_S3,,1,TRN_S3,account_change_burst,279.87,0.0
T014066,0,1,TRN_S3,,1,TRN_S3,account_change_burst,306.88,0.0
T014067,0,1,TRN_S3,,1,TRN_S3,account_change_burst,415.47,0.0
T014068,0,1,TRN_S3,,1,TRN_S3,account_change_burst,202.53,0.0
T014069,0,1,TRN_S3,,1,TRN_S3,account_change_burst,411.88,0.0
T014070,1,1,TRN_S3,,1,TRN_S3,account_change_burst,0.0,907.91
T014071,0,0,,,1,TRN_S3,account_change_burst,162.43,0.0
T014072,0,1,TRN_S3,,1,TRN_S3,account_change_burst,274.6,0.0
T014073,1,1,TRN_S3,,1,TRN_S3,account_change_burst,0.0,5044.84
T014074,0,1,TRN_S3,,1,TRN_S3,account_change_burst,162.24,0.0
T014075,0,1,TRN_S3,,1,TRN_S3,account_change_burst,694.65,0.0
T014076,0,1,TRN_S3,,1,TRN_S3,account_change_burst,350.1,0.0
T014077,0,1,TRN_S3,,1,TRN_S3,account_change_burst,296.1,0.0
T014078,0,1,TRN_S3,,1,TRN_S3,account_change_burst,231.13,0.0
T014079,1,1,TRN_S3,,1,TRN_S3,account_change_burst,0.0,2079.46
T014080,1,1,TRN_S3,,1,TRN_S3,account_change_burst,0.0,30287.65
T014081,0,1,TRN_S3,,1,TRN_S3,account_change_burst,2192.99,0.0
T014082,0,1,TRN_S3,,1,TRN_S3,account_change_burst,117.33,0.0
T014083,0,1,TRN_S3,,1,TRN_S3,account_change_burst,1029.24,0.0
T014084,0,1,TRN_S3,,1,TRN_S3,account_change_burst,243.32,0.0
T014085,0,0,,,1,TRN_S3,account_change_burst,119.81,0.0
T014086,0,1,TRN_S3,,1,TRN_S3,account_change_burst,158.67,0.0
T014087,0,1,TRN_S3,,1,TRN_S3,account_change_burst,297.89,0.0
T014088,0,1,TRN_S3,,1,TRN_S3,account_change_burst,578.77,0.0
T014089,0,1,TRN_S3,,1,TRN_S3,account_change_burst,163.3,0.0
T014090,0,1,TRN_S3,,1,TRN_S3,account_change_burst,171.36,0.0
T014091,1,1,TRN_S3,,1,TRN_S3,account_change_burst,0.0,389.69
T014092,0,1,TRN_S3,,1,TRN_S3,account_change_burst,592.79,0.0
T014093,0,1,TRN_S3,,1,TRN_S3,account_change_burst,223.48,0.0
T014094,0,1,TRN_S3,,1,TRN_S3,account_change_burst,116.29,0.0
T014095,0,1,TRN_S3,,1,TRN_S3,account_change_burst,227.29,0.0
T014096,0,1,TRN_S3,,1,TRN_S3,account_change_burst,441.18,0.0
T014097,0,1,TRN_S3,,1,TRN_S3,account_change_burst,157.73,0.0
T014098,0,1,TRN_S3,,1,TRN_S3,account_change_burst,220.96,0.0
T014099,0,0,,,1,TRN_S3,account_change_burst,274.68,0.0
T014100,0,1,TRN_S3,,1,TRN_S3,account_change_burst,155.07,0.0
T014101,0,0,,,0,,,172.69,0.0
T014102,0,0,,,0,,,279.51,0.0
T014103,0,0,,,0,,,186.23,0.0
T014104,0,0,,,0,,,260.07,0.0
T014105,0,0,,,0,,,265.03,0.0
T014106,0,0,,,0,,,204.7,0.0
T014107,0,0,,,0,,,172.86,0.0
T014108,0,0,,,0,,,259.52,0.0
T014109,0,0,,,0,,,534.44,0.0
T014110,0,0,,,0,,,173.56,0.0
T014111,0,0,,,0,,,255.51,0.0
T014112,0,0,,,0,,,273.71,0.0
T014113,0,0,,,0,,,190.28,0.0
T014114,0,0,,,0,,,214.16,0.0
T014115,0,0,,,0,,,157.53,0.0
T014116,0,0,,,0,,,288.99,0.0
T014117,0,0,,,0,,,85.07,0.0
T014118,0,0,,,0,,,170.86,0.0
T014119,0,0,,,0,,,406.39,0.0
T014120,0,0,,,0,,,225.25,0.0
T014121,0,0,,,0,,,599.21,0.0
T014122,0,0,,,0,,,244.25,0.0
T014123,0,0,,,0,,,192.11,0.0
T014124,0,0,,,0,,,187.68,0.0
T014125,0,0,,,0,,,165.25,0.0
T014126,0,0,,,0,,,182.22,0.0
T014127,0,0,,,0,,,428.99,0.0
T014128,0,0,,,0,,,215.07,0.0
T014129,0,0,,,0,,,151.65,0.0
T014130,0,0,,,0,,,226.09,0.0
T014131,0,0,,,0,,,426.97,0.0
T014132,0,0,,,0,,,258.45,0.0
T014133,0,0,,,0,,,161.14,0.0
T014134,0,0,,,0,,,161.09,0.0
T014135,0,0,,,0,,,163.72,0.0
T014136,0,0,,,0,,,326.56,0.0
T014137,0,0,,,0,,,150.83,0.0
T014138,0,0,,,0,,,208.23,0.0
T014139,0,0,,,0,,,191.8,0.0
T014140,0,0,,,0,,,819.32,0.0
T014141,0,0,,,0,,,279.37,0.0
T014142,0,0,,,0,,,581.84,0.0
T014143,0,0,,,0,,,181.72,0.0
T014144,0,0,,,0,,,245.31,0.0
T014145,0,0,,,0,,,113.3,0.0
T014146,0,0,,,0,,,449.25,0.0
T014147,0,0,,,0,,,160.67,0.0
T014148,0,0,,,0,,,257.49,0.0
T014149,0,0,,,0,,,342.13,0.0
T014150,0,0,,,0,,,442.53,0.0
T014151,0,0,,,0,,,364.23,0.0
T014152,0,0,,,0,,,507.22,0.0
T014153,0,0,,,0,,,300.24,0.0
T014154,0,0,,,0,,,177.52,0.0
T014155,0,0,,,0,,,274.86,0.0
T014156,0,0,,,0,,,175.08,0.0
T014157,0,0,,,0,,,216.88,0.0
T014158,0,0,,,0,,,186.16,0.0
T014159,0,0,,,0,,,110.96,0.0
T014160,0,0,,,0,,,224.36,0.0
T014161,0,0,,,0,,,189.64,0.0
T014162,0,0,,,0,,,167.56,0.0
T014163,0,0,,,0,,,226.04,0.0
T014164,0,0,,,0,,,150.8,0.0
T014165,0,0,,,0,,,237.62,0.0
T014166,0,0,,,0,,,158.21,0.0
T014167,0,0,,,0,,,168.76,0.0
T014168,0,0,,,0,,,64.36,0.0
T014169,0,0,,,0,,,155.27,0.0
T014170,0,0,,,0,,,234.85,0.0
T014171,0,0,,,0,,,176.17,0.0
T014172,0,0,,,0,,,171.63,0.0
T014173,0,0,,,0,,,596.86,0.0
T014174,0,0,,,0,,,152.01,0.0
T014175,0,0,,,0,,,1154.62,0.0
T014176,0,0,,,0,,,259.93,0.0
T014177,0,0,,,0,,,164.09,0.0
T014178,0,0,,,0,,,194.77,0.0
T014179,0,0,,,0,,,174.72,0.0
T014180,0,0,,,0,,,188.01,0.0
T014181,0,0,,,0,,,184.32,0.0
T014182,0,0,,,0,,,119.32,0.0
T014183,0,0,,,0,,,188.1,0.0
T014184,0,0,,,0,,,174.54,0.0
T014185,0,0,,,0,,,171.89,0.0
T014186,0,0,,,0,,,629.43,0.0
T014187,0,0,,,0,,,638.96,0.0
T014188,0,0,,,0,,,189.04,0.0
T014189,0,0,,,0,,,173.0,0.0
T014190,0,0,,,0,,,218.25,0.0
T014191,0,0,,,0,,,226.5,0.0
T014192,0,0,,,0,,,175.88,0.0
T014193,0,0,,,0,,,456.65,0.0
T014194,0,0,,,0,,,139.53,0.0
T014195,0,0,,,0,,,204.38,0.0
T014196,0,0,,,0,,,364.29,0.0
T014197,0,0,,,0,,,185.23,0.0
T014198,0,0,,,0,,,489.06,0.0
T014199,0,0,,,0,,,226.67,0.0
T014200,0,0,,,0,,,191.03,0.0
T014201,0,0,,,0,,,138.39,0.0
T014202,0,0,,,0,,,193.4,0.0
T014203,0,0,,,0,,,236.6,0.0
T014204,0,0,,,0,,,518.76,0.0
T014205,0,0,,,0,,,285.65,0.0
T014206,0,0,,,0,,,213.93,0.0
T014207,0,0,,,0,,,110.67,0.0
T014208,0,0,,,0,,,246.6,0.0
T014209,0,0,,,0,,,163.78,0.0
T014210,0,0,,,0,,,182.37,0.0
T014211,0,0,,,0,,,160.16,0.0
T014212,0,0,,,0,,,363.68,0.0
T014213,0,0,,,0,,,201.83,0.0
T014214,0,0,,,0,,,192.27,0.0
T014215,0,0,,,0,,,204.22,0.0
T014216,1,0,,,0,,,0.0,734.57
T014217,0,0,,,0,,,114.41,0.0
T014218,0,0,,,0,,,325.78,0.0
T014219,0,0,,,0,,,274.87,0.0
T014220,0,0,,,0,,,261.32,0.0
T014221,0,0,,,0,,,187.47,0.0
T014222,0,0,,,0,,,331.61,0.0
T014223,0,0,,,0,,,227.04,0.0
T014224,0,0,,,0,,,150.85,0.0
T014225,0,0,,,0,,,330.94,0.0
T014226,0,0,,,0,,,163.66,0.0
T014227,0,0,,,0,,,202.64,0.0
T014228,0,0,,,0,,,214.23,0.0
T014229,0,0,,,0,,,248.29,0.0
T014230,0,0,,,0,,,187.53,0.0
T014231,0,0,,,0,,,203.46,0.0
T014232,0,0,,,0,,,219.29,0.0
T014233,0,0,,,0,,,78.35,0.0
T014234,0,0,,,0,,,103.13,0.0
T014235,0,0,,,0,,,158.49,0.0
T014236,0,0,,,0,,,155.52,0.0
T014237,0,0,,,0,,,293.66,0.0
T014238,0,0,,,0,,,175.89,0.0
T014239,0,0,,,0,,,175.42,0.0
T014240,0,0,,,0,,,93.42,0.0
T014241,0,0,,,0,,,164.12,0.0
T014242,0,0,,,0,,,173.28,0.0
T014243,0,0,,,0,,,290.06,0.0
T014244,0,0,,,0,,,405.74,0.0
T014245,0,0,,,0,,,364.58,0.0
T014246,0,0,,,0,,,154.82,0.0
T014247,0,0,,,0,,,167.44,0.0
T014248,0,0,,,0,,,169.71,0.0
T014249,0,0,,,0,,,216.19,0.0
T014250,0,0,,,0,,,334.1,0.0
T014251,0,0,,,0,,,119.83,0.0
T014252,0,0,,,0,,,278.68,0.0
T014253,0,0,,,0,,,269.17,0.0
T014254,0,0,,,0,,,171.55,0.0
T014255,0,0,,,0,,,161.47,0.0
T014256,0,0,,,0,,,183.38,0.0
T014257,0,0,,,0,,,492.05,0.0
T014258,0,0,,,0,,,182.55,0.0
T014259,0,0,,,0,,,187.56,0.0
T014260,0,0,,,0,,,395.52,0.0
T014261,0,0,,,0,,,143.43,0.0
T014262,0,0,,,0,,,284.0,0.0
T014263,0,0,,,0,,,156.73,0.0
T014264,0,0,,,0,,,180.62,0.0
T014265,0,0,,,0,,,167.07,0.0
T014266,0,0,,,0,,,372.26,0.0
T014267,0,0,,,0,,,205.37,0.0
T014268,0,0,,,0,,,154.71,0.0
T014269,0,0,,,0,,,264.25,0.0
T014270,0,0,,,0,,,374.5,0.0
T014271,0,0,,,0,,,800.63,0.0
T014272,0,0,,,0,,,152.45,0.0
T014273,0,0,,,0,,,491.65,0.0
T014274,0,0,,,0,,,161.18,0.0
T014275,0,0,,,0,,,232.93,0.0
T014276,0,0,,,0,,,922.29,0.0
T014277,0,0,,,0,,,94.08,0.0
T014278,0,0,,,0,,,129.69,0.0
T014279,0,0,,,0,,,258.66,0.0
T014280,0,0,,,0,,,421.76,0.0
T014281,0,0,,,0,,,258.63,0.0
T014282,0,0,,,0,,,269.76,0.0
T014283,0,0,,,0,,,163.53,0.0
T014284,0,0,,,0,,,550.08,0.0
T014285,0,0,,,0,,,303.98,0.0
T014286,0,0,,,0,,,81.43,0.0
T014287,0,0,,,0,,,219.79,0.0
T014288,0,0,,,0,,,345.67,0.0
T014289,0,0,,,0,,,329.88,0.0
T014290,0,0,,,0,,,423.96,0.0
T014291,0,0,,,0,,,272.71,0.0
T014292,0,0,,,0,,,545.38,0.0
T014293,0,0,,,0,,,435.63,0.0
T014294,0,0,,,0,,,262.91,0.0
T014295,0,0,,,0,,,173.14,0.0
T014296,0,0,,,0,,,720.24,0.0
T014297,0,0,,,0,,,271.2,0.0
T014298,0,0,,,0,,,254.94,0.0
T014299,0,0,,,0,,,236.5,0.0
T014300,0,0,,,0,,,458.18,0.0
T014301,0,0,,,0,,,314.17,0.0
T014302,0,0,,,0,,,191.02,0.0
T014303,0,0,,,0,,,173.32,0.0
T014304,0,0,,,0,,,535.8,0.0
T014305,0,0,,,0,,,290.23,0.0
T014306,0,0,,,0,,,172.62,0.0
T014307,0,0,,,0,,,187.16,0.0
T014308,0,0,,,0,,,1404.32,0.0
T014309,0,0,,,0,,,269.82,0.0
T014310,0,0,,,0,,,667.89,0.0
T014311,0,0,,,0,,,146.27,0.0
T014312,0,0,,,0,,,198.12,0.0
T014313,0,0,,,0,,,290.58,0.0
T014314,0,0,,,0,,,239.49,0.0
T014315,0,0,,,0,,,155.34,0.0
T014316,0,0,,,0,,,154.11,0.0
T014317,0,0,,,0,,,226.33,0.0
T014318,0,0,,,0,,,181.79,0.0
T014319,0,0,,,0,,,337.19,0.0
T014320,0,0,,,0,,,185.42,0.0
T014321,1,0,,,0,,,0.0,1735.52
T014322,0,0,,,0,,,162.72,0.0
T014323,0,0,,,0,,,189.14,0.0
T014324,0,0,,,0,,,186.31,0.0
T014325,0,0,,,0,,,265.45,0.0
T014326,0,0,,,0,,,415.82,0.0
T014327,0,0,,,0,,,206.08,0.0
T014328,0,0,,,0,,,153.83,0.0
T014329,0,0,,,0,,,448.45,0.0
T014330,0,0,,,0,,,336.31,0.0
T014331,0,0,,,0,,,230.28,0.0
T014332,0,0,,,0,,,133.07,0.0
T014333,0,0,,,0,,,169.5,0.0
T014334,0,0,,,0,,,191.74,0.0
T014335,0,0,,,0,,,828.06,0.0
T014336,0,0,,,0,,,210.41,0.0
T014337,0,0,,,0,,,189.89,0.0
T014338,1,0,,,0,,,0.0,1906.13
T014339,0,0,,,0,,,417.42,0.0
T014340,0,0,,,0,,,233.21,0.0
T014341,0,0,,,0,,,227.01,0.0
T014342,0,0,,,0,,,143.47,0.0
T014343,0,0,,,0,,,176.98,0.0
T014344,0,0,,,0,,,428.21,0.0
T014345,0,0,,,0,,,287.86,0.0
T014346,0,0,,,0,,,178.03,0.0
T014347,0,0,,,0,,,298.03,0.0
T014348,0,0,,,0,,,343.77,0.0
T014349,0,0,,,0,,,606.93,0.0
T014350,0,0,,,0,,,160.93,0.0
T014351,0,0,,,0,,,218.36,0.0
T014352,0,0,,,0,,,184.34,0.0
T014353,0,0,,,0,,,272.72,0.0
T014354,0,0,,,0,,,888.25,0.0
T014355,0,0,,,0,,,305.92,0.0
T014356,0,0,,,0,,,202.37,0.0
T014357,0,0,,,0,,,320.54,0.0
T014358,0,0,,,0,,,213.85,0.0
T014359,0,0,,,0,,,347.77,0.0
T014360,0,0,,,0,,,212.31,0.0
T014361,0,0,,,0,,,430.74,0.0
T014362,0,0,,,0,,,160.25,0.0
T014363,0,0,,,0,,,762.33,0.0
T014364,0,0,,,0,,,629.48,0.0
T014365,0,0,,,0,,,425.33,0.0
T014366,0,0,,,0,,,194.05,0.0
T014367,0,0,,,0,,,160.04,0.0
T014368,0,0,,,0,,,268.53,0.0
T014369,0,0,,,0,,,227.11,0.0
T014370,0,0,,,0,,,193.43,0.0
T014371,0,0,,,0,,,346.51,0.0
T014372,0,0,,,0,,,290.73,0.0
T014373,0,0,,,0,,,181.54,0.0
T014374,0,0,,,0,,,304.29,0.0
T014375,0,0,,,0,,,186.34,0.0
T014376,0,0,,,0,,,159.74,0.0
T014377,0,0,,,0,,,395.01,0.0
T014378,0,0,,,0,,,434.96,0.0
T014379,1,0,,,0,,,0.0,189.29
T014380,0,0,,,0,,,70.98,0.0
T014381,0,0,,,0,,,149.92,0.0
T014382,0,0,,,0,,,201.13,0.0
T014383,0,0,,,0,,,528.17,0.0
T014384,0,0,,,0,,,165.01,0.0
T014385,0,0,,,0,,,218.85,0.0
T014386,0,0,,,0,,,778.94,0.0
T014387,0,0,,,0,,,322.33,0.0
T014388,0,0,,,0,,,574.81,0.0
T014389,0,0,,,0,,,166.28,0.0
T014390,0,0,,,0,,,261.91,0.0
T014391,0,0,,,0,,,162.35,0.0
T014392,0,0,,,0,,,832.02,0.0
T014393,0,0,,,0,,,178.34,0.0
T014394,0,0,,,0,,,186.46,0.0
T014395,0,0,,,0,,,206.0,0.0
T014396,0,0,,,0,,,258.73,0.0
T014397,0,0,,,0,,,285.98,0.0
T014398,0,0,,,0,,,239.03,0.0
T014399,0,0,,,0,,,165.94,0.0
T014400,0,0,,,0,,,203.09,0.0
T014401,0,0,,,0,,,139.94,0.0
T014402,0,0,,,0,,,199.53,0.0
T014403,0,0,,,0,,,340.16,0.0
T014404,0,0,,,0,,,507.05,0.0
T014405,0,0,,,0,,,156.87,0.0
T014406,0,0,,,0,,,179.09,0.0
T014407,0,0,,,0,,,450.01,0.0
T014408,0,0,,,0,,,181.5,0.0
T014409,0,0,,,0,,,220.83,0.0
T014410,0,0,,,0,,,169.99,0.0
T014411,0,0,,,0,,,219.03,0.0
T014412,0,0,,,0,,,143.28,0.0
T014413,0,0,,,0,,,370.56,0.0
T014414,0,0,,,0,,,113.0,0.0
T014415,0,0,,,0,,,186.22,0.0
T014416,0,0,,,0,,,1031.93,0.0
T014417,0,0,,,0,,,200.7,0.0
T014418,0,0,,,0,,,315.04,0.0
T014419,0,0,,,0,,,346.01,0.0
T014420,0,0,,,0,,,395.33,0.0
T014421,0,0,,,0,,,306.79,0.0
T014422,0,0,,,0,,,563.57,0.0
T014423,0,0,,,0,,,654.93,0.0
T014424,0,0,,,0,,,167.1,0.0
T014425,0,0,,,0,,,406.39,0.0
T014426,0,0,,,0,,,225.85,0.0
T014427,0,0,,,0,,,365.68,0.0
T014428,0,0,,,0,,,201.29,0.0
T014429,0,0,,,0,,,349.04,0.0
T014430,0,0,,,0,,,160.27,0.0
T014431,0,0,,,0,,,173.92,0.0
T014432,0,0,,,0,,,543.72,0.0
T014433,0,0,,,0,,,148.03,0.0
T014434,0,0,,,0,,,174.54,0.0
T014435,0,0,,,0,,,184.45,0.0
T014436,0,0,,,0,,,295.13,0.0
T014437,0,0,,,0,,,166.68,0.0
T014438,0,0,,,0,,,448.67,0.0
T014439,0,0,,,0,,,412.68,0.0
T014440,0,0,,,0,,,174.94,0.0
T014441,0,0,,,0,,,174.98,0.0
T014442,0,0,,,0,,,361.08,0.0
T014443,0,0,,,0,,,277.88,0.0
T014444,0,0,,,0,,,1323.77,0.0
T014445,0,0,,,0,,,569.3,0.0
T014446,0,0,,,0,,,146.58,0.0
T014447,0,0,,,0,,,340.39,0.0
T014448,0,0,,,0,,,175.89,0.0
T014449,0,0,,,0,,,260.69,0.0
T014450,0,0,,,0,,,169.75,0.0
T014451,0,0,,,0,,,171.92,0.0
T014452,0,0,,,0,,,220.83,0.0
T014453,0,0,,,0,,,219.87,0.0
T014454,0,0,,,0,,,286.75,0.0
T014455,0,0,,,0,,,154.61,0.0
T014456,0,0,,,0,,,56.01,0.0
T014457,0,0,,,0,,,178.6,0.0
T014458,0,0,,,0,,,179.2,0.0
T014459,0,0,,,0,,,128.93,0.0
T014460,0,0,,,0,,,157.68,0.0
T014461,1,0,,,0,,,0.0,2090.4
T014462,0,0,,,0,,,252.42,0.0
T014463,0,0,,,0,,,167.17,0.0
T014464,0,0,,,0,,,167.2,0.0
T014465,0,0,,,0,,,119.38,0.0
T014466,0,0,,,0,,,161.5,0.0
T014467,0,0,,,0,,,208.72,0.0
T014468,0,0,,,0,,,176.81,0.0
T014469,0,0,,,0,,,160.77,0.0
T014470,0,0,,,0,,,155.46,0.0
T014471,0,0,,,0,,,259.69,0.0
T014472,0,0,,,0,,,205.77,0.0
T014473,0,0,,,0,,,219.92,0.0
T014474,0,0,,,0,,,273.05,0.0
T014475,0,0,,,0,,,324.42,0.0
T014476,0,0,,,0,,,203.83,0.0
T014477,0,0,,,0,,,164.97,0.0
T014478,0,0,,,0,,,176.66,0.0
T014479,0,0,,,0,,,197.29,0.0
T014480,0,0,,,0,,,196.49,0.0
T014481,0,0,,,0,,,347.01,0.0
T014482,0,0,,,0,,,165.75,0.0
T014483,0,0,,,0,,,195.39,0.0
T014484,0,0,,,0,,,406.55,0.0
T014485,0,0,,,0,,,163.43,0.0
T014486,0,0,,,0,,,513.88,0.0
T014487,0,0,,,0,,,153.75,0.0
T014488,0,0,,,0,,,58.4,0.0
T014489,0,0,,,0,,,149.6,0.0
T014490,0,0,,,0,,,107.26,0.0
T014491,0,0,,,0,,,168.27,0.0
T014492,0,0,,,0,,,295.06,0.0
T014493,0,0,,,0,,,190.83,0.0
T014494,0,0,,,0,,,162.58,0.0
T014495,0,0,,,0,,,273.84,0.0
T014496,0,0,,,0,,,188.33,0.0
T014497,0,0,,,0,,,244.04,0.0
T014498,0,0,,,0,,,158.31,0.0
T014499,0,0,,,0,,,811.58,0.0
T014500,0,0,,,0,,,157.97,0.0
T014501,0,0,,,0,,,275.48,0.0
T014502,0,0,,,0,,,270.74,0.0
T014503,0,0,,,0,,,227.0,0.0
T014504,0,0,,,0,,,311.11,0.0
T014505,0,0,,,0,,,355.49,0.0
T014506,0,0,,,0,,,220.1,0.0
T014507,0,0,,,0,,,203.13,0.0
T014508,0,0,,,0,,,250.25,0.0
T014509,0,0,,,0,,,699.91,0.0
T014510,0,0,,,0,,,275.34,0.0
T014511,0,0,,,0,,,163.59,0.0
T014512,0,0,,,0,,,134.95,0.0
T014513,0,0,,,0,,,144.14,0.0
T014514,0,0,,,0,,,234.29,0.0
T014515,0,0,,,0,,,374.73,0.0
T014516,0,0,,,0,,,364.59,0.0
T014517,0,0,,,0,,,173.99,0.0
T014518,0,0,,,0,,,333.17,0.0
T014519,0,0,,,0,,,850.86,0.0
T014520,0,0,,,0,,,377.12,0.0
T014521,0,0,,,0,,,195.82,0.0
T014522,0,0,,,0,,,180.29,0.0
T014523,0,0,,,0,,,519.91,0.0
T014524,0,0,,,0,,,331.98,0.0
T014525,0,0,,,0,,,1071.8,0.0
T014526,0,0,,,0,,,162.4,0.0
T014527,0,0,,,0,,,302.65,0.0
T014528,0,0,,,0,,,452.57,0.0
T014529,0,0,,,0,,,170.07,0.0
T014530,0,0,,,0,,,129.82,0.0
T014531,0,0,,,0,,,187.54,0.0
T014532,0,0,,,0,,,171.65,0.0
T014533,0,0,,,0,,,159.29,0.0
T014534,0,0,,,0,,,294.06,0.0
T014535,0,0,,,0,,,281.51,0.0
T014536,0,0,,,0,,,210.88,0.0
T014537,0,0,,,0,,,360.37,0.0
T014538,0,0,,,0,,,847.77,0.0
T014539,0,0,,,0,,,296.27,0.0
T014540,0,0,,,0,,,191.33,0.0
T014541,0,0,,,0,,,658.41,0.0
T014542,0,0,,,0,,,263.22,0.0
T014543,0,0,,,0,,,241.15,0.0
T014544,0,0,,,0,,,207.16,0.0
T014545,0,0,,,0,,,172.23,0.0
T014546,0,0,,,0,,,226.42,0.0
T014547,0,0,,,0,,,178.69,0.0
T014548,0,0,,,0,,,166.72,0.0
T014549,0,0,,,0,,,998.34,0.0
T014550,0,0,,,0,,,248.5,0.0
T014551,0,0,,,0,,,154.81,0.0
T014552,0,0,,,0,,,175.56,0.0
T014553,0,0,,,0,,,474.2,0.0
T014554,0,0,,,0,,,180.88,0.0
T014555,0,0,,,0,,,702.47,0.0
T014556,0,0,,,0,,,139.67,0.0
T014557,0,0,,,0,,,226.34,0.0
T014558,0,0,,,0,,,284.8,0.0
T014559,0,0,,,0,,,127.31,0.0
T014560,0,0,,,0,,,210.79,0.0
T014561,0,0,,,0,,,466.51,0.0
T014562,0,0,,,0,,,201.73,0.0
T014563,0,0,,,0,,,279.96,0.0
T014564,0,0,,,0,,,305.55,0.0
T014565,0,0,,,0,,,89.91,0.0
T014566,0,0,,,0,,,163.27,0.0
T014567,0,0,,,0,,,204.97,0.0
T014568,0,0,,,0,,,271.34,0.0
T014569,1,0,,,0,,,0.0,1596.21
T014570,0,0,,,0,,,133.14,0.0
T014571,0,0,,,0,,,214.23,0.0
T014572,0,0,,,0,,,832.71,0.0
T014573,0,0,,,0,,,186.4,0.0
T014574,0,0,,,0,,,441.04,0.0
T014575,0,0,,,0,,,1190.51,0.0
T014576,0,0,,,0,,,330.46,0.0
T014577,0,0,,,0,,,356.44,0.0
T014578,0,0,,,0,,,242.48,0.0
T014579,0,0,,,0,,,141.6,0.0
T014580,0,0,,,0,,,125.22,0.0
T014581,0,0,,,0,,,99.84,0.0
T014582,0,0,,,0,,,137.89,0.0
T014583,0,0,,,0,,,175.12,0.0
T014584,0,0,,,0,,,322.31,0.0
T014585,0,0,,,0,,,175.39,0.0
T014586,0,0,,,0,,,177.76,0.0
T014587,0,0,,,0,,,281.71,0.0
T014588,0,0,,,0,,,188.39,0.0
T014589,0,0,,,0,,,197.16,0.0
T014590,0,0,,,0,,,249.51,0.0
T014591,0,0,,,0,,,154.61,0.0
T014592,0,0,,,0,,,220.06,0.0
T014593,0,0,,,0,,,662.86,0.0
T014594,0,0,,,0,,,199.39,0.0
T014595,0,0,,,0,,,172.22,0.0
T014596,0,0,,,0,,,344.82,0.0
T014597,0,0,,,0,,,163.68,0.0
T014598,0,0,,,0,,,226.96,0.0
T014599,0,0,,,0,,,511.52,0.0
T014600,0,0,,,0,,,291.65,0.0
T014601,0,0,,,0,,,1189.42,0.0
T014602,0,0,,,0,,,214.99,0.0
T014603,0,0,,,0,,,249.05,0.0
T014604,0,0,,,0,,,188.68,0.0
T014605,0,0,,,0,,,855.85,0.0
T014606,0,0,,,0,,,156.18,0.0
T014607,0,0,,,0,,,104.07,0.0
T014608,0,0,,,0,,,178.74,0.0
T014609,0,0,,,0,,,190.59,0.0
T014610,0,0,,,0,,,266.95,0.0
T014611,0,0,,,0,,,160.19,0.0
T014612,0,0,,,0,,,344.21,0.0
T014613,0,0,,,0,,,217.91,0.0
T014614,1,0,,,0,,,0.0,388.85
T014615,0,0,,,0,,,248.03,0.0
T014616,0,0,,,0,,,538.52,0.0
T014617,0,0,,,0,,,297.16,0.0
T014618,0,0,,,0,,,594.17,0.0
T014619,0,0,,,0,,,427.05,0.0
T014620,0,0,,,0,,,289.7,0.0
T014621,0,0,,,0,,,612.24,0.0
T014622,0,0,,,0,,,1142.25,0.0
T014623,0,0,,,0,,,1107.4,0.0
T014624,0,0,,,0,,,1060.73,0.0
T014625,0,0,,,0,,,169.35,0.0
T014626,0,0,,,0,,,783.02,0.0
T014627,0,0,,,0,,,125.86,0.0
T014628,0,0,,,0,,,294.85,0.0
T014629,0,0,,,0,,,550.86,0.0
T014630,0,0,,,0,,,200.26,0.0
T014631,0,0,,,0,,,162.85,0.0
T014632,0,0,,,0,,,90.27,0.0
T014633,0,0,,,0,,,229.57,0.0
T014634,0,0,,,0,,,329.43,0.0
T014635,0,0,,,0,,,187.89,0.0
T014636,0,0,,,0,,,304.67,0.0
T014637,0,0,,,0,,,200.93,0.0
T014638,0,0,,,0,,,164.6,0.0
T014639,0,0,,,0,,,275.2,0.0
T014640,0,0,,,0,,,164.7,0.0
T014641,0,0,,,0,,,160.43,0.0
T014642,0,0,,,0,,,468.57,0.0
T014643,0,0,,,0,,,354.31,0.0
T014644,0,0,,,0,,,149.9,0.0
T014645,0,0,,,0,,,228.84,0.0
T014646,0,0,,,0,,,179.96,0.0
T014647,0,0,,,0,,,275.76,0.0
T014648,0,0,,,0,,,275.24,0.0
T014649,0,0,,,0,,,146.88,0.0
T014650,0,0,,,0,,,156.39,0.0
T014651,0,0,,,0,,,356.76,0.0
T014652,0,0,,,0,,,277.42,0.0
T014653,0,0,,,0,,,792.03,0.0
T014654,0,0,,,0,,,189.6,0.0
T014655,0,0,,,0,,,280.09,0.0
T014656,0,0,,,0,,,286.19,0.0
T014657,0,0,,,0,,,114.98,0.0
T014658,0,0,,,0,,,157.74,0.0
T014659,0,0,,,0,,,270.48,0.0
T014660,0,0,,,0,,,239.08,0.0
T014661,0,0,,,0,,,396.96,0.0
T014662,0,0,,,0,,,158.0,0.0
T014663,0,0,,,0,,,359.98,0.0
T014664,0,0,,,0,,,153.34,0.0
T014665,0,0,,,0,,,197.74,0.0
T014666,0,0,,,0,,,242.83,0.0
T014667,0,0,,,0,,,260.6,0.0
T014668,1,0,,,0,,,0.0,310.38
T014669,0,0,,,0,,,572.05,0.0
T014670,0,0,,,0,,,221.24,0.0
T014671,0,0,,,0,,,210.41,0.0
T014672,0,0,,,0,,,161.23,0.0
T014673,0,0,,,0,,,225.36,0.0
T014674,0,0,,,0,,,240.58,0.0
T014675,0,0,,,0,,,89.93,0.0
T014676,0,0,,,0,,,152.18,0.0
T014677,0,0,,,0,,,155.97,0.0
T014678,0,0,,,0,,,151.43,0.0
T014679,0,0,,,0,,,171.55,0.0
T014680,0,0,,,0,,,311.97,0.0
T014681,0,0,,,0,,,193.64,0.0
T014682,0,0,,,0,,,461.04,0.0
T014683,0,0,,,0,,,178.93,0.0
T014684,0,0,,,0,,,170.23,0.0
T014685,0,0,,,0,,,82.66,0.0
T014686,0,0,,,0,,,472.39,0.0
T014687,0,0,,,0,,,444.5,0.0
T014688,0,0,,,0,,,179.36,0.0
T014689,0,0,,,0,,,234.94,0.0
T014690,0,0,,,0,,,172.7,0.0
T014691,0,0,,,0,,,294.47,0.0
T014692,0,0,,,0,,,327.04,0.0
T014693,0,0,,,0,,,177.49,0.0
T014694,0,0,,,0,,,141.83,0.0
T014695,0,0,,,0,,,203.03,0.0
T014696,0,0,,,0,,,175.09,0.0
T014697,0,0,,,0,,,141.63,0.0
T014698,0,0,,,0,,,85.94,0.0
T014699,0,0,,,0,,,214.34,0.0
T014700,0,0,,,0,,,414.5,0.0
T014701,0,0,,,0,,,201.3,0.0
T014702,0,0,,,0,,,173.36,0.0
T014703,0,0,,,0,,,189.92,0.0
T014704,0,0,,,0,,,141.82,0.0
T014705,0,0,,,0,,,165.97,0.0
T014706,0,0,,,0,,,189.15,0.0
T014707,0,0,,,0,,,586.04,0.0
T014708,0,0,,,0,,,355.23,0.0
T014709,0,0,,,0,,,175.16,0.0
T014710,0,0,,,0,,,338.18,0.0
T014711,0,0,,,0,,,305.9,0.0
T014712,0,0,,,0,,,177.24,0.0
T014713,0,0,,,0,,,379.65,0.0
T014714,0,0,,,0,,,471.41,0.0
T014715,0,0,,,0,,,451.81,0.0
T014716,0,0,,,0,,,165.27,0.0
T014717,1,0,,,0,,,0.0,3457.4
T014718,0,0,,,0,,,350.9,0.0
T014719,0,0,,,0,,,144.11,0.0
T014720,0,0,,,0,,,186.3,0.0
T014721,0,0,,,0,,,193.27,0.0
T014722,0,0,,,0,,,326.72,0.0
T014723,0,0,,,0,,,136.62,0.0
T014724,0,0,,,0,,,556.29,0.0
T014725,0,0,,,0,,,134.14,0.0
T014726,0,0,,,0,,,159.6,0.0
T014727,0,0,,,0,,,239.09,0.0
T014728,0,0,,,0,,,63.09,0.0
T014729,0,0,,,0,,,107.77,0.0
T014730,0,0,,,0,,,169.08,0.0
T014731,0,0,,,0,,,190.34,0.0
T014732,0,0,,,0,,,179.33,0.0
T014733,0,0,,,0,,,308.41,0.0
T014734,0,0,,,0,,,463.66,0.0
T014735,0,0,,,0,,,93.99,0.0
T014736,0,0,,,0,,,186.86,0.0
T014737,0,0,,,0,,,306.19,0.0
T014738,0,0,,,0,,,174.14,0.0
T014739,0,0,,,0,,,155.72,0.0
T014740,0,0,,,0,,,797.57,0.0
T014741,0,0,,,0,,,261.52,0.0
T014742,0,0,,,0,,,358.84,0.0
T014743,0,0,,,0,,,191.25,0.0
T014744,0,0,,,0,,,466.55,0.0
T014745,0,0,,,0,,,168.7,0.0
T014746,0,0,,,0,,,168.77,0.0
T014747,0,0,,,0,,,238.19,0.0
T014748,0,0,,,0,,,155.54,0.0
T014749,0,0,,,0,,,294.67,0.0
T014750,0,0,,,0,,,137.8,0.0
T014751,0,0,,,0,,,251.99,0.0
T014752,0,0,,,0,,,143.49,0.0
T014753,0,0,,,0,,,167.32,0.0
T014754,0,0,,,0,,,176.5,0.0
T014755,0,0,,,0,,,155.55,0.0
T014756,0,0,,,0,,,168.04,0.0
T014757,0,0,,,0,,,374.21,0.0
T014758,0,0,,,0,,,179.61,0.0
T014759,0,0,,,0,,,203.75,0.0
T014760,0,0,,,0,,,196.73,0.0
T014761,0,0,,,0,,,320.23,0.0
T014762,0,0,,,0,,,157.16,0.0
T014763,0,0,,,0,,,421.02,0.0
T014764,0,0,,,0,,,568.97,0.0
T014765,0,0,,,0,,,279.84,0.0
T014766,0,0,,,0,,,667.31,0.0
T014767,0,0,,,0,,,208.61,0.0
T014768,0,0,,,0,,,200.48,0.0
T014769,0,0,,,0,,,200.21,0.0
T014770,0,0,,,0,,,265.84,0.0
T014771,0,0,,,0,,,125.97,0.0
T014772,0,0,,,0,,,269.12,0.0
T014773,0,0,,,0,,,140.64,0.0
T014774,0,0,,,0,,,331.43,0.0
T014775,0,0,,,0,,,251.66,0.0
T014776,0,0,,,0,,,150.64,0.0
T014777,0,0,,,0,,,316.69,0.0
T014778,0,0,,,0,,,202.08,0.0
T014779,0,0,,,0,,,203.87,0.0
T014780,0,0,,,0,,,210.19,0.0
T014781,0,0,,,0,,,1430.23,0.0
T014782,0,0,,,0,,,242.34,0.0
T014783,0,0,,,0,,,348.79,0.0
T014784,0,0,,,0,,,177.21,0.0
T014785,0,0,,,0,,,214.22,0.0
T014786,0,0,,,0,,,444.71,0.0
T014787,0,0,,,0,,,1177.93,0.0
T014788,0,0,,,0,,,1396.51,0.0
T014789,0,0,,,0,,,159.98,0.0
T014790,0,0,,,0,,,258.34,0.0
T014791,0,0,,,0,,,539.49,0.0
T014792,0,0,,,0,,,161.84,0.0
T014793,0,0,,,0,,,259.9,0.0
T014794,0,0,,,0,,,145.22,0.0
T014795,0,0,,,0,,,167.36,0.0
T014796,0,0,,,0,,,372.89,0.0
T014797,1,0,,,0,,,0.0,980.98
T014798,0,0,,,0,,,216.57,0.0
T014799,0,0,,,0,,,224.28,0.0
T014800,0,0,,,0,,,503.53,0.0
T014801,0,0,,,0,,,188.41,0.0
T014802,0,0,,,0,,,132.49,0.0
T014803,0,0,,,0,,,170.58,0.0
T014804,0,0,,,0,,,274.39,0.0
T014805,0,0,,,0,,,855.5,0.0
T014806,0,0,,,0,,,145.67,0.0
T014807,0,0,,,0,,,324.79,0.0
T014808,0,0,,,0,,,560.92,0.0
T014809,0,0,,,0,,,480.39,0.0
T014810,0,0,,,0,,,209.52,0.0
T014811,0,0,,,0,,,168.82,0.0
T014812,0,0,,,0,,,194.64,0.0
T014813,0,0,,,0,,,212.33,0.0
T014814,0,0,,,0,,,527.88,0.0
T014815,0,0,,,0,,,302.01,0.0
T014816,0,0,,,0,,,477.39,0.0
T014817,0,0,,,0,,,672.16,0.0
T014818,0,0,,,0,,,878.37,0.0
T014819,0,0,,,0,,,161.7,0.0
T014820,0,0,,,0,,,188.68,0.0
T014821,0,0,,,0,,,376.31,0.0
T014822,0,0,,,0,,,301.52,0.0
T014823,0,0,,,0,,,311.35,0.0
T014824,0,0,,,0,,,159.86,0.0
T014825,0,0,,,0,,,398.48,0.0
T014826,0,0,,,0,,,259.48,0.0
T014827,0,0,,,0,,,186.63,0.0
T014828,0,0,,,0,,,255.1,0.0
T014829,0,0,,,0,,,186.4,0.0
T014830,0,0,,,0,,,200.84,0.0
T014831,0,0,,,0,,,416.8,0.0
T014832,0,0,,,0,,,211.94,0.0
T014833,0,0,,,0,,,165.71,0.0
T014834,0,0,,,0,,,275.98,0.0
T014835,0,0,,,0,,,462.49,0.0
T014836,0,0,,,0,,,503.47,0.0
T014837,0,0,,,0,,,224.58,0.0
T014838,0,0,,,0,,,358.47,0.0
T014839,0,0,,,0,,,279.37,0.0
T014840,0,0,,,0,,,76.61,0.0
T014841,0,0,,,0,,,183.69,0.0
T014842,0,0,,,0,,,535.16,0.0
T014843,0,0,,,0,,,249.63,0.0
T014844,0,0,,,0,,,91.41,0.0
T014845,0,0,,,0,,,220.69,0.0
T014846,0,0,,,0,,,387.63,0.0
T014847,0,0,,,0,,,230.33,0.0
T014848,0,0,,,0,,,327.94,0.0
T014849,0,0,,,0,,,421.98,0.0
T014850,0,0,,,0,,,180.6,0.0
T014851,0,0,,,0,,,376.44,0.0
T014852,0,0,,,0,,,173.36,0.0
T014853,0,0,,,0,,,209.82,0.0
T014854,0,0,,,0,,,160.18,0.0
T014855,0,0,,,0,,,163.45,0.0
T014856,0,0,,,0,,,301.59,0.0
T014857,0,0,,,0,,,938.18,0.0
T014858,0,0,,,0,,,223.22,0.0
T014859,0,0,,,0,,,174.93,0.0
T014860,0,0,,,0,,,246.59,0.0
T014861,0,0,,,0,,,374.0,0.0
T014862,0,0,,,0,,,476.17,0.0
T014863,0,0,,,0,,,170.81,0.0
T014864,0,0,,,0,,,227.34,0.0
T014865,1,0,,,0,,,0.0,1599.56
T014866,0,0,,,0,,,206.05,0.0
T014867,0,0,,,0,,,390.8,0.0
T014868,0,0,,,0,,,161.27,0.0
T014869,0,0,,,0,,,347.4,0.0
T014870,0,0,,,0,,,203.68,0.0
T014871,0,0,,,0,,,186.57,0.0
T014872,0,0,,,0,,,65.58,0.0
T014873,0,0,,,0,,,140.19,0.0
T014874,0,0,,,0,,,251.8,0.0
T014875,0,0,,,0,,,261.47,0.0
T014876,1,0,,,0,,,0.0,1190.57
T014877,0,0,,,0,,,1279.87,0.0
T014878,0,0,,,0,,,207.98,0.0
T014879,0,0,,,0,,,111.04,0.0
T014880,0,0,,,0,,,252.29,0.0
T014881,0,0,,,0,,,230.44,0.0
T014882,0,0,,,0,,,397.56,0.0
T014883,0,0,,,0,,,169.95,0.0
T014884,0,0,,,0,,,172.82,0.0
T014885,0,0,,,0,,,162.61,0.0
T014886,0,0,,,0,,,152.92,0.0
T014887,0,0,,,0,,,90.38,0.0
T014888,0,0,,,0,,,164.29,0.0
T014889,0,0,,,0,,,192.62,0.0
T014890,0,0,,,0,,,343.69,0.0
T014891,0,0,,,0,,,163.44,0.0
T014892,0,0,,,0,,,168.06,0.0
T014893,0,0,,,0,,,394.71,0.0
T014894,1,0,,,0,,,0.0,2298.62
T014895,0,0,,,0,,,172.09,0.0
T014896,0,0,,,0,,,171.05,0.0
T014897,0,0,,,0,,,154.87,0.0
T014898,0,0,,,0,,,161.19,0.0
T014899,0,0,,,0,,,354.92,0.0
T014900,0,0,,,0,,,202.71,0.0
T014901,0,0,,,0,,,172.49,0.0
T014902,0,0,,,0,,,153.78,0.0
T014903,0,0,,,0,,,122.88,0.0
T014904,0,0,,,0,,,367.49,0.0
T014905,0,0,,,0,,,167.28,0.0
T014906,0,0,,,0,,,129.37,0.0
T014907,0,0,,,0,,,227.08,0.0
T014908,0,0,,,0,,,124.99,0.0
T014909,0,0,,,0,,,96.11,0.0
T014910,0,0,,,0,,,235.09,0.0
T014911,0,0,,,0,,,163.62,0.0
T014912,0,0,,,0,,,278.32,0.0
T014913,0,0,,,0,,,204.62,0.0
T014914,0,0,,,0,,,241.13,0.0
T014915,0,0,,,0,,,164.97,0.0
T014916,0,0,,,0,,,210.57,0.0
T014917,0,0,,,0,,,236.52,0.0
T014918,0,0,,,0,,,292.08,0.0
T014919,0,0,,,0,,,186.74,0.0
T014920,0,0,,,0,,,238.36,0.0
T014921,0,0,,,0,,,184.31,0.0
T014922,0,0,,,0,,,71.19,0.0
T014923,0,0,,,0,,,237.88,0.0
T014924,0,0,,,0,,,245.59,0.0
T014925,0,0,,,0,,,168.31,0.0
T014926,0,0,,,0,,,84.68,0.0
T014927,0,0,,,0,,,230.05,0.0
T014928,0,0,,,0,,,161.66,0.0
T014929,0,0,,,0,,,267.36,0.0
T014930,0,0,,,0,,,146.09,0.0
T014931,0,0,,,0,,,218.17,0.0
T014932,0,0,,,0,,,180.42,0.0
T014933,0,0,,,0,,,156.73,0.0
T014934,0,0,,,0,,,192.87,0.0
T014935,0,0,,,0,,,267.67,0.0
T014936,0,0,,,0,,,201.29,0.0
T014937,0,0,,,0,,,450.79,0.0
T014938,0,0,,,0,,,158.46,0.0
T014939,0,0,,,0,,,204.23,0.0
T014940,0,0,,,0,,,211.51,0.0
T014941,0,0,,,0,,,685.66,0.0
T014942,0,0,,,0,,,163.82,0.0
T014943,0,0,,,0,,,216.3,0.0
T014944,0,0,,,0,,,198.92,0.0
T014945,0,0,,,0,,,146.35,0.0
T014946,0,0,,,0,,,473.99,0.0
T014947,0,0,,,0,,,185.74,0.0
T014948,0,0,,,0,,,232.88,0.0
T014949,0,0,,,0,,,247.86,0.0
T014950,0,0,,,0,,,279.25,0.0
T014951,0,0,,,0,,,312.92,0.0
T014952,0,0,,,0,,,219.01,0.0
T014953,0,0,,,0,,,608.57,0.0
T014954,0,0,,,0,,,191.93,0.0
T014955,0,0,,,0,,,180.18,0.0
T014956,0,0,,,0,,,186.11,0.0
T014957,0,0,,,0,,,181.03,0.0
T014958,0,0,,,0,,,235.69,0.0
T014959,0,0,,,0,,,234.68,0.0
T014960,0,0,,,0,,,198.65,0.0
T014961,0,0,,,0,,,184.12,0.0
T014962,0,0,,,0,,,154.87,0.0
T014963,0,0,,,0,,,161.44,0.0
T014964,0,0,,,0,,,500.96,0.0
T014965,0,0,,,0,,,716.55,0.0
T014966,0,0,,,0,,,175.75,0.0
T014967,0,0,,,0,,,282.74,0.0
T014968,0,0,,,0,,,145.07,0.0
T014969,0,0,,,0,,,494.15,0.0
T014970,0,0,,,0,,,219.73,0.0
T014971,0,0,,,0,,,299.2,0.0
T014972,0,0,,,0,,,110.1,0.0
T014973,0,0,,,0,,,271.34,0.0
T014974,0,0,,,0,,,170.4,0.0
T014975,0,0,,,0,,,169.1,0.0
T014976,0,0,,,0,,,286.51,0.0
T014977,0,0,,,0,,,688.32,0.0
T014978,0,0,,,0,,,303.07,0.0
T014979,0,0,,,0,,,109.62,0.0
T014980,0,0,,,0,,,341.43,0.0
T014981,0,0,,,0,,,229.56,0.0
T014982,0,0,,,0,,,185.91,0.0
T014983,0,0,,,0,,,159.32,0.0
T014984,0,0,,,0,,,213.25,0.0
T014985,0,0,,,0,,,192.41,0.0
T014986,0,0,,,0,,,281.41,0.0
T014987,0,0,,,0,,,497.1,0.0
T014988,0,0,,,0,,,199.04,0.0
T014989,0,0,,,0,,,126.12,0.0
T014990,0,0,,,0,,,181.79,0.0
T014991,0,0,,,0,,,208.13,0.0
T014992,0,0,,,0,,,381.98,0.0
T014993,0,0,,,0,,,318.34,0.0
T014994,0,0,,,0,,,158.55,0.0
T014995,0,0,,,0,,,314.09,0.0
T014996,0,0,,,0,,,168.64,0.0
T014997,0,0,,,0,,,168.82,0.0
T014998,0,0,,,0,,,224.94,0.0
T014999,0,0,,,0,,,609.41,0.0
T015000,0,0,,,0,,,165.18,0.0
T015001,0,0,,,0,,,386.86,0.0
T015002,0,0,,,0,,,129.05,0.0
T015003,0,0,,,0,,,163.37,0.0
T015004,0,0,,,0,,,299.52,0.0
T015005,0,0,,,0,,,261.55,0.0
T015006,0,0,,,0,,,224.06,0.0
T015007,0,0,,,0,,,247.95,0.0
T015008,0,0,,,0,,,513.05,0.0
T015009,0,0,,,0,,,423.94,0.0
T015010,0,0,,,0,,,167.29,0.0
T015011,0,0,,,0,,,198.44,0.0
T015012,0,0,,,0,,,259.91,0.0
T015013,0,0,,,0,,,204.86,0.0
T015014,0,0,,,0,,,122.47,0.0
T015015,0,0,,,0,,,262.26,0.0
T015016,0,0,,,0,,,101.92,0.0
T015017,0,0,,,0,,,237.51,0.0
T015018,0,0,,,0,,,471.77,0.0
T015019,0,0,,,0,,,333.11,0.0
T015020,0,0,,,0,,,293.87,0.0
T015021,0,0,,,0,,,344.56,0.0
T015022,0,0,,,0,,,366.68,0.0
T015023,0,0,,,0,,,386.56,0.0
T015024,0,0,,,0,,,119.72,0.0
T015025,0,0,,,0,,,164.15,0.0
T015026,0,0,,,0,,,1998.77,0.0
T015027,0,0,,,0,,,385.72,0.0
T015028,0,0,,,0,,,152.53,0.0
T015029,0,0,,,0,,,164.22,0.0
T015030,0,0,,,0,,,175.28,0.0
T015031,0,0,,,0,,,236.26,0.0
T015032,0,0,,,0,,,358.96,0.0
T015033,0,0,,,0,,,168.07,0.0
T015034,0,0,,,0,,,200.98,0.0
T015035,0,0,,,0,,,164.19,0.0
T015036,0,0,,,0,,,203.05,0.0
T015037,0,0,,,0,,,636.5,0.0
T015038,0,0,,,0,,,167.38,0.0
T015039,0,0,,,0,,,184.51,0.0
T015040,0,0,,,0,,,126.03,0.0
T015041,0,0,,,0,,,159.21,0.0
T015042,0,0,,,0,,,297.1,0.0
T015043,0,0,,,0,,,1302.8,0.0
T015044,0,0,,,0,,,129.72,0.0
T015045,0,0,,,0,,,233.53,0.0
T015046,0,0,,,0,,,110.83,0.0
T015047,0,0,,,0,,,193.78,0.0
T015048,0,0,,,0,,,208.2,0.0
T015049,0,0,,,0,,,195.14,0.0
T015050,0,0,,,0,,,1280.87,0.0
T015051,0,0,,,0,,,183.43,0.0
T015052,0,0,,,0,,,285.23,0.0
T015053,0,0,,,0,,,348.78,0.0
T015054,0,0,,,0,,,408.76,0.0
T015055,0,0,,,0,,,257.03,0.0
T015056,0,0,,,0,,,173.43,0.0
T015057,0,0,,,0,,,163.01,0.0
T015058,0,0,,,0,,,219.39,0.0
T015059,0,0,,,0,,,184.08,0.0
T015060,0,0,,,0,,,300.87,0.0
T015061,0,0,,,0,,,220.1,0.0
T015062,0,0,,,0,,,306.28,0.0
T015063,0,0,,,0,,,143.89,0.0
T015064,0,0,,,0,,,208.53,0.0
T015065,0,0,,,0,,,210.35,0.0
T015066,0,0,,,0,,,264.81,0.0
T015067,0,0,,,0,,,117.37,0.0
T015068,0,0,,,0,,,484.56,0.0
T015069,0,0,,,0,,,214.45,0.0
T015070,0,0,,,0,,,205.34,0.0
T015071,0,0,,,0,,,113.73,0.0
T015072,0,0,,,0,,,168.2,0.0
T015073,0,0,,,0,,,192.13,0.0
T015074,0,0,,,0,,,217.34,0.0
T015075,0,0,,,0,,,374.96,0.0
T015076,0,0,,,0,,,185.64,0.0
T015077,0,0,,,0,,,392.62,0.0
T015078,0,0,,,0,,,402.62,0.0
T015079,0,0,,,0,,,232.67,0.0
T015080,0,0,,,0,,,164.75,0.0
T015081,0,0,,,0,,,392.86,0.0
T015082,0,0,,,0,,,224.07,0.0
T015083,0,0,,,0,,,225.69,0.0
T015084,0,0,,,0,,,115.7,0.0
T015085,0,0,,,0,,,321.56,0.0
T015086,0,0,,,0,,,239.73,0.0
T015087,0,0,,,0,,,185.1,0.0
T015088,0,0,,,0,,,235.72,0.0
T015089,0,0,,,0,,,179.61,0.0
T015090,0,0,,,0,,,167.91,0.0
T015091,0,0,,,0,,,163.11,0.0
T015092,0,0,,,0,,,512.84,0.0
T015093,0,0,,,0,,,209.6,0.0
T015094,0,0,,,0,,,155.07,0.0
T015095,0,0,,,0,,,191.1,0.0
T015096,0,0,,,0,,,245.53,0.0
T015097,0,0,,,0,,,388.68,0.0
T015098,0,0,,,0,,,179.29,0.0
T015099,0,0,,,0,,,592.62,0.0
T015100,0,0,,,0,,,284.6,0.0
T015101,0,0,,,0,,,118.6,0.0
T015102,1,0,,,0,,,0.0,1204.13
T015103,0,0,,,0,,,577.98,0.0
T015104,0,0,,,0,,,336.35,0.0
T015105,0,0,,,0,,,142.36,0.0
T015106,0,0,,,0,,,284.02,0.0
T015107,0,0,,,0,,,178.69,0.0
T015108,0,0,,,0,,,148.93,0.0
T015109,0,0,,,0,,,166.37,0.0
T015110,0,0,,,0,,,181.71,0.0
T015111,0,0,,,0,,,253.2,0.0
T015112,1,0,,,0,,,0.0,1142.74
T015113,0,0,,,0,,,214.65,0.0
T015114,0,0,,,0,,,179.78,0.0
T015115,0,0,,,0,,,169.25,0.0
T015116,0,0,,,0,,,184.96,0.0
T015117,0,0,,,0,,,1030.85,0.0
T015118,0,0,,,0,,,160.08,0.0
T015119,0,0,,,0,,,198.13,0.0
T015120,0,0,,,0,,,107.64,0.0
T015121,0,0,,,0,,,412.82,0.0
T015122,0,0,,,0,,,155.6,0.0
T015123,0,0,,,0,,,287.73,0.0
T015124,0,0,,,0,,,166.13,0.0
T015125,0,0,,,0,,,139.44,0.0
T015126,0,0,,,0,,,230.63,0.0
T015127,0,0,,,0,,,161.13,0.0
T015128,0,0,,,0,,,343.91,0.0
T015129,0,0,,,0,,,206.2,0.0
T015130,0,0,,,0,,,625.99,0.0
T015131,0,0,,,0,,,701.26,0.0
T015132,0,0,,,0,,,151.01,0.0
T015133,0,0,,,0,,,207.91,0.0
T015134,0,0,,,0,,,95.62,0.0
T015135,0,0,,,0,,,199.26,0.0
T015136,0,0,,,0,,,156.05,0.0
T015137,0,0,,,0,,,771.4,0.0
T015138,0,0,,,0,,,181.58,0.0
T015139,0,0,,,0,,,242.74,0.0
T015140,0,0,,,0,,,199.42,0.0
T015141,0,0,,,0,,,225.08,0.0
T015142,0,0,,,0,,,258.94,0.0
T015143,0,0,,,0,,,49.58,0.0
T015144,0,0,,,0,,,191.31,0.0
T015145,0,0,,,0,,,170.9,0.0
T015146,0,0,,,0,,,201.64,0.0
T015147,0,0,,,0,,,161.02,0.0
T015148,0,0,,,0,,,209.33,0.0
T015149,0,0,,,0,,,203.17,0.0
T015150,0,0,,,0,,,323.87,0.0
T015151,0,0,,,0,,,234.16,0.0
T015152,0,0,,,0,,,208.18,0.0
T015153,0,0,,,0,,,196.0,0.0
T015154,0,0,,,0,,,512.15,0.0
T015155,0,0,,,0,,,188.49,0.0
T015156,0,0,,,0,,,167.69,0.0
T015157,0,0,,,0,,,190.73,0.0
T015158,0,0,,,0,,,166.84,0.0
T015159,0,0,,,0,,,282.12,0.0
T015160,0,0,,,0,,,309.63,0.0
T015161,0,0,,,0,,,296.86,0.0
T015162,0,0,,,0,,,227.11,0.0
T015163,0,0,,,0,,,179.15,0.0
T015164,0,0,,,0,,,283.46,0.0
T015165,0,0,,,0,,,206.0,0.0
T015166,0,0,,,0,,,189.71,0.0
T015167,0,0,,,0,,,214.91,0.0
T015168,0,0,,,0,,,194.42,0.0
T015169,0,0,,,0,,,486.25,0.0
T015170,0,0,,,0,,,343.48,0.0
T015171,0,0,,,0,,,418.6,0.0
T015172,0,0,,,0,,,145.32,0.0
T015173,0,0,,,0,,,161.2,0.0
T015174,0,0,,,0,,,217.37,0.0
T015175,0,0,,,0,,,178.61,0.0
T015176,0,0,,,0,,,104.45,0.0
T015177,0,0,,,0,,,180.57,0.0
T015178,1,0,,,0,,,0.0,450.52
T015179,0,0,,,0,,,173.85,0.0
T015180,0,0,,,0,,,447.15,0.0
T015181,0,0,,,0,,,1030.53,0.0
T015182,0,0,,,0,,,164.05,0.0
T015183,0,0,,,0,,,1528.26,0.0
T015184,0,0,,,0,,,302.4,0.0
T015185,0,0,,,0,,,277.9,0.0
T015186,0,0,,,0,,,245.2,0.0
T015187,0,0,,,0,,,220.85,0.0
T015188,0,0,,,0,,,452.31,0.0
T015189,0,0,,,0,,,173.89,0.0
T015190,0,0,,,0,,,268.0,0.0
T015191,0,0,,,0,,,156.01,0.0
T015192,0,0,,,0,,,595.84,0.0
T015193,0,0,,,0,,,150.24,0.0
T015194,0,0,,,0,,,153.92,0.0
T015195,0,0,,,0,,,168.87,0.0
T015196,0,0,,,0,,,258.46,0.0
T015197,1,0,,,0,,,0.0,394.65
T015198,0,0,,,0,,,184.45,0.0
T015199,0,0,,,0,,,152.51,0.0
T015200,0,0,,,0,,,340.78,0.0
T015201,0,0,,,0,,,187.49,0.0
T015202,0,0,,,0,,,345.2,0.0
T015203,0,0,,,0,,,160.96,0.0
T015204,0,0,,,0,,,263.22,0.0
T015205,0,0,,,0,,,200.97,0.0
T015206,0,0,,,0,,,517.07,0.0
T015207,0,0,,,0,,,131.96,0.0
T015208,0,0,,,0,,,169.2,0.0
T015209,0,0,,,0,,,231.43,0.0
T015210,0,0,,,0,,,213.37,0.0
T015211,0,0,,,0,,,574.43,0.0
T015212,0,0,,,0,,,206.82,0.0
T015213,0,0,,,0,,,190.04,0.0
T015214,0,0,,,0,,,355.23,0.0
T015215,0,0,,,0,,,201.19,0.0
T015216,0,0,,,0,,,451.67,0.0
T015217,0,0,,,0,,,294.83,0.0
T015218,0,0,,,0,,,165.58,0.0
T015219,0,0,,,0,,,314.79,0.0
T015220,0,0,,,0,,,171.43,0.0
T015221,0,0,,,0,,,343.48,0.0
T015222,0,0,,,0,,,239.31,0.0
T015223,0,0,,,0,,,186.74,0.0
T015224,0,0,,,0,,,183.55,0.0
T015225,0,0,,,0,,,177.42,0.0
T015226,0,0,,,0,,,1630.5,0.0
T015227,0,0,,,0,,,350.48,0.0
T015228,0,0,,,0,,,347.12,0.0
T015229,0,0,,,0,,,209.78,0.0
T015230,0,0,,,0,,,344.51,0.0
T015231,0,0,,,0,,,115.81,0.0
T015232,0,0,,,0,,,278.53,0.0
T015233,0,0,,,0,,,207.72,0.0
T015234,0,0,,,0,,,215.79,0.0
T015235,0,0,,,0,,,187.24,0.0
T015236,0,0,,,0,,,233.54,0.0
T015237,0,0,,,0,,,188.24,0.0
T015238,0,0,,,0,,,321.11,0.0
T015239,0,0,,,0,,,234.3,0.0
T015240,0,0,,,0,,,225.45,0.0
T015241,0,0,,,0,,,157.79,0.0
T015242,0,0,,,0,,,108.53,0.0
T015243,0,0,,,0,,,549.81,0.0
T015244,0,0,,,0,,,224.76,0.0
T015245,0,0,,,0,,,110.14,0.0
T015246,0,0,,,0,,,87.8,0.0
T015247,0,0,,,0,,,257.25,0.0
T015248,0,0,,,0,,,209.31,0.0
T015249,0,0,,,0,,,248.73,0.0
T015250,0,0,,,0,,,73.82,0.0
T015251,0,0,,,0,,,243.75,0.0
T015252,0,0,,,0,,,558.23,0.0
T015253,0,0,,,0,,,171.36,0.0
T015254,0,0,,,0,,,218.94,0.0
T015255,0,0,,,0,,,123.47,0.0
T015256,0,0,,,0,,,141.73,0.0
T015257,0,0,,,0,,,96.01,0.0
T015258,0,0,,,0,,,700.3,0.0
T015259,0,0,,,0,,,287.15,0.0
T015260,0,0,,,0,,,406.72,0.0
T015261,0,0,,,0,,,177.67,0.0
T015262,0,0,,,0,,,280.84,0.0
T015263,0,0,,,0,,,160.56,0.0
T015264,0,0,,,0,,,162.51,0.0
T015265,0,0,,,0,,,178.52,0.0
T015266,0,0,,,0,,,223.67,0.0
T015267,0,0,,,0,,,166.11,0.0
T015268,0,0,,,0,,,411.87,0.0
T015269,0,0,,,0,,,330.77,0.0
T015270,0,0,,,0,,,187.02,0.0
T015271,0,0,,,0,,,198.32,0.0
T015272,0,0,,,0,,,221.21,0.0
T015273,0,0,,,0,,,142.73,0.0
T015274,0,0,,,0,,,84.36,0.0
T015275,1,0,,,0,,,0.0,5173.79
T015276,0,0,,,0,,,457.28,0.0
T015277,0,0,,,0,,,314.65,0.0
T015278,0,0,,,0,,,313.44,0.0
T015279,0,0,,,0,,,301.98,0.0
T015280,0,0,,,0,,,198.51,0.0
T015281,0,0,,,0,,,183.99,0.0
T015282,0,0,,,0,,,149.49,0.0
T015283,0,0,,,0,,,165.28,0.0
T015284,0,0,,,0,,,337.83,0.0
T015285,0,0,,,0,,,116.42,0.0
T015286,0,0,,,0,,,299.19,0.0
T015287,0,0,,,0,,,216.83,0.0
T015288,0,0,,,0,,,133.71,0.0
T015289,0,0,,,0,,,197.41,0.0
T015290,0,0,,,0,,,789.28,0.0
T015291,0,0,,,0,,,237.56,0.0
T015292,0,0,,,0,,,301.76,0.0
T015293,0,0,,,0,,,235.4,0.0
T015294,0,0,,,0,,,273.09,0.0
T015295,0,0,,,0,,,317.93,0.0
T015296,0,0,,,0,,,288.01,0.0
T015297,0,0,,,0,,,191.04,0.0
T015298,0,0,,,0,,,129.27,0.0
T015299,0,0,,,0,,,257.08,0.0
T015300,0,0,,,0,,,402.34,0.0
T015301,0,0,,,0,,,204.32,0.0
T015302,0,0,,,0,,,857.51,0.0
T015303,0,0,,,0,,,173.27,0.0
T015304,0,0,,,0,,,200.22,0.0
T015305,0,0,,,0,,,161.16,0.0
T015306,0,0,,,0,,,211.09,0.0
T015307,0,0,,,0,,,111.58,0.0
T015308,0,0,,,0,,,257.44,0.0
T015309,0,0,,,0,,,191.71,0.0
T015310,0,0,,,0,,,881.25,0.0
T015311,0,0,,,0,,,167.36,0.0
T015312,0,0,,,0,,,446.47,0.0
T015313,0,0,,,0,,,176.08,0.0
T015314,0,0,,,0,,,194.24,0.0
T015315,0,0,,,0,,,633.09,0.0
T015316,0,0,,,0,,,241.27,0.0
T015317,0,0,,,0,,,182.47,0.0
T015318,0,0,,,0,,,277.53,0.0
T015319,0,0,,,0,,,1779.05,0.0
T015320,0,0,,,0,,,170.25,0.0
T015321,0,0,,,0,,,1300.23,0.0
T015322,0,0,,,0,,,122.19,0.0
T015323,0,0,,,0,,,196.56,0.0
T015324,0,0,,,0,,,315.7,0.0
T015325,0,0,,,0,,,152.49,0.0
T015326,0,0,,,0,,,882.07,0.0
T015327,0,0,,,0,,,236.96,0.0
T015328,0,0,,,0,,,469.09,0.0
T015329,0,0,,,0,,,81.51,0.0
T015330,0,0,,,0,,,306.12,0.0
T015331,0,0,,,0,,,171.32,0.0
T015332,0,0,,,0,,,222.51,0.0
T015333,0,0,,,0,,,211.97,0.0
T015334,0,0,,,0,,,206.96,0.0
T015335,0,0,,,0,,,136.94,0.0
T015336,0,0,,,0,,,330.2,0.0
T015337,0,0,,,0,,,394.78,0.0
T015338,0,0,,,0,,,344.29,0.0
T015339,0,0,,,0,,,163.55,0.0
T015340,0,0,,,0,,,194.85,0.0
T015341,0,0,,,0,,,520.91,0.0
T015342,0,0,,,0,,,173.53,0.0
T015343,0,0,,,0,,,169.53,0.0
T015344,0,0,,,0,,,226.18,0.0
T015345,0,0,,,0,,,261.03,0.0
T015346,0,0,,,0,,,228.42,0.0
T015347,0,0,,,0,,,175.79,0.0
T015348,0,0,,,0,,,155.62,0.0
T015349,0,0,,,0,,,169.81,0.0
T015350,0,0,,,0,,,205.85,0.0
T015351,0,0,,,0,,,162.45,0.0
T015352,0,0,,,0,,,186.79,0.0
T015353,0,0,,,0,,,135.86,0.0
T015354,0,0,,,0,,,157.87,0.0
T015355,0,0,,,0,,,203.09,0.0
T015356,0,0,,,0,,,272.87,0.0
T015357,0,0,,,0,,,78.12,0.0
T015358,0,0,,,0,,,179.4,0.0
T015359,0,0,,,0,,,250.86,0.0
T015360,0,0,,,0,,,300.34,0.0
T015361,0,0,,,0,,,293.65,0.0
T015362,0,0,,,0,,,109.66,0.0
T015363,0,0,,,0,,,166.63,0.0
T015364,0,0,,,0,,,428.79,0.0
T015365,0,0,,,0,,,180.71,0.0
T015366,0,0,,,0,,,172.44,0.0
T015367,0,0,,,0,,,1197.43,0.0
T015368,0,0,,,0,,,260.84,0.0
T015369,0,0,,,0,,,280.25,0.0
T015370,0,0,,,0,,,199.71,0.0
T015371,0,0,,,0,,,186.34,0.0
T015372,0,0,,,0,,,219.95,0.0
T015373,0,0,,,0,,,164.11,0.0
T015374,0,0,,,0,,,201.27,0.0
T015375,0,0,,,0,,,161.07,0.0
T015376,0,0,,,0,,,261.67,0.0
T015377,0,0,,,0,,,246.66,0.0
T015378,0,0,,,0,,,203.87,0.0
T015379,0,0,,,0,,,185.95,0.0
T015380,0,0,,,0,,,216.04,0.0
T015381,0,0,,,0,,,367.82,0.0
T015382,0,0,,,0,,,157.72,0.0
T015383,0,0,,,0,,,341.0,0.0
T015384,0,0,,,0,,,485.88,0.0
T015385,0,0,,,0,,,691.7,0.0
T015386,0,0,,,0,,,251.7,0.0
T015387,0,0,,,0,,,251.57,0.0
T015388,0,0,,,0,,,166.76,0.0
T015389,0,0,,,0,,,273.65,0.0
T015390,0,0,,,0,,,163.83,0.0
T015391,0,0,,,0,,,367.78,0.0
T015392,0,0,,,0,,,173.06,0.0
T015393,0,0,,,0,,,319.82,0.0
T015394,0,0,,,0,,,220.83,0.0
T015395,0,0,,,0,,,963.39,0.0
T015396,0,0,,,0,,,107.66,0.0
T015397,0,0,,,0,,,228.53,0.0
T015398,0,0,,,0,,,226.42,0.0
T015399,0,0,,,0,,,451.27,0.0
T015400,0,0,,,0,,,294.09,0.0
T015401,0,0,,,0,,,72.12,0.0
T015402,0,0,,,0,,,137.02,0.0
T015403,0,0,,,0,,,327.85,0.0
T015404,0,0,,,0,,,160.75,0.0
T015405,0,0,,,0,,,172.63,0.0
T015406,0,0,,,0,,,155.75,0.0
T015407,0,0,,,0,,,195.15,0.0
T015408,0,0,,,0,,,196.54,0.0
T015409,0,0,,,0,,,213.95,0.0
T015410,0,0,,,0,,,846.33,0.0
T015411,0,0,,,0,,,131.82,0.0
T015412,0,0,,,0,,,180.8,0.0
T015413,0,0,,,0,,,260.6,0.0
T015414,0,0,,,0,,,165.35,0.0
T015415,0,0,,,0,,,169.36,0.0
T015416,0,0,,,0,,,247.53,0.0
T015417,0,0,,,0,,,396.3,0.0
T015418,0,0,,,0,,,173.08,0.0
T015419,0,0,,,0,,,378.47,0.0
T015420,0,0,,,0,,,149.02,0.0
T015421,0,0,,,0,,,474.07,0.0
T015422,0,0,,,0,,,417.79,0.0
T015423,0,0,,,0,,,249.44,0.0
T015424,0,0,,,0,,,183.27,0.0
T015425,0,0,,,0,,,165.88,0.0
T015426,0,0,,,0,,,273.07,0.0
T015427,0,0,,,0,,,500.06,0.0
T015428,0,0,,,0,,,182.9,0.0
T015429,0,0,,,0,,,213.58,0.0
T015430,0,0,,,0,,,428.77,0.0
T015431,0,0,,,0,,,433.32,0.0
T015432,0,0,,,0,,,165.45,0.0
T015433,0,0,,,0,,,159.59,0.0
T015434,0,0,,,0,,,421.77,0.0
T015435,0,0,,,0,,,1164.26,0.0
T015436,0,0,,,0,,,626.21,0.0
T015437,0,0,,,0,,,267.04,0.0
T015438,0,0,,,0,,,397.77,0.0
T015439,0,0,,,0,,,274.87,0.0
T015440,0,0,,,0,,,175.95,0.0
T015441,0,0,,,0,,,259.26,0.0
T015442,0,0,,,0,,,288.52,0.0
T015443,0,0,,,0,,,313.71,0.0
T015444,0,0,,,0,,,290.06,0.0
T015445,0,0,,,0,,,189.54,0.0
T015446,0,0,,,0,,,165.82,0.0
T015447,0,0,,,0,,,199.95,0.0
T015448,0,0,,,0,,,194.46,0.0
T015449,0,0,,,0,,,222.56,0.0
T015450,0,0,,,0,,,587.36,0.0
T015451,0,0,,,0,,,160.38,0.0
T015452,0,0,,,0,,,142.78,0.0
T015453,0,0,,,0,,,171.69,0.0
T015454,0,0,,,0,,,210.34,0.0
T015455,0,0,,,0,,,252.11,0.0
T015456,0,0,,,0,,,164.85,0.0
T015457,0,0,,,0,,,377.23,0.0
T015458,0,0,,,0,,,142.92,0.0
T015459,0,0,,,0,,,389.11,0.0
T015460,0,0,,,0,,,781.62,0.0
T015461,0,0,,,0,,,271.1,0.0
T015462,0,0,,,0,,,217.81,0.0
T015463,0,0,,,0,,,235.2,0.0
T015464,0,0,,,0,,,326.17,0.0
T015465,0,0,,,0,,,395.41,0.0
T015466,0,0,,,0,,,177.13,0.0
T015467,0,0,,,0,,,223.8,0.0
T015468,0,0,,,0,,,265.28,0.0
T015469,0,0,,,0,,,256.19,0.0
T015470,0,0,,,0,,,213.68,0.0
T015471,0,0,,,0,,,507.2,0.0
T015472,0,0,,,0,,,441.32,0.0
T015473,0,0,,,0,,,196.88,0.0
T015474,0,0,,,0,,,382.54,0.0
T015475,0,0,,,0,,,316.62,0.0
T015476,0,0,,,0,,,255.28,0.0
T015477,0,0,,,0,,,175.72,0.0
T015478,0,0,,,0,,,440.03,0.0
T015479,0,0,,,0,,,211.63,0.0
T015480,0,0,,,0,,,286.97,0.0
T015481,0,0,,,0,,,111.6,0.0
T015482,0,0,,,0,,,491.88,0.0
T015483,0,0,,,0,,,298.0,0.0
T015484,0,0,,,0,,,460.68,0.0
T015485,0,0,,,0,,,165.22,0.0
T015486,0,0,,,0,,,150.51,0.0
T015487,0,0,,,0,,,330.22,0.0
T015488,0,0,,,0,,,113.7,0.0
T015489,0,0,,,0,,,205.83,0.0
T015490,0,0,,,0,,,220.94,0.0
T015491,0,0,,,0,,,195.83,0.0
T015492,0,0,,,0,,,160.21,0.0
T015493,0,0,,,0,,,731.96,0.0
T015494,0,0,,,0,,,196.99,0.0
T015495,0,0,,,0,,,417.98,0.0
T015496,0,0,,,0,,,428.45,0.0
T015497,0,0,,,0,,,172.51,0.0
T015498,0,0,,,0,,,223.14,0.0
T015499,1,0,,,0,,,0.0,1903.17
T015500,0,0,,,0,,,118.87,0.0
T015501,0,0,,,0,,,207.64,0.0
T015502,0,0,,,0,,,173.95,0.0
T015503,0,0,,,0,,,221.46,0.0
T015504,0,0,,,0,,,268.42,0.0
T015505,0,0,,,0,,,785.38,0.0
T015506,0,0,,,0,,,331.11,0.0
T015507,0,0,,,0,,,85.84,0.0
T015508,0,0,,,0,,,165.49,0.0
T015509,0,0,,,0,,,1180.55,0.0
T015510,0,0,,,0,,,161.88,0.0
T015511,0,0,,,0,,,176.82,0.0
T015512,0,0,,,0,,,737.12,0.0
T015513,0,0,,,0,,,275.89,0.0
T015514,0,0,,,0,,,159.82,0.0
T015515,0,0,,,0,,,194.71,0.0
T015516,0,0,,,0,,,168.15,0.0
T015517,0,0,,,0,,,177.48,0.0
T015518,0,0,,,0,,,620.09,0.0
T015519,0,0,,,0,,,211.74,0.0
T015520,0,0,,,0,,,211.34,0.0
T015521,0,0,,,0,,,210.77,0.0
T015522,0,0,,,0,,,179.76,0.0
T015523,0,0,,,0,,,158.2,0.0
T015524,0,0,,,0,,,277.02,0.0
T015525,0,0,,,0,,,181.92,0.0
T015526,0,0,,,0,,,487.68,0.0
T015527,0,0,,,0,,,371.56,0.0
T015528,0,0,,,0,,,223.57,0.0
T015529,0,0,,,0,,,163.61,0.0
T015530,0,0,,,0,,,544.95,0.0
T015531,0,0,,,0,,,299.89,0.0
T015532,0,0,,,0,,,192.36,0.0
T015533,0,0,,,0,,,183.44,0.0
T015534,0,0,,,0,,,496.73,0.0
T015535,0,0,,,0,,,213.72,0.0
T015536,0,0,,,0,,,201.12,0.0
T015537,0,0,,,0,,,186.9,0.0
T015538,0,0,,,0,,,177.26,0.0
T015539,0,0,,,0,,,258.16,0.0
T015540,0,0,,,0,,,189.63,0.0
T015541,0,0,,,0,,,320.12,0.0
T015542,0,0,,,0,,,550.67,0.0
T015543,0,0,,,0,,,237.15,0.0
T015544,0,0,,,0,,,457.64,0.0
T015545,0,0,,,0,,,136.89,0.0
T015546,0,0,,,0,,,167.86,0.0
T015547,0,0,,,0,,,184.1,0.0
T015548,0,0,,,0,,,472.68,0.0
T015549,0,0,,,0,,,121.29,0.0
T015550,0,0,,,0,,,178.52,0.0
T015551,0,0,,,0,,,588.87,0.0
T015552,0,0,,,0,,,279.81,0.0
T015553,0,0,,,0,,,172.72,0.0
T015554,0,0,,,0,,,151.28,0.0
T015555,0,0,,,0,,,178.76,0.0
T015556,0,0,,,0,,,159.02,0.0
T015557,0,0,,,0,,,395.36,0.0
T015558,0,0,,,0,,,179.73,0.0
T015559,0,0,,,0,,,615.03,0.0
T015560,0,0,,,0,,,189.19,0.0
T015561,0,0,,,0,,,473.32,0.0
T015562,0,0,,,0,,,156.61,0.0
T015563,0,0,,,0,,,309.75,0.0
T015564,1,0,,,0,,,0.0,2542.44
T015565,0,0,,,0,,,226.07,0.0
T015566,0,0,,,0,,,501.79,0.0
T015567,0,0,,,0,,,156.96,0.0
T015568,0,0,,,0,,,172.84,0.0
T015569,0,0,,,0,,,242.59,0.0
T015570,0,0,,,0,,,447.02,0.0
T015571,0,0,,,0,,,142.4,0.0
T015572,0,0,,,0,,,243.11,0.0
T015573,0,0,,,0,,,285.18,0.0
T015574,0,0,,,0,,,186.93,0.0
T015575,0,0,,,0,,,252.29,0.0
T015576,0,0,,,0,,,224.06,0.0
T015577,0,0,,,0,,,310.28,0.0
T015578,0,0,,,0,,,420.28,0.0
T015579,0,0,,,0,,,314.16,0.0
T015580,0,0,,,0,,,374.22,0.0
T015581,0,0,,,0,,,210.51,0.0
T015582,0,0,,,0,,,296.41,0.0
T015583,0,0,,,0,,,151.28,0.0
T015584,0,0,,,0,,,1323.06,0.0
T015585,0,0,,,0,,,988.15,0.0
T015586,0,0,,,0,,,1340.39,0.0
T015587,0,0,,,0,,,1083.63,0.0
T015588,0,0,,,0,,,402.66,0.0
T015589,0,0,,,0,,,176.55,0.0
T015590,0,0,,,0,,,460.98,0.0
T015591,0,0,,,0,,,86.16,0.0
T015592,0,0,,,0,,,381.89,0.0
T015593,0,0,,,0,,,201.4,0.0
T015594,0,0,,,0,,,135.09,0.0
T015595,0,0,,,0,,,175.94,0.0
T015596,0,0,,,0,,,485.04,0.0
T015597,0,0,,,0,,,146.77,0.0
T015598,0,0,,,0,,,395.86,0.0
T015599,0,0,,,0,,,157.64,0.0
T015600,0,0,,,0,,,353.88,0.0
T015601,0,0,,,0,,,163.17,0.0
T015602,0,0,,,0,,,201.14,0.0
T015603,0,0,,,0,,,246.19,0.0
T015604,0,0,,,0,,,268.63,0.0
T015605,0,0,,,0,,,249.64,0.0
T015606,0,0,,,0,,,297.77,0.0
T015607,0,0,,,0,,,195.54,0.0
T015608,0,0,,,0,,,666.18,0.0
T015609,0,0,,,0,,,216.73,0.0
T015610,0,0,,,0,,,152.67,0.0
T015611,0,0,,,0,,,237.41,0.0
T015612,0,0,,,0,,,156.89,0.0
T015613,0,0,,,0,,,170.46,0.0
T015614,0,0,,,0,,,206.04,0.0
T015615,0,0,,,0,,,582.78,0.0
T015616,0,0,,,0,,,200.82,0.0
T015617,0,0,,,0,,,176.77,0.0
T015618,0,0,,,0,,,260.22,0.0
T015619,0,0,,,0,,,168.07,0.0
T015620,0,0,,,0,,,846.71,0.0
T015621,0,0,,,0,,,416.34,0.0
T015622,0,0,,,0,,,225.63,0.0
T015623,0,0,,,0,,,332.8,0.0
T015624,0,0,,,0,,,255.41,0.0
T015625,0,0,,,0,,,436.03,0.0
T015626,0,0,,,0,,,286.0,0.0
T015627,0,0,,,0,,,377.34,0.0
T015628,0,0,,,0,,,166.19,0.0
T015629,0,0,,,0,,,153.74,0.0
T015630,0,0,,,0,,,1715.39,0.0
T015631,0,0,,,0,,,166.38,0.0
T015632,0,0,,,0,,,214.59,0.0
T015633,0,0,,,0,,,143.84,0.0
T015634,0,0,,,0,,,314.04,0.0
T015635,0,0,,,0,,,198.0,0.0
T015636,0,0,,,0,,,259.79,0.0
T015637,0,0,,,0,,,525.87,0.0
T015638,0,0,,,0,,,168.74,0.0
T015639,0,0,,,0,,,178.99,0.0
T015640,0,0,,,0,,,190.55,0.0
T015641,0,0,,,0,,,336.89,0.0
T015642,0,0,,,0,,,159.57,0.0
T015643,0,0,,,0,,,213.42,0.0
T015644,0,0,,,0,,,298.4,0.0
T015645,0,0,,,0,,,217.52,0.0
T015646,0,0,,,0,,,196.89,0.0
T015647,0,0,,,0,,,94.24,0.0
T015648,0,0,,,0,,,172.26,0.0
T015649,0,0,,,0,,,117.92,0.0
T015650,0,0,,,0,,,254.65,0.0
T015651,0,0,,,0,,,153.89,0.0
T015652,0,0,,,0,,,358.07,0.0
T015653,0,0,,,0,,,2500.0,0.0
T015654,0,0,,,0,,,246.63,0.0
T015655,0,0,,,0,,,186.02,0.0
T015656,0,0,,,0,,,207.33,0.0
T015657,0,0,,,0,,,500.32,0.0
T015658,0,0,,,0,,,231.57,0.0
T015659,0,0,,,0,,,138.17,0.0
T015660,0,0,,,0,,,188.18,0.0
T015661,0,0,,,0,,,244.49,0.0
T015662,0,0,,,0,,,170.95,0.0
T015663,0,0,,,0,,,165.86,0.0
T015664,0,0,,,0,,,288.13,0.0
T015665,0,0,,,0,,,182.51,0.0
T015666,0,0,,,0,,,288.24,0.0
T015667,0,0,,,0,,,92.09,0.0
T015668,0,0,,,0,,,299.86,0.0
T015669,0,0,,,0,,,288.85,0.0
T015670,0,0,,,0,,,564.63,0.0
T015671,0,0,,,0,,,155.05,0.0
T015672,0,0,,,0,,,414.0,0.0
T015673,0,0,,,0,,,566.22,0.0
T015674,0,0,,,0,,,197.15,0.0
T015675,0,0,,,0,,,667.0,0.0
T015676,1,0,,,0,,,0.0,1261.87
T015677,0,0,,,0,,,182.03,0.0
T015678,0,0,,,0,,,246.48,0.0
T015679,0,0,,,0,,,345.94,0.0
T015680,0,0,,,0,,,163.6,0.0
T015681,0,0,,,0,,,162.52,0.0
T015682,0,0,,,0,,,185.13,0.0
T015683,0,0,,,0,,,118.14,0.0
T015684,0,0,,,0,,,221.9,0.0
T015685,0,0,,,0,,,323.69,0.0
T015686,0,0,,,0,,,207.04,0.0
T015687,0,0,,,0,,,80.88,0.0
T015688,0,0,,,0,,,201.91,0.0
T015689,0,0,,,0,,,388.44,0.0
T015690,0,0,,,0,,,214.66,0.0
T015691,0,0,,,0,,,526.83,0.0
T015692,0,0,,,0,,,154.39,0.0
T015693,0,0,,,0,,,154.52,0.0
T015694,0,0,,,0,,,274.66,0.0
T015695,0,0,,,0,,,151.41,0.0
T015696,0,0,,,0,,,182.64,0.0
T015697,0,0,,,0,,,336.07,0.0
T015698,0,0,,,0,,,234.97,0.0
T015699,0,0,,,0,,,164.5,0.0
T015700,0,0,,,0,,,266.21,0.0
T015701,0,0,,,0,,,192.97,0.0
T015702,0,0,,,0,,,657.04,0.0
T015703,0,0,,,0,,,134.84,0.0
T015704,0,0,,,0,,,156.5,0.0
T015705,0,0,,,0,,,179.09,0.0
T015706,0,0,,,0,,,175.23,0.0
T015707,0,0,,,0,,,239.68,0.0
T015708,0,0,,,0,,,200.74,0.0
T015709,0,0,,,0,,,176.14,0.0
T015710,0,0,,,0,,,442.8,0.0
T015711,0,0,,,0,,,171.99,0.0
T015712,0,0,,,0,,,929.93,0.0
T015713,0,0,,,0,,,108.17,0.0
T015714,0,0,,,0,,,348.06,0.0
T015715,0,0,,,0,,,434.88,0.0
T015716,0,0,,,0,,,130.06,0.0
T015717,0,0,,,0,,,258.35,0.0
T015718,0,0,,,0,,,227.92,0.0
T015719,0,0,,,0,,,287.3,0.0
T015720,0,0,,,0,,,324.78,0.0
T015721,0,0,,,0,,,298.94,0.0
T015722,0,0,,,0,,,207.39,0.0
T015723,0,0,,,0,,,447.38,0.0
T015724,0,0,,,0,,,301.78,0.0
T015725,0,0,,,0,,,71.87,0.0
T015726,0,0,,,0,,,162.27,0.0
T015727,0,0,,,0,,,177.78,0.0
T015728,0,0,,,0,,,153.07,0.0
T015729,0,0,,,0,,,194.8,0.0
T015730,0,0,,,0,,,152.47,0.0
T015731,0,0,,,0,,,129.61,0.0
T015732,0,0,,,0,,,665.28,0.0
T015733,0,0,,,0,,,259.45,0.0
T015734,0,0,,,0,,,877.16,0.0
T015735,0,0,,,0,,,556.61,0.0
T015736,0,0,,,0,,,467.05,0.0
T015737,0,0,,,0,,,164.85,0.0
T015738,0,0,,,0,,,219.74,0.0
T015739,0,0,,,0,,,332.05,0.0
T015740,0,0,,,0,,,155.64,0.0
T015741,0,0,,,0,,,324.74,0.0
T015742,0,0,,,0,,,367.31,0.0
T015743,0,0,,,0,,,476.2,0.0
T015744,0,0,,,0,,,215.96,0.0
T015745,0,0,,,0,,,161.51,0.0
T015746,0,0,,,0,,,311.7,0.0
T015747,0,0,,,0,,,551.74,0.0
T015748,0,0,,,0,,,79.63,0.0
T015749,0,0,,,0,,,207.05,0.0
T015750,1,0,,,0,,,0.0,8385.42
T015751,0,0,,,0,,,444.78,0.0
T015752,0,0,,,0,,,180.22,0.0
T015753,0,0,,,0,,,100.66,0.0
T015754,0,0,,,0,,,198.41,0.0
T015755,0,0,,,0,,,194.1,0.0
T015756,0,0,,,0,,,152.52,0.0
T015757,0,0,,,0,,,199.32,0.0
T015758,0,0,,,0,,,811.61,0.0
T015759,0,0,,,0,,,557.62,0.0
T015760,0,0,,,0,,,288.02,0.0
T015761,0,0,,,0,,,218.61,0.0
T015762,0,0,,,0,,,168.42,0.0
T015763,0,0,,,0,,,237.15,0.0
T015764,0,0,,,0,,,177.34,0.0
T015765,0,0,,,0,,,288.19,0.0
T015766,0,0,,,0,,,604.76,0.0
T015767,0,0,,,0,,,158.15,0.0
T015768,0,0,,,0,,,652.69,0.0
T015769,0,0,,,0,,,253.17,0.0
T015770,0,0,,,0,,,219.77,0.0
T015771,0,0,,,0,,,153.77,0.0
T015772,0,0,,,0,,,446.13,0.0
T015773,0,0,,,0,,,223.75,0.0
T015774,0,0,,,0,,,208.14,0.0
T015775,0,0,,,0,,,164.87,0.0
T015776,0,0,,,0,,,217.51,0.0
T015777,0,0,,,0,,,252.88,0.0
T015778,0,0,,,0,,,318.53,0.0
T015779,0,0,,,0,,,148.75,0.0
T015780,0,0,,,0,,,217.83,0.0
T015781,0,0,,,0,,,220.93,0.0
T015782,0,0,,,0,,,181.56,0.0
T015783,0,0,,,0,,,845.14,0.0
T015784,0,0,,,0,,,147.47,0.0
T015785,0,0,,,0,,,262.07,0.0
T015786,0,0,,,0,,,292.18,0.0
T015787,0,0,,TRN_B2,0,,,203.98,0.0
T015788,0,0,,,0,,,332.45,0.0
T015789,0,0,,TRN_B2,0,,,205.91,0.0
T015790,0,0,,,0,,,192.62,0.0
T015791,0,0,,,0,,,275.43,0.0
T015792,0,0,,TRN_B2,0,,,184.05,0.0
T015793,0,0,,TRN_B2,0,,,151.47,0.0
T015794,0,0,,TRN_B2,0,,,283.96,0.0
T015795,0,0,,,0,,,160.49,0.0
T015796,0,0,,TRN_B2,0,,,160.17,0.0
T015797,0,0,,TRN_B2,0,,,152.33,0.0
T015798,0,0,,TRN_B2,0,,,235.97,0.0
T015799,0,0,,,0,,,152.61,0.0
T015800,0,0,,TRN_B2,0,,,276.0,0.0
T015801,0,0,,TRN_B2,0,,,235.87,0.0
T015802,0,0,,TRN_B2,0,,,217.76,0.0
T015803,0,0,,,0,,,178.12,0.0
T015804,0,0,,TRN_B2,0,,,184.5,0.0
T015805,0,0,,,0,,,281.98,0.0
T015806,0,0,,,0,,,160.83,0.0
T015807,0,0,,TRN_B2,0,,,178.16,0.0
T015808,0,0,,TRN_B2,0,,,2500.0,0.0
T015809,0,0,,TRN_B2,0,,,1006.08,0.0
T015810,0,0,,,0,,,212.1,0.0
T015811,0,0,,TRN_B2,0,,,184.78,0.0
T015812,0,0,,,0,,,261.08,0.0
T015813,0,0,,TRN_B2,0,,,475.17,0.0
T015814,0,0,,TRN_B2,0,,,206.36,0.0
T015815,0,0,,,0,,,216.02,0.0
T015816,0,0,,,0,,,321.38,0.0
T015817,0,0,,,0,,,269.87,0.0
T015818,0,0,,TRN_B2,0,,,142.49,0.0
T015819,0,0,,TRN_B2,0,,,178.68,0.0
T015820,0,0,,TRN_B2,0,,,276.82,0.0
T015821,0,0,,,0,,,178.49,0.0
T015822,0,0,,TRN_B2,0,,,262.44,0.0
T015823,0,0,,,0,,,226.94,0.0
T015824,0,0,,TRN_B2,0,,,206.2,0.0
T015825,0,0,,,0,,,286.62,0.0
T015826,0,0,,TRN_B2,0,,,337.57,0.0
T015827,0,0,,,0,,,178.93,0.0
T015828,0,0,,TRN_B2,0,,,156.01,0.0
T015829,0,0,,TRN_B2,0,,,191.18,0.0
T015830,0,0,,TRN_B2,0,,,161.59,0.0
T015831,0,0,,TRN_B2,0,,,115.93,0.0
T015832,0,0,,,0,,,244.52,0.0
T015833,0,0,,,0,,,198.19,0.0
T015834,0,0,,,0,,,155.44,0.0
T015835,0,0,,TRN_B2,0,,,249.08,0.0
T015836,0,0,,TRN_B2,0,,,151.92,0.0
T015837,0,0,,,0,,,168.0,0.0
T015838,1,0,,,0,,,0.0,265.84
T015839,0,0,,TRN_B2,0,,,91.17,0.0
T015840,1,0,,TRN_B2,0,,,0.0,17001.42
T015841,1,0,,,0,,,0.0,1917.85
T015842,0,0,,TRN_B2,0,,,181.25,0.0
T015843,0,0,,,0,,,236.1,0.0
T015844,0,0,,,0,,,1032.03,0.0
T015845,0,0,,,0,,,156.43,0.0
T015846,0,0,,,0,,,273.98,0.0
T015847,0,0,,TRN_B2,0,,,269.95,0.0
T015848,0,0,,TRN_B2,0,,,607.93,0.0
T015849,0,0,,,0,,,340.67,0.0
T015850,0,0,,,0,,,273.64,0.0
T015851,0,0,,TRN_B2,0,,,225.49,0.0
T015852,0,0,,,0,,,155.57,0.0
T015853,0,0,,,0,,,194.0,0.0
T015854,0,0,,TRN_B2,0,,,254.19,0.0
T015855,0,0,,,0,,,209.3,0.0
T015856,0,0,,TRN_B2,0,,,221.13,0.0
T015857,0,0,,,0,,,163.23,0.0
T015858,0,0,,,0,,,212.12,0.0
T015859,0,0,,TRN_B2,0,,,632.95,0.0
T015860,0,0,,TRN_B2,0,,,285.43,0.0
T015861,0,0,,,0,,,184.45,0.0
T015862,0,0,,TRN_B2,0,,,1144.0,0.0
T015863,0,0,,TRN_B2,0,,,159.7,0.0
T015864,0,0,,TRN_B2,0,,,679.57,0.0
T015865,0,0,,TRN_B2,0,,,307.58,0.0
T015866,0,0,,TRN_B2,0,,,208.96,0.0
T015867,0,0,,TRN_B2,0,,,282.18,0.0
T015868,0,0,,,0,,,406.53,0.0
T015869,0,0,,,0,,,245.97,0.0
T015870,0,0,,,0,,,305.6,0.0
T015871,0,0,,,0,,,582.39,0.0
T015872,0,0,,,0,,,272.69,0.0
T015873,0,0,,TRN_B2,0,,,199.31,0.0
T015874,0,0,,TRN_B2,0,,,215.39,0.0
T015875,0,0,,TRN_B2,0,,,184.51,0.0
T015876,0,0,,TRN_B2,0,,,143.86,0.0
T015877,0,0,,TRN_B2,0,,,265.33,0.0
T015878,0,0,,TRN_B2,0,,,153.13,0.0
T015879,0,0,,,0,,,295.5,0.0
T015880,0,0,,TRN_B2,0,,,648.95,0.0
T015881,0,0,,TRN_B2,0,,,170.86,0.0
T015882,0,0,,,0,,,239.49,0.0
T015883,0,0,,,0,,,183.55,0.0
T015884,0,0,,TRN_B2,0,,,168.4,0.0
T015885,0,0,,TRN_B2,0,,,149.51,0.0
T015886,0,0,,,0,,,225.25,0.0
T015887,0,0,,,0,,,291.18,0.0
T015888,0,0,,TRN_B2,0,,,628.42,0.0
T015889,0,0,,TRN_B2,0,,,167.94,0.0
T015890,0,0,,,0,,,160.61,0.0
T015891,0,0,,TRN_B2,0,,,330.98,0.0
T015892,0,0,,TRN_B2,0,,,186.56,0.0
T015893,0,0,,,0,,,379.71,0.0
T015894,0,0,,TRN_B2,0,,,636.21,0.0
T015895,0,0,,TRN_B2,0,,,182.2,0.0
T015896,0,0,,,0,,,337.41,0.0
T015897,0,0,,TRN_B2,0,,,328.93,0.0
T015898,0,0,,TRN_B2,0,,,140.92,0.0
T015899,0,0,,,0,,,157.71,0.0
T015900,0,0,,TRN_B2,0,,,322.82,0.0
T015901,0,0,,,0,,,606.42,0.0
T015902,0,0,,TRN_B2,0,,,383.06,0.0
T015903,0,0,,,0,,,289.2,0.0
T015904,0,0,,TRN_B2,0,,,165.43,0.0
T015905,0,0,,TRN_B2,0,,,267.22,0.0
T015906,0,0,,TRN_B2,0,,,113.77,0.0
T015907,0,0,,TRN_B2,0,,,170.31,0.0
T015908,0,0,,TRN_B2,0,,,704.92,0.0
T015909,0,0,,,0,,,216.37,0.0
T015910,0,0,,TRN_B2,0,,,163.6,0.0
T015911,0,0,,,0,,,272.72,0.0
T015912,0,0,,,0,,,181.16,0.0
T015913,0,0,,TRN_B2,0,,,235.25,0.0
T015914,0,0,,,0,,,84.97,0.0
T015915,0,0,,TRN_B2,0,,,233.59,0.0
T015916,0,0,,,0,,,188.37,0.0
T015917,0,0,,TRN_B2,0,,,188.32,0.0
T015918,0,0,,TRN_B2,0,,,159.43,0.0
T015919,0,0,,TRN_B2,0,,,188.44,0.0
T015920,0,0,,,0,,,177.86,0.0
T015921,0,0,,TRN_B2,0,,,707.46,0.0
T015922,0,0,,TRN_B2,0,,,254.08,0.0
T015923,0,0,,TRN_B2,0,,,168.53,0.0
T015924,0,0,,TRN_B2,0,,,164.39,0.0
T015925,0,0,,TRN_B2,0,,,135.82,0.0
T015926,0,0,,,0,,,161.51,0.0
T015927,0,0,,,0,,,157.39,0.0
T015928,0,0,,,0,,,348.43,0.0
T015929,0,0,,TRN_B2,0,,,185.35,0.0
T015930,0,0,,,0,,,215.83,0.0
T015931,0,0,,TRN_B2,0,,,259.87,0.0
T015932,0,0,,,0,,,163.0,0.0
T015933,0,0,,TRN_B2,0,,,527.06,0.0
T015934,0,0,,,0,,,112.1,0.0
T015935,0,0,,,0,,,251.78,0.0
T015936,0,0,,TRN_B2,0,,,251.61,0.0
T015937,0,0,,,0,,,228.91,0.0
T015938,0,0,,TRN_B2,0,,,582.34,0.0
T015939,0,0,,TRN_B2,0,,,187.04,0.0
T015940,0,0,,TRN_B2,0,,,465.16,0.0
T015941,0,0,,,0,,,217.44,0.0
T015942,0,0,,TRN_B2,0,,,550.82,0.0
T015943,1,0,,TRN_B2,0,,,0.0,463.89
T015944,0,0,,TRN_B2,0,,,309.4,0.0
T015945,0,0,,TRN_B2,0,,,685.38,0.0
T015946,0,0,,TRN_B2,0,,,214.92,0.0
T015947,0,0,,TRN_B2,0,,,303.22,0.0
T015948,0,0,,TRN_B2,0,,,200.97,0.0
T015949,0,0,,TRN_B2,0,,,200.55,0.0
T015950,0,0,,,0,,,683.79,0.0
T015951,0,0,,TRN_B2,0,,,155.02,0.0
T015952,0,0,,TRN_B2,0,,,203.05,0.0
T015953,0,0,,TRN_B2,0,,,324.94,0.0
T015954,0,0,,TRN_B2,0,,,224.57,0.0
T015955,0,0,,TRN_B2,0,,,183.98,0.0
T015956,0,0,,TRN_B2,0,,,171.6,0.0
T015957,0,0,,TRN_B2,0,,,177.17,0.0
T015958,0,0,,,0,,,220.58,0.0
T015959,0,0,,TRN_B2,0,,,159.93,0.0
T015960,0,0,,TRN_B2,0,,,298.1,0.0
T015961,0,0,,TRN_B2,0,,,266.05,0.0
T015962,0,0,,,0,,,248.13,0.0
T015963,0,0,,TRN_B2,0,,,197.15,0.0
T015964,0,0,,TRN_B2,0,,,391.62,0.0
T015965,0,0,,,0,,,208.25,0.0
T015966,0,0,,TRN_B2,0,,,88.26,0.0
T015967,0,0,,TRN_B2,0,,,846.17,0.0
T015968,0,0,,TRN_B2,0,,,241.26,0.0
T015969,0,0,,TRN_B2,0,,,255.83,0.0
T015970,0,0,,TRN_B2,0,,,187.79,0.0
T015971,0,0,,TRN_B2,0,,,92.23,0.0
T015972,0,0,,,0,,,190.76,0.0
T015973,0,0,,,0,,,1420.98,0.0
T015974,0,0,,TRN_B2,0,,,176.69,0.0
T015975,0,0,,,0,,,414.55,0.0
T015976,0,0,,TRN_B2,0,,,247.02,0.0
T015977,0,0,,TRN_B2,0,,,164.86,0.0
T015978,0,0,,TRN_B2,0,,,154.33,0.0
T015979,0,0,,TRN_B2,0,,,107.26,0.0
T015980,0,0,,TRN_B2,0,,,409.26,0.0
T015981,0,0,,TRN_B2,0,,,320.97,0.0
T015982,0,0,,TRN_B2,0,,,156.7,0.0
T015983,0,0,,TRN_B2,0,,,237.06,0.0
T015984,0,0,,TRN_B2,0,,,178.7,0.0
T015985,0,0,,TRN_B2,0,,,233.49,0.0
T015986,0,0,,TRN_B2,0,,,1117.23,0.0
T015987,0,0,,TRN_B2,0,,,194.34,0.0
T015988,0,0,,TRN_B2,0,,,269.65,0.0
T015989,0,0,,TRN_B2,0,,,350.28,0.0
T015990,0,0,,TRN_B2,0,,,214.27,0.0
T015991,0,0,,TRN_B2,0,,,198.67,0.0
T015992,0,0,,TRN_B2,0,,,162.95,0.0
T015993,0,0,,TRN_B2,0,,,329.37,0.0
T015994,0,0,,TRN_B2,0,,,163.53,0.0
T015995,0,0,,TRN_B2,0,,,89.95,0.0
T015996,0,0,,TRN_B2,0,,,149.04,0.0
T015997,0,0,,,0,,,654.41,0.0
T015998,0,0,,,0,,,212.35,0.0
T015999,0,0,,TRN_B2,0,,,251.56,0.0
T016000,0,0,,,0,,,269.26,0.0
T016001,0,0,,TRN_B2,0,,,247.08,0.0
T016002,0,0,,,0,,,160.77,0.0
T016003,0,0,,TRN_B2,0,,,163.64,0.0
T016004,0,0,,,0,,,121.7,0.0
T016005,0,0,,TRN_B2,0,,,248.12,0.0
T016006,0,0,,TRN_B2,0,,,153.84,0.0
T016007,0,0,,,0,,,974.0,0.0
T016008,0,0,,TRN_B2,0,,,319.05,0.0
T016009,0,0,,TRN_B2,0,,,262.9,0.0
T016010,0,0,,TRN_B2,0,,,160.71,0.0
T016011,0,0,,TRN_B2,0,,,189.81,0.0
T016012,0,0,,,0,,,162.18,0.0
T016013,0,0,,TRN_B2,0,,,236.02,0.0
T016014,0,0,,TRN_B2,0,,,259.93,0.0
T016015,0,0,,TRN_B2,0,,,173.56,0.0
T016016,0,0,,TRN_B2,0,,,171.76,0.0
T016017,0,0,,,0,,,177.26,0.0
T016018,0,0,,TRN_B2,0,,,376.17,0.0
T016019,0,0,,,0,,,158.23,0.0
T016020,0,0,,,0,,,414.9,0.0
T016021,0,0,,,0,,,154.94,0.0
T016022,0,0,,TRN_B2,0,,,161.71,0.0
T016023,0,0,,TRN_B2,0,,,185.53,0.0
T016024,0,0,,,0,,,276.47,0.0
T016025,0,0,,TRN_B2,0,,,172.14,0.0
T016026,0,0,,,0,,,186.45,0.0
T016027,0,0,,TRN_B2,0,,,198.29,0.0
T016028,0,0,,,0,,,251.99,0.0
T016029,0,0,,TRN_B2,0,,,158.43,0.0
T016030,0,0,,TRN_B2,0,,,230.81,0.0
T016031,0,0,,,0,,,244.5,0.0
T016032,0,0,,TRN_B2,0,,,460.48,0.0
T016033,0,0,,TRN_B2,0,,,389.62,0.0
T016034,0,0,,TRN_B2,0,,,223.62,0.0
T016035,0,0,,,0,,,199.03,0.0
T016036,0,0,,TRN_B2,0,,,294.89,0.0
T016037,0,0,,TRN_B2,0,,,269.25,0.0
T016038,1,0,,TRN_B2,0,,,0.0,663.21
T016039,0,0,,,0,,,314.3,0.0
T016040,0,0,,TRN_B2,0,,,155.57,0.0
T016041,0,0,,TRN_B2,0,,,175.62,0.0
T016042,0,0,,,0,,,352.76,0.0
T016043,0,0,,,0,,,322.32,0.0
T016044,0,0,,TRN_B2,0,,,219.83,0.0
T016045,0,0,,TRN_B2,0,,,98.31,0.0
T016046,0,0,,TRN_B2,0,,,171.4,0.0
T016047,0,0,,TRN_B2,0,,,180.56,0.0
T016048,0,0,,TRN_B2,0,,,163.8,0.0
T016049,0,0,,TRN_B2,0,,,326.38,0.0
T016050,0,0,,,0,,,362.69,0.0
T016051,0,0,,,0,,,100.88,0.0
T016052,0,0,,TRN_B2,0,,,105.11,0.0
T016053,0,0,,TRN_B2,0,,,166.66,0.0
T016054,0,0,,TRN_B2,0,,,573.09,0.0
T016055,0,0,,,0,,,155.1,0.0
T016056,0,0,,TRN_B2,0,,,255.18,0.0
T016057,0,0,,TRN_B2,0,,,294.52,0.0
T016058,0,0,,,0,,,167.98,0.0
T016059,0,0,,TRN_B2,0,,,301.96,0.0
T016060,0,0,,TRN_B2,0,,,723.99,0.0
T016061,0,0,,TRN_B2,0,,,350.89,0.0
T016062,0,0,,TRN_B2,0,,,185.87,0.0
T016063,0,0,,,0,,,164.38,0.0
T016064,0,0,,,0,,,230.9,0.0
T016065,0,0,,,0,,,320.27,0.0
T016066,0,0,,,0,,,163.17,0.0
T016067,0,0,,,0,,,165.18,0.0
T016068,0,0,,,0,,,208.43,0.0
T016069,0,0,,,0,,,226.77,0.0
T016070,0,0,,,0,,,346.27,0.0
T016071,0,0,,,0,,,212.17,0.0
T016072,0,0,,,0,,,263.54,0.0
T016073,0,0,,,0,,,215.52,0.0
T016074,0,0,,,0,,,257.34,0.0
T016075,0,0,,,0,,,210.86,0.0
T016076,0,0,,,0,,,545.73,0.0
T016077,0,0,,,0,,,182.59,0.0
T016078,0,0,,,0,,,308.34,0.0
T016079,0,0,,,0,,,269.56,0.0
T016080,0,0,,,0,,,241.13,0.0
T016081,0,0,,,0,,,212.08,0.0
T016082,0,0,,,0,,,190.08,0.0
T016083,0,0,,,0,,,127.6,0.0
T016084,0,0,,,0,,,198.12,0.0
T016085,0,0,,,0,,,1647.46,0.0
T016086,0,0,,,0,,,330.92,0.0
T016087,0,0,,,0,,,225.68,0.0
T016088,0,0,,,0,,,471.93,0.0
T016089,0,0,,,0,,,254.55,0.0
T016090,0,0,,,0,,,135.35,0.0
T016091,0,0,,,0,,,185.8,0.0
T016092,0,0,,,0,,,158.53,0.0
T016093,0,0,,,0,,,113.89,0.0
T016094,0,0,,,0,,,270.72,0.0
T016095,0,0,,,0,,,159.58,0.0
T016096,0,0,,,0,,,197.99,0.0
T016097,0,0,,,0,,,188.1,0.0
T016098,0,0,,,0,,,339.47,0.0
T016099,0,0,,,0,,,227.48,0.0
T016100,0,0,,,0,,,303.34,0.0
T016101,0,0,,,0,,,171.12,0.0
T016102,0,0,,,0,,,170.52,0.0
T016103,0,0,,,0,,,202.75,0.0
T016104,0,0,,,0,,,156.45,0.0
T016105,0,0,,,0,,,187.58,0.0
T016106,0,0,,,0,,,158.02,0.0
T016107,0,0,,,0,,,255.14,0.0
T016108,0,0,,,0,,,185.6,0.0
T016109,0,0,,,0,,,298.06,0.0
T016110,0,0,,,0,,,177.25,0.0
T016111,0,0,,,0,,,322.02,0.0
T016112,0,0,,,0,,,165.76,0.0
T016113,0,0,,,0,,,193.89,0.0
T016114,0,0,,,0,,,232.41,0.0
T016115,0,0,,,0,,,202.34,0.0
T016116,0,0,,,0,,,239.84,0.0
T016117,0,0,,,0,,,164.02,0.0
T016118,0,0,,,0,,,199.59,0.0
T016119,0,0,,,0,,,281.88,0.0
T016120,0,0,,,0,,,246.86,0.0
T016121,0,0,,,0,,,274.66,0.0
T016122,0,0,,,0,,,242.0,0.0
T016123,0,0,,,0,,,286.91,0.0
T016124,0,0,,,0,,,442.64,0.0
T016125,0,0,,,0,,,182.84,0.0
T016126,0,0,,,0,,,148.18,0.0
T016127,0,0,,,0,,,358.23,0.0
T016128,0,0,,,0,,,127.41,0.0
T016129,0,0,,,0,,,716.42,0.0
T016130,0,0,,,0,,,1568.11,0.0
T016131,0,0,,,0,,,178.44,0.0
T016132,0,0,,,0,,,194.63,0.0
T016133,0,0,,,0,,,333.76,0.0
T016134,0,0,,,0,,,164.68,0.0
T016135,0,0,,,0,,,246.63,0.0
T016136,0,0,,,0,,,164.21,0.0
T016137,0,0,,,0,,,172.24,0.0
T016138,0,0,,,0,,,313.85,0.0
T016139,0,0,,,0,,,153.85,0.0
T016140,0,0,,,0,,,155.68,0.0
T016141,0,0,,,0,,,161.19,0.0
T016142,0,0,,,0,,,214.29,0.0
T016143,0,0,,,0,,,601.38,0.0
T016144,0,0,,,0,,,366.22,0.0
T016145,0,0,,,0,,,245.85,0.0
T016146,0,0,,,0,,,128.68,0.0
T016147,0,0,,,0,,,592.21,0.0
T016148,0,0,,,0,,,223.04,0.0
T016149,0,0,,,0,,,166.77,0.0
T016150,0,0,,,0,,,171.81,0.0
T016151,0,0,,,0,,,363.2,0.0
T016152,0,0,,,0,,,172.15,0.0
T016153,0,0,,,0,,,210.58,0.0
T016154,0,0,,,0,,,164.67,0.0
T016155,0,0,,,0,,,467.75,0.0
T016156,0,0,,,0,,,601.97,0.0
T016157,0,0,,,0,,,201.51,0.0
T016158,0,0,,,0,,,89.66,0.0
T016159,0,0,,,0,,,588.56,0.0
T016160,0,0,,,0,,,247.34,0.0
T016161,0,0,,,0,,,180.26,0.0
T016162,0,0,,,0,,,195.84,0.0
T016163,0,0,,,0,,,291.55,0.0
T016164,0,0,,,0,,,174.2,0.0
T016165,0,0,,,0,,,189.68,0.0
T016166,0,0,,,0,,,614.42,0.0
T016167,0,0,,,0,,,167.39,0.0
T016168,0,0,,,0,,,266.42,0.0
T016169,0,0,,,0,,,145.25,0.0
T016170,0,0,,,0,,,665.73,0.0
T016171,0,0,,,0,,,263.35,0.0
T016172,0,0,,,0,,,163.08,0.0
T016173,0,0,,,0,,,355.2,0.0
T016174,0,0,,,0,,,372.89,0.0
T016175,0,0,,,0,,,242.33,0.0
T016176,0,0,,,0,,,703.63,0.0
T016177,0,0,,,0,,,259.69,0.0
T016178,0,0,,,0,,,289.3,0.0
T016179,0,0,,,0,,,607.48,0.0
T016180,0,0,,,0,,,229.49,0.0
T016181,0,0,,,0,,,383.69,0.0
T016182,0,0,,,0,,,145.29,0.0
T016183,0,0,,,0,,,572.04,0.0
T016184,0,0,,,0,,,258.76,0.0
T016185,0,0,,,0,,,212.55,0.0
T016186,0,0,,,0,,,115.38,0.0
T016187,0,0,,,0,,,154.62,0.0
T016188,0,0,,,0,,,149.26,0.0
T016189,0,0,,,0,,,194.36,0.0
T016190,0,0,,,0,,,238.65,0.0
T016191,0,0,,,0,,,200.82,0.0
T016192,0,0,,,0,,,323.8,0.0
T016193,0,0,,,0,,,1072.91,0.0
T016194,0,0,,,0,,,158.0,0.0
T016195,0,0,,,0,,,243.07,0.0
T016196,0,0,,,0,,,210.99,0.0
T016197,0,0,,,0,,,151.35,0.0
T016198,0,0,,,0,,,317.23,0.0
T016199,0,0,,,0,,,173.27,0.0
T016200,0,0,,,0,,,274.4,0.0
T016201,0,0,,,0,,,174.7,0.0
T016202,0,0,,,0,,,182.01,0.0
T016203,0,0,,,0,,,169.35,0.0
T016204,0,0,,,0,,,301.04,0.0
T016205,0,0,,,0,,,602.87,0.0
T016206,0,0,,,0,,,381.94,0.0
T016207,0,0,,,0,,,209.08,0.0
T016208,0,0,,,0,,,119.89,0.0
T016209,0,0,,,0,,,298.62,0.0
T016210,0,0,,,0,,,182.52,0.0
T016211,0,0,,,0,,,167.06,0.0
T016212,0,0,,,0,,,265.01,0.0
T016213,0,0,,,0,,,170.92,0.0
T016214,0,0,,,0,,,60.71,0.0
T016215,0,0,,,0,,,337.47,0.0
T016216,0,0,,,0,,,249.69,0.0
T016217,0,0,,,0,,,168.16,0.0
T016218,0,0,,,0,,,323.39,0.0
T016219,0,0,,,0,,,157.73,0.0
T016220,0,0,,,0,,,218.33,0.0
T016221,0,0,,,0,,,254.94,0.0
T016222,0,0,,,0,,,174.94,0.0
T016223,0,0,,,0,,,537.97,0.0
T016224,0,0,,,0,,,159.37,0.0
T016225,0,0,,,0,,,231.78,0.0
T016226,0,0,,,0,,,204.57,0.0
T016227,0,0,,,0,,,93.73,0.0
T016228,0,0,,,0,,,309.04,0.0
T016229,0,0,,,0,,,90.59,0.0
T016230,0,0,,,0,,,251.49,0.0
T016231,0,0,,,0,,,212.71,0.0
T016232,0,0,,,0,,,857.42,0.0
T016233,0,0,,,0,,,394.31,0.0
T016234,0,0,,,0,,,98.6,0.0
T016235,0,0,,,0,,,248.95,0.0
T016236,0,0,,,0,,,504.57,0.0
T016237,0,0,,,0,,,207.85,0.0
T016238,0,0,,,0,,,182.36,0.0
T016239,0,0,,,0,,,153.31,0.0
T016240,0,0,,,0,,,162.29,0.0
T016241,0,0,,,0,,,276.27,0.0
T016242,0,0,,,0,,,95.69,0.0
T016243,0,0,,,0,,,224.27,0.0
T016244,0,0,,,0,,,216.17,0.0
T016245,0,0,,,0,,,230.34,0.0
T016246,0,0,,,0,,,235.26,0.0
T016247,0,0,,,0,,,165.75,0.0
T016248,0,0,,,0,,,168.85,0.0
T016249,0,0,,,0,,,277.35,0.0
T016250,0,0,,,0,,,164.53,0.0
T016251,0,0,,,0,,,215.27,0.0
T016252,0,0,,,0,,,170.68,0.0
T016253,0,0,,,0,,,193.97,0.0
T016254,0,0,,,0,,,227.69,0.0
T016255,0,0,,,0,,,311.27,0.0
T016256,0,0,,,0,,,245.4,0.0
T016257,0,0,,,0,,,365.5,0.0
T016258,0,0,,,0,,,891.52,0.0
T016259,0,0,,,0,,,377.64,0.0
T016260,0,0,,,0,,,168.17,0.0
T016261,0,0,,,0,,,238.41,0.0
T016262,0,0,,,0,,,170.74,0.0
T016263,0,0,,,0,,,195.25,0.0
T016264,0,0,,,0,,,536.32,0.0
T016265,0,0,,,0,,,192.95,0.0
T016266,0,0,,,0,,,198.19,0.0
T016267,0,0,,,0,,,168.84,0.0
T016268,0,0,,,0,,,327.77,0.0
T016269,0,0,,,0,,,658.9,0.0
T016270,0,0,,,0,,,291.95,0.0
T016271,0,0,,,0,,,282.76,0.0
T016272,0,0,,,0,,,278.3,0.0
T016273,0,0,,,0,,,506.42,0.0
T016274,0,0,,,0,,,208.72,0.0
T016275,0,0,,,0,,,199.69,0.0
T016276,0,0,,,0,,,188.0,0.0
T016277,0,0,,,0,,,416.08,0.0
T016278,0,0,,,0,,,190.44,0.0
T016279,0,0,,,0,,,179.18,0.0
T016280,0,0,,,0,,,175.52,0.0
T016281,0,0,,,0,,,276.42,0.0
T016282,0,0,,,0,,,212.47,0.0
T016283,0,0,,,0,,,138.14,0.0
T016284,0,0,,,0,,,263.77,0.0
T016285,0,0,,,0,,,184.63,0.0
T016286,0,0,,,0,,,352.4,0.0
T016287,0,0,,,0,,,463.64,0.0
T016288,0,0,,,0,,,160.47,0.0
T016289,0,0,,,0,,,198.79,0.0
T016290,0,0,,,0,,,235.54,0.0
T016291,0,0,,,0,,,86.5,0.0
T016292,0,0,,,0,,,229.6,0.0
T016293,0,0,,,0,,,191.31,0.0
T016294,0,0,,,0,,,157.45,0.0
T016295,0,0,,,0,,,166.37,0.0
T016296,0,0,,,0,,,190.48,0.0
T016297,0,0,,,0,,,165.69,0.0
T016298,0,0,,,0,,,264.37,0.0
T016299,0,0,,,0,,,240.41,0.0
T016300,0,0,,,0,,,180.92,0.0
T016301,0,0,,,0,,,259.87,0.0
T016302,0,0,,,0,,,874.12,0.0
T016303,0,0,,,0,,,414.72,0.0
T016304,0,0,,,0,,,225.5,0.0
T016305,0,0,,,0,,,229.69,0.0
T016306,0,0,,,0,,,228.43,0.0
T016307,0,0,,,0,,,199.81,0.0
T016308,0,0,,,0,,,356.72,0.0
T016309,0,0,,,0,,,164.88,0.0
T016310,0,0,,,0,,,299.48,0.0
T016311,0,0,,,0,,,298.12,0.0
T016312,0,0,,,0,,,226.73,0.0
T016313,0,0,,,0,,,184.61,0.0
T016314,0,0,,,0,,,224.17,0.0
T016315,0,0,,,0,,,214.48,0.0
T016316,0,0,,,0,,,170.36,0.0
T016317,0,0,,,0,,,305.91,0.0
T016318,0,0,,,0,,,266.62,0.0
T016319,0,0,,,0,,,200.38,0.0
T016320,0,0,,,0,,,318.68,0.0
T016321,0,0,,,0,,,196.88,0.0
T016322,0,0,,,0,,,236.5,0.0
T016323,0,0,,,0,,,235.3,0.0
T016324,0,0,,,0,,,272.84,0.0
T016325,0,0,,,0,,,128.4,0.0
T016326,0,0,,,0,,,646.48,0.0
T016327,0,0,,,0,,,220.58,0.0
T016328,0,0,,,0,,,205.55,0.0
T016329,0,0,,,0,,,177.34,0.0
T016330,0,0,,,0,,,175.0,0.0
T016331,0,0,,,0,,,160.68,0.0
T016332,0,0,,,0,,,177.09,0.0
T016333,0,0,,,0,,,256.37,0.0
T016334,0,0,,,0,,,175.64,0.0
T016335,0,0,,,0,,,213.62,0.0
T016336,0,0,,,0,,,141.46,0.0
T016337,0,0,,,0,,,217.3,0.0
T016338,0,0,,,0,,,194.12,0.0
T016339,0,0,,,0,,,221.18,0.0
T016340,0,0,,,0,,,230.05,0.0
T016341,0,0,,,0,,,254.4,0.0
T016342,0,0,,,0,,,231.98,0.0
T016343,0,0,,,0,,,164.21,0.0
T016344,0,0,,,0,,,420.66,0.0
T016345,0,0,,,0,,,263.19,0.0
T016346,0,0,,,0,,,140.18,0.0
T016347,0,0,,,0,,,132.62,0.0
T016348,0,0,,,0,,,155.17,0.0
T016349,0,0,,,0,,,226.95,0.0
T016350,0,0,,,0,,,166.7,0.0
T016351,0,0,,,0,,,179.25,0.0
T016352,0,0,,,0,,,358.42,0.0
T016353,0,0,,,0,,,171.19,0.0
T016354,0,0,,,0,,,312.58,0.0
T016355,0,0,,,0,,,130.67,0.0
T016356,0,0,,,0,,,240.78,0.0
T016357,0,0,,,0,,,156.12,0.0
T016358,0,0,,,0,,,253.09,0.0
T016359,0,0,,,0,,,308.04,0.0
T016360,0,0,,,0,,,569.14,0.0
T016361,0,0,,,0,,,292.89,0.0
T016362,0,0,,,0,,,289.96,0.0
T016363,0,0,,,0,,,170.98,0.0
T016364,0,0,,,0,,,640.05,0.0
T016365,0,0,,,0,,,156.55,0.0
T016366,0,0,,,0,,,776.79,0.0
T016367,0,0,,,0,,,202.75,0.0
T016368,0,0,,,0,,,212.22,0.0
T016369,0,0,,,0,,,220.88,0.0
T016370,0,0,,,0,,,272.0,0.0
T016371,0,0,,,0,,,214.68,0.0
T016372,0,0,,,0,,,190.43,0.0
T016373,0,0,,,0,,,894.89,0.0
T016374,0,0,,,0,,,210.72,0.0
T016375,0,0,,,0,,,240.43,0.0
T016376,0,0,,,0,,,218.59,0.0
T016377,0,0,,,0,,,270.29,0.0
T016378,0,0,,,0,,,159.42,0.0
T016379,0,0,,,0,,,150.34,0.0
T016380,0,0,,,0,,,228.53,0.0
T016381,0,0,,,0,,,222.64,0.0
T016382,0,0,,,0,,,164.56,0.0
T016383,0,0,,,0,,,245.45,0.0
T016384,0,0,,,0,,,118.9,0.0
T016385,0,0,,,0,,,136.27,0.0
T016386,0,0,,,0,,,263.28,0.0
T016387,0,0,,,0,,,192.09,0.0
T016388,0,0,,,0,,,186.67,0.0
T016389,0,0,,,0,,,173.99,0.0
T016390,0,0,,,0,,,427.08,0.0
T016391,0,0,,,0,,,173.94,0.0
T016392,0,0,,,0,,,170.08,0.0
T016393,1,0,,,0,,,0.0,2058.77
T016394,0,0,,,0,,,458.76,0.0
T016395,0,0,,,0,,,401.91,0.0
T016396,0,0,,,0,,,160.09,0.0
T016397,0,0,,,0,,,227.45,0.0
T016398,0,0,,,0,,,285.5,0.0
T016399,0,0,,,0,,,95.8,0.0
T016400,0,0,,,0,,,245.73,0.0
T016401,0,0,,,0,,,325.86,0.0
T016402,0,0,,,0,,,974.06,0.0
T016403,0,0,,,0,,,176.21,0.0
T016404,0,0,,,0,,,1383.7,0.0
T016405,0,0,,,0,,,153.77,0.0
T016406,0,0,,,0,,,214.42,0.0
T016407,0,0,,,0,,,176.74,0.0
T016408,0,0,,,0,,,190.11,0.0
T016409,0,0,,,0,,,214.48,0.0
T016410,0,0,,,0,,,259.62,0.0
T016411,0,0,,,0,,,231.83,0.0
T016412,0,0,,,0,,,222.56,0.0
T016413,0,0,,,0,,,127.51,0.0
T016414,0,0,,,0,,,417.13,0.0
T016415,0,0,,,0,,,239.59,0.0
T016416,0,0,,,0,,,381.92,0.0
T016417,0,0,,,0,,,159.83,0.0
T016418,0,0,,,0,,,155.35,0.0
T016419,0,0,,,0,,,192.11,0.0
T016420,0,0,,,0,,,158.11,0.0
T016421,0,0,,,0,,,230.68,0.0
T016422,0,0,,,0,,,441.37,0.0
T016423,0,0,,,0,,,1494.27,0.0
T016424,0,0,,,0,,,390.29,0.0
T016425,0,0,,,0,,,153.68,0.0
T016426,0,0,,,0,,,254.54,0.0
T016427,0,0,,,0,,,392.5,0.0
T016428,0,0,,,0,,,154.56,0.0
T016429,0,0,,,0,,,229.25,0.0
T016430,0,0,,,0,,,410.02,0.0
T016431,0,0,,,0,,,157.59,0.0
T016432,0,0,,,0,,,243.07,0.0
T016433,0,0,,,0,,,218.27,0.0
T016434,0,0,,,0,,,163.39,0.0
T016435,0,0,,,0,,,174.44,0.0
T016436,0,0,,,0,,,425.43,0.0
T016437,0,0,,,0,,,95.87,0.0
T016438,0,0,,,0,,,360.51,0.0
T016439,0,0,,,0,,,238.37,0.0
T016440,0,0,,,0,,,300.95,0.0
T016441,0,0,,,0,,,261.65,0.0
T016442,0,0,,,0,,,216.72,0.0
T016443,0,0,,,0,,,251.17,0.0
T016444,0,0,,,0,,,155.59,0.0
T016445,0,0,,,0,,,608.68,0.0
T016446,0,0,,,0,,,170.91,0.0
T016447,0,0,,,0,,,165.77,0.0
T016448,0,0,,,0,,,159.8,0.0
T016449,0,0,,,0,,,314.5,0.0
T016450,0,0,,,0,,,91.07,0.0
T016451,0,0,,,0,,,252.2,0.0
T016452,0,0,,,0,,,655.45,0.0
T016453,0,0,,,0,,,221.04,0.0
T016454,1,0,,,0,,,0.0,1936.72
T016455,0,0,,,0,,,174.71,0.0
T016456,1,0,,,0,,,0.0,930.8
T016457,0,0,,,0,,,169.14,0.0
T016458,0,0,,,0,,,124.8,0.0
T016459,0,0,,,0,,,613.32,0.0
T016460,0,0,,,0,,,326.38,0.0
T016461,0,0,,,0,,,356.41,0.0
T016462,0,0,,,0,,,445.55,0.0
T016463,0,0,,,0,,,999.83,0.0
T016464,0,0,,,0,,,446.27,0.0
T016465,0,0,,,0,,,154.67,0.0
T016466,0,0,,,0,,,643.58,0.0
T016467,0,0,,,0,,,283.96,0.0
T016468,0,0,,,0,,,265.82,0.0
T016469,0,0,,,0,,,154.6,0.0
T016470,0,0,,,0,,,273.03,0.0
T016471,0,0,,,0,,,1147.38,0.0
T016472,0,0,,,0,,,134.73,0.0
T016473,0,0,,,0,,,209.16,0.0
T016474,0,0,,,0,,,129.46,0.0
T016475,0,0,,,0,,,243.21,0.0
T016476,0,0,,,0,,,397.57,0.0
T016477,0,0,,,0,,,228.07,0.0
T016478,0,0,,,0,,,311.38,0.0
T016479,0,0,,,0,,,312.74,0.0
T016480,0,0,,,0,,,169.0,0.0
T016481,0,0,,,0,,,290.66,0.0
T016482,0,0,,,0,,,175.63,0.0
T016483,0,0,,,0,,,321.61,0.0
T016484,0,0,,,0,,,308.13,0.0
T016485,1,0,,,0,,,0.0,291.45
T016486,0,0,,,0,,,199.55,0.0
T016487,0,0,,,0,,,198.38,0.0
T016488,0,0,,,0,,,485.55,0.0
T016489,1,0,,,0,,,0.0,1627.69
T016490,0,0,,,0,,,180.77,0.0
T016491,0,0,,,0,,,169.47,0.0
T016492,0,0,,,0,,,217.26,0.0
T016493,0,0,,,0,,,200.76,0.0
T016494,0,0,,,0,,,155.02,0.0
T016495,0,0,,,0,,,179.18,0.0
T016496,0,0,,,0,,,252.25,0.0
T016497,0,0,,,0,,,225.49,0.0
T016498,0,0,,,0,,,322.89,0.0
T016499,0,0,,,0,,,606.9,0.0
T016500,0,0,,,0,,,164.44,0.0
T016501,0,0,,,0,,,143.94,0.0
T016502,0,0,,,0,,,172.67,0.0
T016503,0,0,,,0,,,307.07,0.0
T016504,0,0,,,0,,,164.66,0.0
T016505,0,0,,,0,,,171.41,0.0
T016506,0,0,,,0,,,153.54,0.0
T016507,0,0,,,0,,,198.1,0.0
T016508,0,0,,,0,,,184.79,0.0
T016509,0,0,,,0,,,354.12,0.0
T016510,0,0,,,0,,,319.35,0.0
T016511,0,0,,,0,,,111.85,0.0
T016512,0,0,,,0,,,179.68,0.0
T016513,0,0,,,0,,,157.56,0.0
T016514,0,0,,,0,,,158.46,0.0
T016515,0,0,,,0,,,300.85,0.0
T016516,0,0,,,0,,,139.53,0.0
T016517,0,0,,,0,,,658.5,0.0
T016518,0,0,,,0,,,237.22,0.0
T016519,0,0,,,0,,,211.03,0.0
T016520,0,0,,,0,,,233.56,0.0
T016521,0,0,,,0,,,178.16,0.0
T016522,0,0,,,0,,,179.5,0.0
T016523,0,0,,,0,,,116.99,0.0
T016524,0,0,,,0,,,424.08,0.0
T016525,0,0,,,0,,,309.15,0.0
T016526,0,0,,,0,,,246.94,0.0
T016527,0,0,,,0,,,818.25,0.0
T016528,0,0,,,0,,,498.48,0.0
T016529,0,0,,,0,,,172.78,0.0
T016530,0,0,,,0,,,115.84,0.0
T016531,0,0,,,0,,,183.15,0.0
T016532,0,0,,,0,,,1968.56,0.0
T016533,0,0,,,0,,,304.82,0.0
T016534,0,0,,,0,,,381.53,0.0
T016535,0,0,,,0,,,275.59,0.0
T016536,0,0,,,0,,,742.03,0.0
T016537,0,0,,,0,,,165.74,0.0
T016538,0,0,,,0,,,184.36,0.0
T016539,0,0,,,0,,,528.95,0.0
T016540,0,0,,,0,,,168.92,0.0
T016541,0,0,,,0,,,154.27,0.0
T016542,1,0,,,0,,,0.0,2554.5
T016543,0,0,,,0,,,186.82,0.0
T016544,0,0,,,0,,,267.91,0.0
T016545,0,0,,,0,,,523.39,0.0
T016546,0,0,,,0,,,250.8,0.0
T016547,0,0,,,0,,,554.94,0.0
T016548,0,0,,,0,,,155.74,0.0
T016549,0,0,,,0,,,157.36,0.0
T016550,1,0,,,0,,,0.0,1458.11
T016551,0,0,,,0,,,119.22,0.0
T016552,0,0,,,0,,,1052.57,0.0
T016553,0,0,,,0,,,494.64,0.0
T016554,0,0,,,0,,,207.67,0.0
T016555,0,0,,,0,,,152.63,0.0
T016556,0,0,,,0,,,158.6,0.0
T016557,0,0,,,0,,,341.68,0.0
T016558,0,0,,,0,,,258.69,0.0
T016559,0,0,,,0,,,122.02,0.0
T016560,0,0,,,0,,,194.69,0.0
T016561,0,0,,,0,,,263.62,0.0
T016562,0,0,,,0,,,341.46,0.0
T016563,0,0,,,0,,,333.23,0.0
T016564,0,0,,,0,,,195.21,0.0
T016565,0,0,,,0,,,182.0,0.0
T016566,0,0,,,0,,,261.8,0.0
T016567,0,0,,,0,,,117.64,0.0
T016568,0,0,,,0,,,248.58,0.0
T016569,0,0,,,0,,,111.39,0.0
T016570,0,0,,,0,,,265.8,0.0
T016571,0,0,,,0,,,180.58,0.0
T016572,0,0,,,0,,,110.54,0.0
T016573,0,0,,,0,,,184.69,0.0
T016574,0,0,,,0,,,47.47,0.0
T016575,0,0,,,0,,,93.0,0.0
T016576,0,0,,,0,,,196.57,0.0
T016577,0,0,,,0,,,302.83,0.0
T016578,0,0,,,0,,,164.72,0.0
T016579,0,0,,,0,,,216.32,0.0
T016580,0,0,,,0,,,524.01,0.0
T016581,0,0,,,0,,,187.21,0.0
T016582,0,0,,,0,,,196.19,0.0
T016583,0,0,,,0,,,181.7,0.0
T016584,0,0,,,0,,,172.01,0.0
T016585,0,0,,,0,,,63.42,0.0
T016586,0,0,,,0,,,297.14,0.0
T016587,0,0,,,0,,,145.88,0.0
T016588,0,0,,,0,,,393.13,0.0
T016589,0,0,,,0,,,175.44,0.0
T016590,0,0,,,0,,,182.85,0.0
T016591,0,0,,,0,,,122.89,0.0
T016592,0,0,,,0,,,250.76,0.0
T016593,0,0,,,0,,,355.26,0.0
T016594,0,0,,,0,,,271.83,0.0
T016595,0,0,,,0,,,166.0,0.0
T016596,0,0,,,0,,,264.93,0.0
T016597,0,0,,,0,,,346.66,0.0
T016598,0,0,,,0,,,235.23,0.0
T016599,0,0,,,0,,,309.29,0.0
T016600,0,0,,,0,,,255.76,0.0
T016601,0,0,,,0,,,175.19,0.0
T016602,0,0,,,0,,,171.64,0.0
T016603,0,0,,,0,,,381.55,0.0
T016604,0,0,,,0,,,161.41,0.0
T016605,0,0,,,0,,,112.0,0.0
T016606,0,0,,,0,,,440.45,0.0
T016607,0,0,,,0,,,169.58,0.0
T016608,0,0,,,0,,,205.01,0.0
T016609,0,0,,,0,,,587.08,0.0
T016610,0,0,,,0,,,85.88,0.0
T016611,0,0,,,0,,,157.79,0.0
T016612,0,0,,,0,,,216.77,0.0
T016613,0,0,,,0,,,156.33,0.0
T016614,0,0,,,0,,,420.99,0.0
T016615,0,0,,,0,,,142.3,0.0
T016616,0,0,,,0,,,165.51,0.0
T016617,0,0,,,0,,,185.51,0.0
T016618,0,0,,,0,,,281.16,0.0
T016619,0,0,,,0,,,174.24,0.0
T016620,0,0,,,0,,,700.4,0.0
T016621,0,0,,,0,,,204.6,0.0
T016622,0,0,,,0,,,174.97,0.0
T016623,0,0,,,0,,,149.7,0.0
T016624,0,0,,,0,,,92.38,0.0
T016625,0,0,,,0,,,182.05,0.0
T016626,0,0,,,0,,,473.66,0.0
T016627,0,0,,,0,,,175.51,0.0
T016628,0,0,,,0,,,165.91,0.0
T016629,0,0,,,0,,,594.51,0.0
T016630,0,0,,,0,,,327.28,0.0
T016631,0,0,,,0,,,166.77,0.0
T016632,0,0,,,0,,,371.22,0.0
T016633,0,0,,,0,,,208.66,0.0
T016634,0,0,,,0,,,195.86,0.0
T016635,0,0,,,0,,,129.91,0.0
T016636,0,0,,,0,,,192.14,0.0
T016637,0,0,,,0,,,647.82,0.0
T016638,0,0,,,0,,,220.43,0.0
T016639,0,0,,,0,,,565.44,0.0
T016640,0,0,,,0,,,265.35,0.0
T016641,0,0,,,0,,,734.39,0.0
T016642,0,0,,,0,,,267.29,0.0
T016643,0,0,,,0,,,382.36,0.0
T016644,0,0,,,0,,,179.15,0.0
T016645,0,0,,,0,,,242.97,0.0
T016646,0,0,,,0,,,794.3,0.0
T016647,0,0,,,0,,,692.08,0.0
T016648,0,0,,,0,,,194.52,0.0
T016649,0,0,,,0,,,208.6,0.0
T016650,0,0,,,0,,,318.95,0.0
T016651,0,0,,,0,,,160.65,0.0
T016652,0,0,,,0,,,244.94,0.0
T016653,0,0,,,0,,,220.74,0.0
T016654,0,0,,,0,,,153.68,0.0
T016655,0,0,,,0,,,194.01,0.0
T016656,0,0,,,0,,,497.11,0.0
T016657,0,0,,,0,,,167.72,0.0
T016658,0,0,,,0,,,205.08,0.0
T016659,0,0,,,0,,,265.9,0.0
T016660,0,0,,,0,,,424.88,0.0
T016661,0,0,,,0,,,272.89,0.0
T016662,0,0,,,0,,,184.11,0.0
T016663,0,0,,,0,,,447.65,0.0
T016664,0,0,,,0,,,156.46,0.0
T016665,0,0,,,0,,,167.6,0.0
T016666,0,0,,,0,,,323.28,0.0
T016667,0,0,,,0,,,181.07,0.0
T016668,0,0,,,0,,,315.62,0.0
T016669,0,0,,,0,,,538.71,0.0
T016670,0,0,,,0,,,501.6,0.0
T016671,0,0,,,0,,,222.64,0.0
T016672,0,0,,,0,,,516.25,0.0
T016673,0,0,,,0,,,98.79,0.0
T016674,0,0,,,0,,,191.39,0.0
T016675,0,0,,,0,,,471.09,0.0
T016676,0,0,,,0,,,188.56,0.0
T016677,0,0,,,0,,,184.04,0.0
T016678,0,0,,,0,,,171.1,0.0
T016679,0,0,,,0,,,688.81,0.0
T016680,0,0,,,0,,,230.42,0.0
T016681,0,0,,,0,,,367.97,0.0
T016682,0,0,,,0,,,226.82,0.0
T016683,0,0,,,0,,,118.33,0.0
T016684,0,0,,,0,,,199.94,0.0
T016685,0,0,,,0,,,205.34,0.0
T016686,0,0,,,0,,,172.27,0.0
T016687,0,0,,,0,,,236.76,0.0
T016688,0,0,,,0,,,252.61,0.0
T016689,0,0,,,0,,,184.81,0.0
T016690,0,0,,,0,,,208.24,0.0
T016691,0,0,,,0,,,185.22,0.0
T016692,0,0,,,0,,,409.53,0.0
T016693,0,0,,,0,,,171.93,0.0
T016694,0,0,,,0,,,162.9,0.0
T016695,0,0,,,0,,,198.84,0.0
T016696,0,0,,,0,,,476.29,0.0
T016697,0,0,,,0,,,427.65,0.0
T016698,0,0,,,0,,,274.12,0.0
T016699,0,0,,,0,,,479.48,0.0
T016700,0,0,,,0,,,366.87,0.0
T016701,0,0,,,0,,,2500.0,0.0
T016702,0,0,,,0,,,199.53,0.0
T016703,0,0,,,0,,,197.09,0.0
T016704,0,0,,,0,,,307.9,0.0
T016705,0,0,,,0,,,245.14,0.0
T016706,0,0,,,0,,,187.14,0.0
T016707,0,0,,,0,,,336.13,0.0
T016708,0,0,,,0,,,205.84,0.0
T016709,0,0,,,0,,,113.64,0.0
T016710,0,0,,,0,,,250.58,0.0
T016711,0,0,,,0,,,276.68,0.0
T016712,0,0,,,0,,,191.71,0.0
T016713,0,0,,,0,,,389.54,0.0
T016714,0,0,,,0,,,117.57,0.0
T016715,0,0,,,0,,,168.36,0.0
T016716,0,0,,,0,,,252.1,0.0
T016717,0,0,,,0,,,251.99,0.0
T016718,0,0,,,0,,,175.35,0.0
T016719,0,0,,,0,,,207.54,0.0
T016720,0,0,,,0,,,101.08,0.0
T016721,0,0,,,0,,,270.15,0.0
T016722,0,0,,,0,,,178.09,0.0
T016723,0,0,,,0,,,134.01,0.0
T016724,0,0,,,0,,,415.59,0.0
T016725,0,0,,,0,,,213.78,0.0
T016726,0,0,,,0,,,167.86,0.0
T016727,0,0,,,0,,,190.26,0.0
T016728,0,0,,,0,,,314.44,0.0
T016729,0,0,,,0,,,162.24,0.0
T016730,0,0,,,0,,,173.02,0.0
T016731,0,0,,,0,,,636.08,0.0
T016732,0,0,,,0,,,181.0,0.0
T016733,0,0,,,0,,,201.62,0.0
T016734,0,0,,,0,,,376.78,0.0
T016735,0,0,,,0,,,91.24,0.0
T016736,0,0,,,0,,,273.0,0.0
T016737,0,0,,,0,,,229.78,0.0
T016738,0,0,,,0,,,234.3,0.0
T016739,0,0,,,0,,,269.31,0.0
T016740,0,0,,,0,,,299.85,0.0
T016741,0,0,,,0,,,423.22,0.0
T016742,0,0,,,0,,,380.88,0.0
T016743,0,0,,,0,,,188.09,0.0
T016744,0,0,,,0,,,250.54,0.0
T016745,0,0,,,0,,,266.63,0.0
T016746,0,0,,,0,,,210.78,0.0
T016747,0,0,,,0,,,488.8,0.0
T016748,0,0,,,0,,,143.44,0.0
T016749,0,0,,,0,,,205.32,0.0
T016750,0,0,,,0,,,272.44,0.0
T016751,0,0,,,0,,,577.0,0.0
T016752,0,0,,,0,,,174.53,0.0
T016753,0,0,,,0,,,157.59,0.0
T016754,0,0,,,0,,,205.41,0.0
T016755,0,0,,,0,,,204.13,0.0
T016756,0,0,,,0,,,137.68,0.0
T016757,0,0,,,0,,,160.26,0.0
T016758,0,0,,,0,,,206.84,0.0
T016759,0,0,,,0,,,640.61,0.0
T016760,0,0,,,0,,,200.49,0.0
T016761,1,0,,,0,,,0.0,1070.99
T016762,0,0,,,0,,,702.24,0.0
T016763,0,0,,,0,,,239.39,0.0
T016764,0,0,,,0,,,198.37,0.0
T016765,0,0,,,0,,,179.57,0.0
T016766,0,0,,,0,,,1002.15,0.0
T016767,0,0,,,0,,,161.85,0.0
T016768,0,0,,,0,,,157.22,0.0
T016769,0,0,,,0,,,160.45,0.0
T016770,0,0,,,0,,,259.53,0.0
T016771,0,0,,,0,,,246.33,0.0
T016772,0,0,,,0,,,1403.25,0.0
T016773,0,0,,,0,,,157.51,0.0
T016774,0,0,,,0,,,525.87,0.0
T016775,0,0,,,0,,,459.98,0.0
T016776,0,0,,,0,,,245.61,0.0
T016777,0,0,,,0,,,240.89,0.0
T016778,0,0,,,0,,,247.19,0.0
T016779,0,0,,,0,,,89.43,0.0
T016780,0,0,,,0,,,242.41,0.0
T016781,0,0,,,0,,,168.5,0.0
T016782,0,0,,,0,,,179.46,0.0
T016783,0,0,,,0,,,196.2,0.0
T016784,0,0,,,0,,,164.71,0.0
T016785,0,0,,,0,,,141.09,0.0
T016786,0,0,,,0,,,312.63,0.0
T016787,0,0,,,0,,,160.26,0.0
T016788,0,0,,,0,,,155.72,0.0
T016789,0,0,,,0,,,194.1,0.0
T016790,0,0,,,0,,,350.43,0.0
T016791,0,0,,,0,,,208.68,0.0
T016792,1,0,,,0,,,0.0,938.15
T016793,0,0,,,0,,,94.36,0.0
T016794,0,0,,,0,,,542.38,0.0
T016795,0,0,,,0,,,156.39,0.0
T016796,1,0,,,0,,,0.0,3279.82
T016797,0,0,,,0,,,210.72,0.0
T016798,0,0,,,0,,,107.45,0.0
T016799,0,0,,,0,,,175.52,0.0
T016800,0,0,,,0,,,177.58,0.0
T016801,0,0,,,0,,,181.58,0.0
T016802,0,0,,,0,,,295.93,0.0
T016803,0,0,,,0,,,230.89,0.0
T016804,0,0,,,0,,,170.09,0.0
T016805,0,0,,,0,,,694.01,0.0
T016806,0,0,,,0,,,239.32,0.0
T016807,0,0,,,0,,,768.3,0.0
T016808,0,0,,,0,,,183.13,0.0
T016809,0,0,,,0,,,204.63,0.0
T016810,0,0,,,0,,,185.97,0.0
T016811,0,0,,,0,,,147.42,0.0
T016812,0,0,,,0,,,288.79,0.0
T016813,0,0,,,0,,,162.41,0.0
T016814,0,0,,,0,,,266.08,0.0
T016815,0,0,,,0,,,229.38,0.0
T016816,0,0,,,0,,,271.56,0.0
T016817,0,0,,,0,,,182.36,0.0
T016818,0,0,,,0,,,211.26,0.0
T016819,0,0,,,0,,,107.44,0.0
T016820,0,0,,,0,,,149.04,0.0
T016821,0,0,,,0,,,590.07,0.0
T016822,0,0,,,0,,,1039.14,0.0
T016823,0,0,,,0,,,229.42,0.0
T016824,0,0,,,0,,,115.73,0.0
T016825,1,0,,,0,,,0.0,866.74
T016826,0,0,,,0,,,170.58,0.0
T016827,0,0,,,0,,,359.34,0.0
T016828,0,0,,,0,,,165.31,0.0
T016829,0,0,,,0,,,303.57,0.0
T016830,0,0,,,0,,,328.85,0.0
T016831,0,0,,,0,,,190.81,0.0
T016832,0,0,,,0,,,283.39,0.0
T016833,0,0,,,0,,,172.85,0.0
T016834,0,0,,,0,,,99.78,0.0
T016835,0,0,,,0,,,170.85,0.0
T016836,0,0,,,0,,,279.51,0.0
T016837,0,0,,,0,,,261.07,0.0
T016838,0,0,,,0,,,158.62,0.0
T016839,0,0,,,0,,,197.34,0.0
T016840,0,0,,,0,,,435.96,0.0
T016841,0,0,,,0,,,72.92,0.0
T016842,0,0,,,0,,,149.06,0.0
T016843,0,0,,,0,,,431.94,0.0
T016844,0,0,,,0,,,158.76,0.0
T016845,0,0,,,0,,,224.71,0.0
T016846,0,0,,,0,,,164.66,0.0
T016847,0,0,,,0,,,166.55,0.0
T016848,0,0,,,0,,,281.08,0.0
T016849,0,0,,,0,,,234.66,0.0
T016850,0,0,,,0,,,1344.71,0.0
T016851,0,0,,,0,,,277.2,0.0
T016852,0,0,,,0,,,469.67,0.0
T016853,0,0,,,0,,,321.21,0.0
T016854,0,0,,,0,,,160.93,0.0
T016855,0,0,,,0,,,165.17,0.0
T016856,0,0,,,0,,,162.58,0.0
T016857,0,0,,,0,,,279.67,0.0
T016858,0,0,,,0,,,370.16,0.0
T016859,0,0,,,0,,,291.51,0.0
T016860,0,0,,,0,,,163.32,0.0
T016861,0,0,,,0,,,1787.59,0.0
T016862,0,0,,,0,,,238.91,0.0
T016863,0,0,,,0,,,385.02,0.0
T016864,0,0,,,0,,,197.31,0.0
T016865,0,0,,,0,,,158.99,0.0
T016866,0,0,,,0,,,154.72,0.0
T016867,0,0,,,0,,,217.99,0.0
T016868,0,0,,,0,,,167.87,0.0
T016869,0,0,,,0,,,418.74,0.0
T016870,0,0,,,0,,,150.74,0.0
T016871,0,0,,,0,,,149.17,0.0
T016872,0,0,,,0,,,692.62,0.0
T016873,0,0,,,0,,,167.38,0.0
T016874,0,0,,,0,,,198.77,0.0
T016875,0,0,,,0,,,317.75,0.0
T016876,0,0,,,0,,,209.05,0.0
T016877,0,0,,,0,,,211.65,0.0
T016878,0,0,,,0,,,114.08,0.0
T016879,0,0,,,0,,,244.94,0.0
T016880,0,0,,,0,,,160.72,0.0
T016881,0,0,,,0,,,234.36,0.0
T016882,0,0,,,0,,,86.04,0.0
T016883,0,0,,,0,,,132.89,0.0
T016884,0,0,,,0,,,222.51,0.0
T016885,0,0,,,0,,,385.76,0.0
T016886,0,0,,,0,,,381.19,0.0
T016887,0,0,,,0,,,204.46,0.0
T016888,0,0,,,0,,,115.89,0.0
T016889,0,0,,,0,,,177.54,0.0
T016890,0,0,,,0,,,237.17,0.0
T016891,0,0,,,0,,,297.69,0.0
T016892,0,0,,,0,,,226.71,0.0
T016893,0,0,,,0,,,742.69,0.0
T016894,0,0,,,0,,,480.76,0.0
T016895,0,0,,,0,,,204.96,0.0
T016896,0,0,,,0,,,360.42,0.0
T016897,0,0,,,0,,,190.39,0.0
T016898,0,0,,,0,,,201.61,0.0
T016899,0,0,,,0,,,250.91,0.0
T016900,0,0,,,0,,,177.05,0.0
T016901,0,0,,,0,,,901.44,0.0
T016902,0,0,,,0,,,157.8,0.0
T016903,0,0,,,0,,,196.3,0.0
T016904,0,0,,,0,,,167.28,0.0
T016905,0,0,,,0,,,186.68,0.0
T016906,0,0,,,0,,,203.92,0.0
T016907,0,0,,,0,,,130.41,0.0
T016908,0,0,,,0,,,760.78,0.0
T016909,0,0,,,0,,,120.87,0.0
T016910,0,0,,,0,,,170.94,0.0
T016911,0,0,,,0,,,243.49,0.0
T016912,0,0,,,0,,,196.18,0.0
T016913,0,0,,,0,,,223.6,0.0
T016914,0,0,,,0,,,269.94,0.0
T016915,0,0,,,0,,,126.64,0.0
T016916,0,0,,,0,,,147.78,0.0
T016917,0,0,,,0,,,247.28,0.0
T016918,0,0,,,0,,,169.82,0.0
T016919,0,0,,,0,,,165.3,0.0
T016920,0,0,,,0,,,162.25,0.0
T016921,0,0,,,0,,,759.15,0.0
T016922,0,0,,,0,,,296.54,0.0
T016923,0,0,,,0,,,91.33,0.0
T016924,0,0,,,0,,,1202.11,0.0
T016925,0,0,,,0,,,219.61,0.0
T016926,0,0,,,0,,,261.39,0.0
T016927,0,0,,,0,,,575.37,0.0
T016928,0,0,,,0,,,248.41,0.0
T016929,0,0,,,0,,,188.87,0.0
T016930,0,0,,,0,,,194.89,0.0
T016931,0,0,,,0,,,158.97,0.0
T016932,0,0,,,0,,,381.06,0.0
T016933,0,0,,,0,,,159.71,0.0
T016934,0,0,,,0,,,196.91,0.0
T016935,0,0,,,0,,,174.97,0.0
T016936,0,0,,,0,,,77.85,0.0
T016937,0,0,,,0,,,590.12,0.0
T016938,0,0,,,0,,,533.82,0.0
T016939,0,0,,,0,,,230.77,0.0
T016940,0,0,,,0,,,202.76,0.0
T016941,0,0,,,0,,,186.89,0.0
T016942,0,0,,,0,,,207.62,0.0
T016943,0,0,,,0,,,617.23,0.0
T016944,0,0,,,0,,,281.73,0.0
T016945,0,0,,,0,,,241.84,0.0
T016946,0,0,,,0,,,183.9,0.0
T016947,0,0,,,0,,,294.21,0.0
T016948,0,0,,,0,,,379.41,0.0
T016949,0,0,,,0,,,270.67,0.0
T016950,0,0,,,0,,,212.65,0.0
T016951,0,0,,,0,,,108.92,0.0
T016952,0,0,,,0,,,182.93,0.0
T016953,0,0,,,0,,,363.1,0.0
T016954,0,0,,,0,,,244.74,0.0
T016955,0,0,,,0,,,165.95,0.0
T016956,0,0,,,0,,,157.25,0.0
T016957,0,0,,,0,,,148.94,0.0
T016958,0,0,,,0,,,129.93,0.0
T016959,0,0,,,0,,,182.7,0.0
T016960,0,0,,,0,,,152.92,0.0
T016961,0,0,,,0,,,367.05,0.0
T016962,0,0,,,0,,,120.32,0.0
T016963,0,0,,,0,,,479.33,0.0
T016964,0,0,,,0,,,231.39,0.0
T016965,0,0,,,0,,,273.89,0.0
T016966,0,0,,,0,,,275.82,0.0
T016967,0,0,,,0,,,358.52,0.0
T016968,0,0,,,0,,,239.88,0.0
T016969,0,0,,,0,,,322.05,0.0
T016970,0,0,,,0,,,198.05,0.0
T016971,0,0,,,0,,,313.31,0.0
T016972,0,0,,,0,,,159.92,0.0
T016973,1,0,,,0,,,0.0,717.57
T016974,0,0,,,0,,,160.6,0.0
T016975,0,0,,,0,,,227.61,0.0
T016976,0,0,,,0,,,355.55,0.0
T016977,0,0,,,0,,,102.53,0.0
T016978,0,0,,,0,,,159.23,0.0
T016979,0,0,,,0,,,207.47,0.0
T016980,0,0,,,0,,,401.29,0.0
T016981,0,0,,,0,,,337.98,0.0
T016982,0,0,,,0,,,200.76,0.0
T016983,0,0,,,0,,,188.74,0.0
T016984,0,0,,,0,,,694.73,0.0
T016985,0,0,,,0,,,174.68,0.0
T016986,0,0,,,0,,,160.51,0.0
T016987,0,0,,,0,,,158.45,0.0
T016988,0,0,,,0,,,993.59,0.0
T016989,0,0,,,0,,,285.14,0.0
T016990,0,0,,,0,,,218.14,0.0
T016991,0,0,,,0,,,160.17,0.0
T016992,0,0,,,0,,,250.68,0.0
T016993,0,0,,,0,,,205.7,0.0
T016994,0,0,,,0,,,199.19,0.0
T016995,0,0,,,0,,,189.46,0.0
T016996,0,0,,,0,,,181.76,0.0
T016997,0,0,,,0,,,106.12,0.0
T016998,0,0,,,0,,,219.54,0.0
T016999,0,0,,,0,,,199.36,0.0
T017000,0,0,,,0,,,359.56,0.0
T017001,0,0,,,0,,,138.98,0.0
T017002,0,0,,,0,,,212.76,0.0
T017003,0,0,,,0,,,211.29,0.0
T017004,0,0,,,0,,,397.93,0.0
T017005,0,0,,,0,,,395.48,0.0
T017006,0,0,,,0,,,319.93,0.0
T017007,0,0,,,0,,,196.31,0.0
T017008,0,0,,,0,,,699.02,0.0
T017009,0,0,,,0,,,316.83,0.0
T017010,0,0,,,0,,,145.59,0.0
T017011,0,0,,,0,,,277.03,0.0
T017012,0,0,,,0,,,157.46,0.0
T017013,0,0,,,0,,,191.32,0.0
T017014,0,0,,,0,,,543.81,0.0
T017015,0,0,,,0,,,781.05,0.0
T017016,0,0,,,0,,,132.26,0.0
T017017,0,0,,,0,,,151.86,0.0
T017018,0,0,,,0,,,132.45,0.0
T017019,0,0,,,0,,,499.32,0.0
T017020,0,0,,,0,,,264.6,0.0
T017021,0,0,,,0,,,167.52,0.0
T017022,0,0,,,0,,,829.44,0.0
T017023,0,0,,,0,,,192.86,0.0
T017024,0,0,,,0,,,989.92,0.0
T017025,0,0,,,0,,,229.23,0.0
T017026,0,0,,,0,,,174.27,0.0
T017027,0,0,,,0,,,328.67,0.0
T017028,0,0,,,0,,,198.27,0.0
T017029,0,0,,,0,,,512.96,0.0
T017030,0,0,,,0,,,230.99,0.0
T017031,0,0,,,0,,,190.22,0.0
T017032,0,0,,,0,,,174.88,0.0
T017033,0,0,,,0,,,224.55,0.0
T017034,1,0,,,0,,,0.0,550.4
T017035,0,0,,,0,,,277.64,0.0
T017036,0,0,,,0,,,173.39,0.0
T017037,0,0,,,0,,,186.6,0.0
T017038,0,0,,,0,,,304.67,0.0
T017039,0,0,,,0,,,180.8,0.0
T017040,0,0,,,0,,,202.89,0.0
T017041,0,0,,,0,,,125.49,0.0
T017042,0,0,,,0,,,158.08,0.0
T017043,0,0,,,0,,,162.69,0.0
T017044,0,0,,,0,,,149.14,0.0
T017045,0,0,,,0,,,152.63,0.0
T017046,0,0,,,0,,,187.5,0.0
T017047,0,0,,,0,,,99.6,0.0
T017048,0,0,,,0,,,345.62,0.0
T017049,0,0,,,0,,,255.94,0.0
T017050,0,0,,,0,,,145.85,0.0
T017051,0,0,,,0,,,158.92,0.0
T017052,0,0,,,0,,,138.08,0.0
T017053,0,0,,,0,,,274.33,0.0
T017054,0,0,,,0,,,172.26,0.0
T017055,0,0,,,0,,,185.64,0.0
T017056,0,0,,,0,,,127.15,0.0
T017057,0,0,,,0,,,461.12,0.0
T017058,0,0,,,0,,,548.56,0.0
T017059,0,0,,,0,,,201.86,0.0
T017060,0,0,,,0,,,246.0,0.0
T017061,0,0,,,0,,,342.34,0.0
T017062,0,0,,,0,,,308.55,0.0
T017063,0,0,,,0,,,126.5,0.0
T017064,0,0,,,0,,,144.27,0.0
T017065,0,0,,,0,,,281.51,0.0
T017066,0,0,,,0,,,353.65,0.0
T017067,0,0,,,0,,,179.28,0.0
T017068,0,0,,,0,,,228.79,0.0
T017069,0,0,,,0,,,464.37,0.0
T017070,0,0,,,0,,,250.4,0.0
T017071,0,0,,,0,,,237.66,0.0
T017072,0,0,,,0,,,172.06,0.0
T017073,0,0,,,0,,,213.98,0.0
T017074,0,0,,,0,,,88.89,0.0
T017075,0,0,,,0,,,182.85,0.0
T017076,0,0,,,0,,,172.18,0.0
T017077,0,0,,,0,,,323.26,0.0
T017078,0,0,,,0,,,144.4,0.0
T017079,0,0,,,0,,,276.21,0.0
T017080,0,0,,,0,,,256.03,0.0
T017081,0,0,,,0,,,224.37,0.0
T017082,0,0,,,0,,,150.03,0.0
T017083,0,0,,,0,,,84.48,0.0
T017084,0,0,,,0,,,206.88,0.0
T017085,0,0,,,0,,,151.83,0.0
T017086,0,0,,,0,,,204.99,0.0
T017087,0,0,,,0,,,169.17,0.0
T017088,0,0,,,0,,,174.2,0.0
T017089,0,0,,,0,,,151.43,0.0
T017090,0,0,,,0,,,253.93,0.0
T017091,0,0,,,0,,,191.05,0.0
T017092,0,0,,,0,,,554.13,0.0
T017093,0,0,,,0,,,144.24,0.0
T017094,0,0,,,0,,,174.47,0.0
T017095,0,0,,,0,,,172.79,0.0
T017096,0,0,,,0,,,275.62,0.0
T017097,0,0,,,0,,,376.26,0.0
T017098,0,0,,,0,,,157.49,0.0
T017099,0,0,,,0,,,160.51,0.0
T017100,0,0,,,0,,,301.51,0.0
T017101,0,0,,,0,,,237.92,0.0
T017102,0,0,,,0,,,312.96,0.0
T017103,0,0,,,0,,,230.64,0.0
T017104,0,0,,,0,,,237.02,0.0
T017105,0,0,,,0,,,189.07,0.0
T017106,1,0,,,0,,,0.0,603.28
T017107,0,0,,,0,,,191.29,0.0
T017108,0,0,,,0,,,171.41,0.0
T017109,0,0,,,0,,,131.35,0.0
T017110,0,0,,,0,,,313.21,0.0
T017111,0,0,,,0,,,173.94,0.0
T017112,0,0,,,0,,,154.74,0.0
T017113,0,0,,,0,,,162.58,0.0
T017114,0,0,,,0,,,365.54,0.0
T017115,0,0,,,0,,,199.21,0.0
T017116,0,0,,,0,,,1046.87,0.0
T017117,0,0,,,0,,,195.26,0.0
T017118,0,0,,,0,,,657.45,0.0
T017119,0,0,,,0,,,334.17,0.0
T017120,0,0,,,0,,,333.83,0.0
T017121,0,0,,,0,,,1182.02,0.0
T017122,0,0,,,0,,,229.24,0.0
T017123,0,0,,,0,,,205.16,0.0
T017124,0,0,,,0,,,264.98,0.0
T017125,0,0,,,0,,,215.54,0.0
T017126,0,0,,,0,,,220.15,0.0
T017127,0,0,,,0,,,509.41,0.0
T017128,0,0,,,0,,,193.86,0.0
T017129,0,0,,,0,,,176.68,0.0
T017130,0,0,,,0,,,196.52,0.0
T017131,0,0,,,0,,,246.59,0.0
T017132,0,0,,,0,,,287.03,0.0
T017133,0,0,,,0,,,178.13,0.0
T017134,0,0,,,0,,,1373.88,0.0
T017135,0,0,,,0,,,176.09,0.0
T017136,0,0,,,0,,,207.99,0.0
T017137,0,0,,,0,,,217.78,0.0
T017138,0,0,,,0,,,230.79,0.0
T017139,0,0,,,0,,,160.1,0.0
T017140,0,0,,,0,,,165.87,0.0
T017141,0,0,,,0,,,341.53,0.0
T017142,0,0,,,0,,,224.24,0.0
T017143,0,0,,,0,,,190.06,0.0
T017144,0,0,,,0,,,321.56,0.0
T017145,0,0,,,0,,,229.8,0.0
T017146,0,0,,,0,,,361.02,0.0
T017147,0,0,,,0,,,173.5,0.0
T017148,0,0,,,0,,,352.55,0.0
T017149,0,0,,,0,,,162.07,0.0
T017150,0,0,,,0,,,245.48,0.0
T017151,0,0,,,0,,,232.41,0.0
T017152,0,0,,,0,,,283.06,0.0
T017153,0,0,,,0,,,191.52,0.0
T017154,0,0,,,0,,,154.73,0.0
T017155,0,0,,,0,,,573.05,0.0
T017156,0,0,,,0,,,156.8,0.0
T017157,0,0,,,0,,,175.94,0.0
T017158,0,0,,,0,,,326.58,0.0
T017159,0,0,,,0,,,275.12,0.0
T017160,0,0,,,0,,,209.35,0.0
T017161,0,0,,,0,,,161.2,0.0
T017162,0,0,,,0,,,135.7,0.0
T017163,0,0,,,0,,,186.78,0.0
T017164,0,0,,,0,,,174.55,0.0
T017165,0,0,,,0,,,165.5,0.0
T017166,0,0,,,0,,,302.51,0.0
T017167,0,0,,,0,,,405.12,0.0
T017168,1,0,,,0,,,0.0,2004.32
T017169,0,0,,,0,,,188.44,0.0
T017170,0,0,,,0,,,161.99,0.0
T017171,0,0,,,0,,,166.94,0.0
T017172,0,0,,,0,,,624.25,0.0
T017173,0,0,,,0,,,369.16,0.0
T017174,0,0,,,0,,,480.3,0.0
T017175,0,0,,,0,,,1231.87,0.0
T017176,1,0,,,0,,,0.0,705.64
T017177,0,0,,,0,,,310.65,0.0
T017178,0,0,,,0,,,213.8,0.0
T017179,0,0,,,0,,,153.08,0.0
T017180,0,0,,,0,,,194.38,0.0
T017181,0,0,,,0,,,126.93,0.0
T017182,1,0,,,0,,,0.0,1075.31
T017183,0,0,,,0,,,206.2,0.0
T017184,0,0,,,0,,,165.52,0.0
T017185,0,0,,,0,,,313.61,0.0
T017186,0,0,,,0,,,251.89,0.0
T017187,0,0,,,0,,,125.23,0.0
T017188,0,0,,,0,,,215.6,0.0
T017189,0,0,,,0,,,330.68,0.0
T017190,0,0,,,0,,,279.54,0.0
T017191,0,0,,,0,,,175.16,0.0
T017192,0,0,,,0,,,196.79,0.0
T017193,0,0,,,0,,,183.03,0.0
T017194,0,0,,,0,,,132.57,0.0
T017195,0,0,,,0,,,154.38,0.0
T017196,0,0,,,0,,,513.5,0.0
T017197,0,0,,,0,,,179.22,0.0
T017198,0,0,,,0,,,602.77,0.0
T017199,0,0,,,0,,,236.15,0.0
T017200,0,0,,,0,,,225.79,0.0
T017201,1,0,,,0,,,0.0,1801.63
T017202,0,0,,,0,,,458.31,0.0
T017203,0,0,,,0,,,222.26,0.0
T017204,0,0,,,0,,,242.12,0.0
T017205,0,0,,,0,,,122.18,0.0
T017206,0,0,,,0,,,182.41,0.0
T017207,0,0,,,0,,,223.04,0.0
T017208,0,0,,,0,,,283.02,0.0
T017209,0,0,,,0,,,146.26,0.0
T017210,0,0,,,0,,,203.05,0.0
T017211,0,0,,,0,,,168.94,0.0
T017212,0,0,,,0,,,144.35,0.0
T017213,0,0,,,0,,,297.72,0.0
T017214,0,0,,,0,,,181.61,0.0
T017215,0,0,,,0,,,165.5,0.0
T017216,0,0,,,0,,,325.71,0.0
T017217,0,0,,,0,,,177.23,0.0
T017218,1,0,,,0,,,0.0,1298.27
T017219,0,0,,,0,,,242.7,0.0
T017220,0,0,,,0,,,156.29,0.0
T017221,0,0,,,0,,,260.1,0.0
T017222,0,0,,,0,,,183.31,0.0
T017223,0,0,,,0,,,450.99,0.0
T017224,0,0,,,0,,,204.71,0.0
T017225,0,0,,,0,,,225.12,0.0
T017226,0,0,,,0,,,216.19,0.0
T017227,0,0,,,0,,,239.96,0.0
T017228,0,0,,,0,,,189.54,0.0
T017229,0,0,,,0,,,223.04,0.0
T017230,0,0,,,0,,,173.47,0.0
T017231,0,0,,,0,,,322.15,0.0
T017232,0,0,,,0,,,335.48,0.0
T017233,0,0,,,0,,,447.86,0.0
T017234,0,0,,,0,,,264.19,0.0
T017235,0,0,,,0,,,106.13,0.0
T017236,0,0,,,0,,,523.22,0.0
T017237,0,0,,,0,,,478.84,0.0
T017238,0,0,,,0,,,181.17,0.0
T017239,0,0,,,0,,,180.67,0.0
T017240,0,0,,,0,,,139.17,0.0
T017241,0,0,,,0,,,390.18,0.0
T017242,0,0,,,0,,,280.89,0.0
T017243,0,0,,,0,,,364.04,0.0
T017244,0,0,,,0,,,136.16,0.0
T017245,0,0,,,0,,,190.09,0.0
T017246,0,0,,,0,,,173.47,0.0
T017247,0,0,,,0,,,197.12,0.0
T017248,0,0,,,0,,,246.73,0.0
T017249,0,0,,,0,,,173.62,0.0
T017250,0,0,,,0,,,171.53,0.0
T017251,0,0,,,0,,,524.95,0.0
T017252,0,0,,,0,,,153.94,0.0
T017253,0,0,,,0,,,219.56,0.0
T017254,0,0,,,0,,,471.07,0.0
T017255,0,0,,,0,,,338.61,0.0
T017256,0,0,,,0,,,236.44,0.0
T017257,0,0,,,0,,,279.09,0.0
T017258,0,0,,,0,,,331.42,0.0
T017259,0,0,,,0,,,590.34,0.0
T017260,0,0,,,0,,,206.36,0.0
T017261,0,0,,,0,,,183.37,0.0
T017262,0,0,,,0,,,273.09,0.0
T017263,0,0,,,0,,,209.37,0.0
T017264,0,0,,,0,,,360.95,0.0
T017265,0,0,,,0,,,188.16,0.0
T017266,0,0,,,0,,,276.19,0.0
T017267,0,0,,,0,,,351.46,0.0
T017268,0,0,,,0,,,413.93,0.0
T017269,0,0,,,0,,,172.77,0.0
T017270,0,0,,,0,,,108.12,0.0
T017271,0,0,,,0,,,171.42,0.0
T017272,0,0,,,0,,,296.78,0.0
T017273,0,0,,,0,,,771.73,0.0
T017274,0,0,,,0,,,346.32,0.0
T017275,0,0,,,0,,,182.0,0.0
T017276,0,0,,,0,,,158.01,0.0
T017277,0,0,,,0,,,263.39,0.0
T017278,0,0,,,0,,,271.38,0.0
T017279,0,0,,,0,,,154.38,0.0
T017280,0,0,,,0,,,319.69,0.0
T017281,0,0,,,0,,,597.54,0.0
T017282,0,0,,,0,,,224.4,0.0
T017283,0,0,,,0,,,204.1,0.0
T017284,0,0,,,0,,,210.9,0.0
T017285,0,0,,,0,,,324.32,0.0
T017286,0,0,,,0,,,301.81,0.0
T017287,0,0,,,0,,,291.67,0.0
T017288,0,0,,,0,,,197.06,0.0
T017289,0,0,,,0,,,237.02,0.0
T017290,0,0,,,0,,,246.21,0.0
T017291,0,0,,,0,,,191.96,0.0
T017292,0,0,,,0,,,239.65,0.0
T017293,0,0,,,0,,,231.75,0.0
T017294,0,0,,,0,,,160.39,0.0
T017295,0,0,,,0,,,179.82,0.0
T017296,0,0,,,0,,,251.74,0.0
T017297,0,0,,,0,,,285.54,0.0
T017298,0,0,,,0,,,171.48,0.0
T017299,0,0,,,0,,,184.62,0.0
T017300,0,0,,,0,,,141.21,0.0
T017301,0,0,,,0,,,168.66,0.0
T017302,0,0,,,0,,,569.02,0.0
T017303,0,0,,,0,,,335.09,0.0
T017304,0,0,,,0,,,173.17,0.0
T017305,0,0,,,0,,,508.54,0.0
T017306,0,0,,,0,,,171.92,0.0
T017307,0,0,,,0,,,930.39,0.0
T017308,0,0,,,0,,,160.89,0.0
T017309,0,0,,,0,,,167.2,0.0
T017310,0,0,,,0,,,156.73,0.0
T017311,0,0,,,0,,,264.78,0.0
T017312,0,0,,,0,,,156.02,0.0
T017313,0,0,,,0,,,140.63,0.0
T017314,0,0,,,0,,,1396.99,0.0
T017315,0,0,,,0,,,150.72,0.0
T017316,0,0,,,0,,,257.87,0.0
T017317,0,0,,,0,,,66.99,0.0
T017318,0,0,,,0,,,1106.14,0.0
T017319,0,0,,,0,,,221.56,0.0
T017320,0,0,,,0,,,111.43,0.0
T017321,0,0,,,0,,,193.19,0.0
T017322,0,0,,,0,,,474.28,0.0
T017323,0,0,,,0,,,444.49,0.0
T017324,0,0,,,0,,,338.59,0.0
T017325,0,0,,,0,,,283.76,0.0
T017326,0,0,,,0,,,259.6,0.0
T017327,0,0,,,0,,,668.86,0.0
T017328,0,0,,,0,,,158.3,0.0
T017329,0,0,,,0,,,218.92,0.0
T017330,0,0,,,0,,,279.31,0.0
T017331,0,0,,,0,,,282.35,0.0
T017332,0,0,,,0,,,202.78,0.0
T017333,0,0,,,0,,,176.7,0.0
T017334,0,0,,,0,,,662.97,0.0
T017335,0,0,,,0,,,162.87,0.0
T017336,0,0,,,0,,,151.68,0.0
T017337,0,0,,,0,,,102.14,0.0
T017338,0,0,,,0,,,396.81,0.0
T017339,0,0,,,0,,,157.01,0.0
T017340,0,0,,,0,,,636.73,0.0
T017341,0,0,,,0,,,410.68,0.0
T017342,0,0,,,0,,,149.91,0.0
T017343,0,0,,,0,,,161.66,0.0
T017344,0,0,,,0,,,211.41,0.0
T017345,0,0,,,0,,,574.5,0.0
T017346,0,0,,,0,,,132.86,0.0
T017347,0,0,,,0,,,569.57,0.0
T017348,0,0,,,0,,,158.17,0.0
T017349,0,0,,,0,,,164.99,0.0
T017350,0,0,,,0,,,168.37,0.0
T017351,0,0,,,0,,,194.81,0.0
T017352,0,0,,,0,,,131.75,0.0
T017353,1,0,,,0,,,0.0,3937.07
T017354,0,0,,,0,,,270.26,0.0
T017355,0,0,,,0,,,428.48,0.0
T017356,0,0,,,0,,,316.9,0.0
T017357,0,0,,,0,,,474.05,0.0
T017358,0,0,,,0,,,521.84,0.0
T017359,0,0,,,0,,,182.26,0.0
T017360,0,0,,,0,,,352.42,0.0
T017361,0,0,,,0,,,318.45,0.0
T017362,0,0,,,0,,,167.82,0.0
T017363,0,0,,,0,,,129.08,0.0
T017364,0,0,,,0,,,185.78,0.0
T017365,0,0,,,0,,,164.9,0.0
T017366,0,0,,,0,,,199.76,0.0
T017367,0,0,,,0,,,168.86,0.0
T017368,0,0,,,0,,,219.28,0.0
T017369,0,0,,,0,,,175.52,0.0
T017370,0,0,,,0,,,121.02,0.0
T017371,0,0,,,0,,,174.97,0.0
T017372,0,0,,,0,,,255.32,0.0
T017373,0,0,,,0,,,262.41,0.0
T017374,0,0,,,0,,,152.39,0.0
T017375,0,0,,,0,,,266.01,0.0
T017376,0,0,,,0,,,144.17,0.0
T017377,0,0,,,0,,,209.91,0.0
T017378,0,0,,,0,,,426.76,0.0
T017379,0,0,,,0,,,348.38,0.0
T017380,0,0,,,0,,,149.44,0.0
T017381,0,0,,,0,,,178.27,0.0
T017382,0,0,,,0,,,392.42,0.0
T017383,0,0,,,0,,,209.55,0.0
T017384,0,0,,,0,,,268.19,0.0
T017385,0,0,,,0,,,151.62,0.0
T017386,0,0,,,0,,,336.46,0.0
T017387,0,0,,,0,,,266.41,0.0
T017388,0,0,,,0,,,199.81,0.0
T017389,0,0,,,0,,,239.52,0.0
T017390,0,0,,,0,,,209.21,0.0
T017391,0,0,,,0,,,155.67,0.0
T017392,0,0,,,0,,,1679.45,0.0
T017393,0,0,,,0,,,161.5,0.0
T017394,0,0,,,0,,,231.76,0.0
T017395,0,0,,,0,,,492.23,0.0
T017396,0,0,,,0,,,172.57,0.0
T017397,0,0,,,0,,,156.39,0.0
T017398,0,0,,,0,,,182.72,0.0
T017399,0,0,,,0,,,258.21,0.0
T017400,0,0,,,0,,,254.54,0.0
T017401,0,0,,,0,,,208.27,0.0
T017402,0,0,,,0,,,421.63,0.0
T017403,0,0,,,0,,,168.79,0.0
T017404,0,0,,,0,,,292.67,0.0
T017405,0,0,,,0,,,147.47,0.0
T017406,0,0,,,0,,,342.61,0.0
T017407,0,0,,,0,,,142.65,0.0
T017408,0,0,,,0,,,423.48,0.0
T017409,0,0,,,0,,,165.92,0.0
T017410,0,0,,,0,,,169.38,0.0
T017411,0,0,,,0,,,152.72,0.0
T017412,0,0,,,0,,,171.86,0.0
T017413,0,0,,,0,,,1527.14,0.0
T017414,0,0,,,0,,,206.37,0.0
T017415,0,0,,,0,,,158.98,0.0
T017416,0,0,,,0,,,154.32,0.0
T017417,0,0,,,0,,,241.56,0.0
T017418,0,0,,,0,,,367.03,0.0
T017419,0,0,,,0,,,290.77,0.0
T017420,0,0,,,0,,,213.8,0.0
T017421,0,0,,,0,,,523.69,0.0
T017422,0,0,,,0,,,177.44,0.0
T017423,0,0,,,0,,,202.98,0.0
T017424,0,0,,,0,,,211.21,0.0
T017425,0,0,,,0,,,105.69,0.0
T017426,0,0,,,0,,,189.78,0.0
T017427,0,0,,,0,,,757.54,0.0
T017428,0,0,,,0,,,360.53,0.0
T017429,0,0,,,0,,,245.37,0.0
T017430,0,0,,,0,,,314.11,0.0
T017431,0,0,,,0,,,249.8,0.0
T017432,0,0,,,0,,,220.47,0.0
T017433,0,0,,,0,,,224.4,0.0
T017434,0,0,,,0,,,182.28,0.0
T017435,0,0,,,0,,,251.53,0.0
T017436,0,0,,,0,,,178.85,0.0
T017437,0,0,,,0,,,238.12,0.0
T017438,0,0,,,0,,,178.61,0.0
T017439,0,0,,,0,,,168.16,0.0
T017440,0,0,,,0,,,292.6,0.0
T017441,0,0,,,0,,,238.32,0.0
T017442,0,0,,,0,,,156.02,0.0
T017443,0,0,,,0,,,447.05,0.0
T017444,0,0,,,0,,,2500.0,0.0
T017445,0,0,,,0,,,316.1,0.0
T017446,0,0,,,0,,,386.1,0.0
T017447,0,0,,,0,,,327.19,0.0
T017448,0,0,,,0,,,244.62,0.0
T017449,0,0,,,0,,,608.5,0.0
T017450,0,0,,,0,,,1698.28,0.0
T017451,0,0,,,0,,,640.94,0.0
T017452,0,0,,,0,,,154.78,0.0
T017453,0,0,,,0,,,327.43,0.0
T017454,0,0,,,0,,,161.68,0.0
T017455,0,0,,,0,,,679.45,0.0
T017456,0,0,,,0,,,693.98,0.0
T017457,0,0,,,0,,,188.66,0.0
T017458,0,0,,,0,,,157.67,0.0
T017459,0,0,,,0,,,188.53,0.0
T017460,0,0,,,0,,,213.05,0.0
T017461,0,0,,,0,,,222.07,0.0
T017462,0,0,,,0,,,312.8,0.0
T017463,0,0,,,0,,,139.41,0.0
T017464,0,0,,,0,,,231.83,0.0
T017465,0,0,,,0,,,450.28,0.0
T017466,0,0,,,0,,,152.15,0.0
T017467,0,0,,,0,,,160.06,0.0
T017468,0,0,,,0,,,206.49,0.0
T017469,0,0,,,0,,,327.71,0.0
T017470,0,0,,,0,,,180.15,0.0
T017471,0,0,,,0,,,134.25,0.0
T017472,0,0,,,0,,,170.44,0.0
T017473,0,0,,,0,,,303.06,0.0
T017474,0,0,,,0,,,365.02,0.0
T017475,0,0,,,0,,,264.5,0.0
T017476,0,0,,,0,,,192.75,0.0
T017477,0,0,,,0,,,213.48,0.0
T017478,0,0,,,0,,,198.18,0.0
T017479,0,0,,,0,,,172.77,0.0
T017480,0,0,,,0,,,201.73,0.0
T017481,0,0,,,0,,,206.43,0.0
T017482,0,0,,,0,,,283.03,0.0
T017483,0,0,,,0,,,96.72,0.0
T017484,0,0,,,0,,,358.86,0.0
T017485,0,0,,,0,,,211.76,0.0
T017486,0,0,,,0,,,2207.29,0.0
T017487,0,0,,,0,,,278.5,0.0
T017488,0,0,,,0,,,92.29,0.0
T017489,0,0,,,0,,,528.74,0.0
T017490,0,0,,,0,,,171.5,0.0
T017491,0,0,,,0,,,232.96,0.0
T017492,0,0,,,0,,,148.37,0.0
T017493,0,0,,,0,,,1046.11,0.0
T017494,0,0,,,0,,,422.49,0.0
T017495,0,0,,,0,,,170.94,0.0
T017496,0,0,,,0,,,353.15,0.0
T017497,0,0,,,0,,,150.74,0.0
T017498,0,0,,,0,,,195.71,0.0
T017499,0,0,,,0,,,299.33,0.0
T017500,0,0,,,0,,,154.06,0.0
T017501,0,0,,,0,,,171.26,0.0
T017502,0,0,,,0,,,361.6,0.0
T017503,0,0,,,0,,,232.14,0.0
T017504,0,0,,,0,,,254.47,0.0
T017505,0,0,,,0,,,214.6,0.0
T017506,0,0,,,0,,,140.18,0.0
T017507,0,0,,,0,,,248.28,0.0
T017508,0,0,,,0,,,280.38,0.0
T017509,0,0,,,0,,,158.34,0.0
T017510,0,0,,,0,,,152.75,0.0
T017511,0,0,,,0,,,540.97,0.0
T017512,0,0,,,0,,,195.12,0.0
T017513,0,0,,,0,,,181.93,0.0
T017514,0,0,,,0,,,185.74,0.0
T017515,0,0,,,0,,,327.8,0.0
T017516,0,0,,,0,,,122.89,0.0
T017517,0,0,,,0,,,160.34,0.0
T017518,0,0,,,0,,,252.82,0.0
T017519,0,0,,,0,,,172.67,0.0
T017520,0,0,,,0,,,1388.51,0.0
T017521,0,0,,,0,,,139.03,0.0
T017522,0,0,,,0,,,215.2,0.0
T017523,0,0,,,0,,,166.94,0.0
T017524,1,0,,,0,,,0.0,846.92
T017525,0,0,,,0,,,522.74,0.0
T017526,0,0,,,0,,,160.91,0.0
T017527,0,0,,,0,,,287.54,0.0
T017528,0,0,,,0,,,141.47,0.0
T017529,0,0,,,0,,,310.05,0.0
T017530,0,0,,,0,,,240.09,0.0
T017531,0,0,,,0,,,182.3,0.0
T017532,0,0,,,0,,,151.73,0.0
T017533,0,0,,,0,,,194.22,0.0
T017534,0,0,,,0,,,291.89,0.0
T017535,0,0,,,0,,,308.0,0.0
T017536,0,0,,,0,,,164.84,0.0
T017537,0,0,,,0,,,505.65,0.0
T017538,0,0,,,0,,,348.59,0.0
T017539,0,0,,,0,,,205.84,0.0
T017540,0,0,,,0,,,158.69,0.0
T017541,0,0,,,0,,,230.12,0.0
T017542,0,0,,,0,,,159.16,0.0
T017543,0,0,,,0,,,245.96,0.0
T017544,0,0,,,0,,,180.07,0.0
T017545,0,0,,,0,,,286.68,0.0
T017546,0,0,,,0,,,455.99,0.0
T017547,0,0,,,0,,,227.08,0.0
T017548,0,0,,,0,,,165.75,0.0
T017549,0,0,,,0,,,283.53,0.0
T017550,0,0,,,0,,,241.61,0.0
T017551,0,0,,,0,,,186.28,0.0
T017552,0,0,,,0,,,231.58,0.0
T017553,0,0,,,0,,,204.38,0.0
T017554,0,0,,,0,,,588.93,0.0
T017555,0,0,,,0,,,218.34,0.0
T017556,0,0,,,0,,,300.21,0.0
T017557,0,0,,,0,,,344.52,0.0
T017558,0,0,,,0,,,163.96,0.0
T017559,0,0,,,0,,,301.47,0.0
T017560,0,0,,,0,,,202.84,0.0
T017561,1,0,,,0,,,0.0,510.24
T017562,0,0,,,0,,,166.56,0.0
T017563,0,0,,,0,,,227.19,0.0
T017564,0,0,,,0,,,374.63,0.0
T017565,0,0,,,0,,,340.86,0.0
T017566,0,0,,,0,,,182.8,0.0
T017567,0,0,,,0,,,275.48,0.0
T017568,0,0,,,0,,,224.04,0.0
T017569,0,0,,,0,,,391.63,0.0
T017570,0,0,,,0,,,181.41,0.0
T017571,0,0,,,0,,,161.05,0.0
T017572,1,0,,,0,,,0.0,1418.61
T017573,0,0,,,0,,,204.71,0.0
T017574,0,0,,,0,,,259.57,0.0
T017575,0,0,,,0,,,334.93,0.0
T017576,0,0,,,0,,,306.58,0.0
T017577,0,0,,,0,,,105.09,0.0
T017578,0,0,,,0,,,205.37,0.0
T017579,0,0,,,0,,,294.52,0.0
T017580,0,0,,,0,,,167.61,0.0
T017581,1,0,,,0,,,0.0,5247.58
T017582,0,0,,,0,,,290.24,0.0
T017583,0,0,,,0,,,248.28,0.0
T017584,0,0,,,0,,,356.62,0.0
T017585,0,0,,,0,,,246.95,0.0
T017586,0,0,,,0,,,1867.43,0.0
T017587,0,0,,,0,,,187.92,0.0
T017588,0,0,,,0,,,209.0,0.0
T017589,0,0,,,0,,,170.8,0.0
T017590,0,0,,,0,,,326.3,0.0
T017591,0,0,,,0,,,258.14,0.0
T017592,0,0,,,0,,,134.42,0.0
T017593,0,0,,,0,,,284.49,0.0
T017594,0,0,,,0,,,178.6,0.0
T017595,0,0,,,0,,,193.43,0.0
T017596,0,0,,,0,,,294.75,0.0
T017597,0,0,,,0,,,1018.36,0.0
T017598,0,0,,,0,,,199.07,0.0
T017599,0,0,,,0,,,67.16,0.0
T017600,0,0,,,0,,,152.41,0.0
T017601,0,0,,,0,,,222.71,0.0
T017602,0,0,,,0,,,167.76,0.0
T017603,0,0,,,0,,,202.46,0.0
T017604,0,0,,,0,,,198.17,0.0
T017605,0,0,,,0,,,146.77,0.0
T017606,0,0,,,0,,,180.86,0.0
T017607,0,0,,,0,,,226.96,0.0
T017608,0,0,,,0,,,212.53,0.0
T017609,0,0,,,0,,,165.63,0.0
T017610,0,0,,,0,,,222.99,0.0
T017611,0,0,,,0,,,77.38,0.0
T017612,0,0,,,0,,,195.39,0.0
T017613,0,0,,,0,,,390.19,0.0
T017614,0,0,,,0,,,220.81,0.0
T017615,0,0,,,0,,,341.21,0.0
T017616,0,0,,,0,,,411.1,0.0
T017617,0,0,,,0,,,249.02,0.0
T017618,0,0,,,0,,,176.74,0.0
T017619,0,0,,,0,,,181.87,0.0
T017620,0,0,,,0,,,270.87,0.0
T017621,0,0,,,0,,,296.65,0.0
T017622,0,0,,,0,,,121.6,0.0
T017623,0,0,,,0,,,174.12,0.0
T017624,0,0,,,0,,,252.84,0.0
T017625,0,0,,,0,,,204.75,0.0
T017626,0,0,,,0,,,234.7,0.0
T017627,0,0,,,0,,,345.95,0.0
T017628,0,0,,,0,,,289.67,0.0
T017629,0,0,,,0,,,163.92,0.0
T017630,0,0,,,0,,,314.51,0.0
T017631,0,0,,,0,,,876.42,0.0
T017632,0,0,,,0,,,182.06,0.0
T017633,0,0,,,0,,,435.69,0.0
T017634,0,0,,,0,,,230.14,0.0
T017635,0,0,,,0,,,195.01,0.0
T017636,0,0,,,0,,,523.18,0.0
T017637,0,0,,,0,,,227.06,0.0
T017638,0,0,,,0,,,32.91,0.0
T017639,0,0,,,0,,,158.1,0.0
T017640,0,0,,,0,,,359.18,0.0
T017641,1,0,,,0,,,0.0,9215.84
T017642,0,0,,,0,,,168.5,0.0
T017643,0,0,,,0,,,162.7,0.0
T017644,0,0,,,0,,,361.0,0.0
T017645,0,0,,,0,,,317.9,0.0
T017646,0,0,,,0,,,344.69,0.0
T017647,0,0,,,0,,,192.19,0.0
T017648,0,0,,,0,,,188.11,0.0
T017649,0,0,,,0,,,354.77,0.0
T017650,0,0,,,0,,,196.09,0.0
T017651,0,0,,,0,,,278.68,0.0
T017652,0,0,,,0,,,214.75,0.0
T017653,0,0,,,0,,,264.3,0.0
T017654,0,0,,,0,,,165.68,0.0
T017655,0,0,,,0,,,124.2,0.0
T017656,0,0,,,0,,,198.64,0.0
T017657,0,0,,,0,,,211.87,0.0
T017658,0,0,,,0,,,356.82,0.0
T017659,0,0,,,0,,,1301.37,0.0
T017660,0,0,,,0,,,234.27,0.0
T017661,0,0,,,0,,,672.23,0.0
T017662,0,0,,,0,,,169.85,0.0
T017663,0,0,,,0,,,255.36,0.0
T017664,0,0,,,0,,,153.49,0.0
T017665,0,0,,,0,,,172.75,0.0
T017666,0,0,,,0,,,406.44,0.0
T017667,0,0,,,0,,,159.48,0.0
T017668,0,0,,,0,,,152.03,0.0
T017669,0,0,,,0,,,606.76,0.0
T017670,0,0,,,0,,,396.51,0.0
T017671,0,0,,,0,,,219.01,0.0
T017672,0,0,,,0,,,157.55,0.0
T017673,0,0,,,0,,,213.31,0.0
T017674,0,0,,,0,,,192.83,0.0
T017675,0,0,,,0,,,162.73,0.0
T017676,0,0,,,0,,,241.03,0.0
T017677,0,0,,,0,,,320.81,0.0
T017678,0,0,,,0,,,156.47,0.0
T017679,0,0,,,0,,,176.32,0.0
T017680,0,0,,,0,,,180.25,0.0
T017681,0,0,,,0,,,228.8,0.0
T017682,0,0,,,0,,,279.4,0.0
T017683,0,0,,,0,,,221.38,0.0
T017684,0,0,,,0,,,574.8,0.0
T017685,0,0,,,0,,,390.77,0.0
T017686,0,0,,,0,,,312.6,0.0
T017687,0,0,,,0,,,173.84,0.0
T017688,0,0,,,0,,,445.37,0.0
T017689,0,0,,,0,,,273.27,0.0
T017690,0,0,,,0,,,117.02,0.0
T017691,0,0,,,0,,,818.29,0.0
T017692,0,0,,,0,,,188.12,0.0
T017693,0,0,,,0,,,424.48,0.0
T017694,0,0,,,0,,,291.76,0.0
T017695,0,0,,,0,,,218.51,0.0
T017696,0,0,,,0,,,305.7,0.0
T017697,0,0,,,0,,,344.34,0.0
T017698,0,0,,,0,,,204.72,0.0
T017699,0,0,,,0,,,340.55,0.0
T017700,0,0,,,0,,,184.49,0.0
T017701,0,0,,,0,,,288.36,0.0
T017702,0,0,,,0,,,218.99,0.0
T017703,0,0,,,0,,,328.84,0.0
T017704,0,0,,,0,,,197.71,0.0
T017705,0,0,,,0,,,107.77,0.0
T017706,0,0,,,0,,,204.58,0.0
T017707,0,0,,,0,,,257.39,0.0
T017708,0,0,,,0,,,159.72,0.0
T017709,0,0,,,0,,,244.3,0.0
T017710,0,0,,,0,,,189.69,0.0
T017711,0,0,,,0,,,255.72,0.0
T017712,0,0,,,0,,,138.15,0.0
T017713,0,0,,,0,,,275.22,0.0
T017714,0,0,,,0,,,211.31,0.0
T017715,0,0,,,0,,,126.3,0.0
T017716,0,0,,,0,,,249.68,0.0
T017717,0,0,,,0,,,202.98,0.0
T017718,0,0,,,0,,,157.53,0.0
T017719,0,0,,,0,,,180.67,0.0
T017720,0,0,,,0,,,223.14,0.0
T017721,0,0,,,0,,,313.04,0.0
T017722,0,0,,,0,,,159.55,0.0
T017723,0,0,,,0,,,76.53,0.0
T017724,0,0,,,0,,,166.3,0.0
T017725,0,0,,,0,,,457.61,0.0
T017726,0,0,,,0,,,177.73,0.0
T017727,0,0,,,0,,,674.01,0.0
T017728,0,0,,,0,,,205.0,0.0
T017729,0,0,,,0,,,276.23,0.0
T017730,0,0,,,0,,,212.96,0.0
T017731,0,0,,,0,,,190.01,0.0
T017732,1,0,,,0,,,0.0,6989.34
T017733,0,0,,,0,,,224.93,0.0
T017734,0,0,,,0,,,357.13,0.0
T017735,0,0,,,0,,,173.4,0.0
T017736,0,0,,,0,,,131.83,0.0
T017737,0,0,,,0,,,1002.2,0.0
T017738,0,0,,,0,,,1224.1,0.0
T017739,0,0,,,0,,,337.98,0.0
T017740,0,0,,,0,,,222.35,0.0
T017741,0,0,,,0,,,218.72,0.0
T017742,0,0,,,0,,,360.64,0.0
T017743,0,0,,,0,,,203.47,0.0
T017744,0,0,,,0,,,171.84,0.0
T017745,0,0,,,0,,,758.65,0.0
T017746,0,0,,,0,,,743.48,0.0
T017747,0,0,,,0,,,167.77,0.0
T017748,0,0,,,0,,,195.71,0.0
T017749,0,0,,,0,,,163.52,0.0
T017750,0,0,,,0,,,447.1,0.0
T017751,0,0,,,0,,,145.33,0.0
T017752,0,0,,,0,,,64.52,0.0
T017753,0,0,,,0,,,157.84,0.0
T017754,0,0,,,0,,,166.63,0.0
T017755,0,0,,,0,,,312.42,0.0
T017756,0,0,,,0,,,236.0,0.0
T017757,0,0,,,0,,,282.9,0.0
T017758,0,0,,,0,,,459.33,0.0
T017759,0,0,,,0,,,259.3,0.0
T017760,0,0,,,0,,,200.01,0.0
T017761,0,0,,,0,,,80.26,0.0
T017762,0,0,,,0,,,185.63,0.0
T017763,0,0,,,0,,,94.98,0.0
T017764,0,0,,,0,,,206.83,0.0
T017765,0,0,,,0,,,280.83,0.0
T017766,0,0,,,0,,,209.98,0.0
T017767,0,0,,,0,,,202.22,0.0
T017768,0,0,,,0,,,358.45,0.0
T017769,0,0,,,0,,,230.58,0.0
T017770,0,0,,,0,,,158.48,0.0
T017771,0,0,,,0,,,294.37,0.0
T017772,1,0,,,0,,,0.0,519.98
T017773,0,0,,,0,,,161.11,0.0
T017774,0,0,,,0,,,162.74,0.0
T017775,0,0,,,0,,,1409.91,0.0
T017776,0,0,,,0,,,331.16,0.0
T017777,0,0,,,0,,,624.82,0.0
T017778,0,0,,,0,,,173.6,0.0
T017779,0,0,,,0,,,213.77,0.0
T017780,0,0,,,0,,,196.18,0.0
T017781,0,0,,,0,,,388.93,0.0
T017782,1,0,,,0,,,0.0,1099.17
T017783,0,0,,,0,,,163.19,0.0
T017784,0,0,,,0,,,620.23,0.0
T017785,0,0,,,0,,,171.91,0.0
T017786,0,0,,,0,,,132.28,0.0
T017787,0,0,,,0,,,156.5,0.0
T017788,0,0,,,0,,,242.61,0.0
T017789,0,0,,,0,,,397.38,0.0
T017790,0,0,,,0,,,426.89,0.0
T017791,0,0,,,0,,,200.65,0.0
T017792,0,0,,,0,,,312.16,0.0
T017793,0,0,,,0,,,261.39,0.0
T017794,0,0,,,0,,,198.53,0.0
T017795,0,0,,,0,,,263.21,0.0
T017796,0,0,,,0,,,168.93,0.0
T017797,0,0,,,0,,,169.82,0.0
T017798,0,0,,,0,,,312.98,0.0
T017799,0,0,,,0,,,207.61,0.0
T017800,0,0,,,0,,,144.87,0.0
T017801,0,0,,,0,,,173.77,0.0
T017802,0,0,,,0,,,572.77,0.0
T017803,0,0,,,0,,,287.89,0.0
T017804,0,0,,,0,,,302.59,0.0
T017805,0,0,,,0,,,190.18,0.0
T017806,0,0,,,0,,,198.46,0.0
T017807,0,0,,,0,,,305.32,0.0
T017808,0,0,,,0,,,233.27,0.0
T017809,0,0,,,0,,,204.98,0.0
T017810,0,0,,,0,,,724.34,0.0
T017811,0,0,,,0,,,191.8,0.0
T017812,0,0,,,0,,,199.49,0.0
T017813,0,0,,,0,,,185.19,0.0
T017814,0,0,,,0,,,302.09,0.0
T017815,0,0,,,0,,,161.04,0.0
T017816,0,0,,,0,,,154.45,0.0
T017817,0,0,,,0,,,300.06,0.0
T017818,0,0,,,0,,,285.47,0.0
T017819,0,0,,,0,,,547.01,0.0
T017820,0,0,,,0,,,159.8,0.0
T017821,0,0,,,0,,,341.01,0.0
T017822,0,0,,,0,,,171.49,0.0
T017823,0,0,,,0,,,159.33,0.0
T017824,0,0,,,0,,,201.64,0.0
T017825,0,0,,,0,,,151.4,0.0
T017826,0,0,,,0,,,184.01,0.0
T017827,0,0,,,0,,,214.95,0.0
T017828,0,0,,,0,,,255.52,0.0
T017829,0,0,,,0,,,67.27,0.0
T017830,0,0,,,0,,,326.6,0.0
T017831,0,0,,,0,,,217.5,0.0
T017832,0,0,,,0,,,289.16,0.0
T017833,0,0,,,0,,,199.42,0.0
T017834,0,0,,,0,,,240.46,0.0
T017835,0,0,,,0,,,216.91,0.0
T017836,0,0,,,0,,,250.16,0.0
T017837,1,0,,,0,,,0.0,41470.12
T017838,0,0,,,0,,,389.55,0.0
T017839,0,0,,,0,,,143.46,0.0
T017840,0,0,,,0,,,2500.0,0.0
T017841,0,0,,,0,,,226.7,0.0
T017842,0,0,,,0,,,185.83,0.0
T017843,0,0,,,0,,,114.94,0.0
T017844,0,0,,,0,,,185.14,0.0
T017845,0,0,,,0,,,109.96,0.0
T017846,0,0,,,0,,,162.39,0.0
T017847,0,0,,,0,,,371.09,0.0
T017848,0,0,,,0,,,98.36,0.0
T017849,0,0,,,0,,,217.91,0.0
T017850,0,0,,,0,,,149.25,0.0
T017851,0,0,,,0,,,157.59,0.0
T017852,0,0,,,0,,,167.64,0.0
T017853,0,0,,,0,,,523.18,0.0
T017854,0,0,,,0,,,266.43,0.0
T017855,0,0,,,0,,,175.69,0.0
T017856,0,0,,,0,,,185.17,0.0
T017857,0,0,,,0,,,518.41,0.0
T017858,0,0,,,0,,,385.94,0.0
T017859,0,0,,,0,,,321.97,0.0
T017860,0,0,,,0,,,158.62,0.0
T017861,0,0,,,0,,,243.97,0.0
T017862,0,0,,,0,,,304.85,0.0
T017863,0,0,,,0,,,201.55,0.0
T017864,0,0,,,0,,,181.59,0.0
T017865,0,0,,,0,,,169.3,0.0
T017866,0,0,,,0,,,321.9,0.0
T017867,0,0,,,0,,,695.3,0.0
T017868,0,0,,,0,,,182.3,0.0
T017869,0,0,,,0,,,217.01,0.0
T017870,0,0,,,0,,,240.36,0.0
T017871,0,0,,,0,,,121.98,0.0
T017872,0,0,,,0,,,93.91,0.0
T017873,0,0,,,0,,,230.3,0.0
T017874,1,0,,,0,,,0.0,1467.22
T017875,0,0,,,0,,,912.7,0.0
T017876,0,0,,,0,,,196.16,0.0
T017877,0,0,,,0,,,415.41,0.0
T017878,0,0,,,0,,,167.93,0.0
T017879,0,0,,,0,,,172.46,0.0
T017880,0,0,,,0,,,173.41,0.0
T017881,0,0,,,0,,,247.07,0.0
T017882,0,0,,,0,,,148.29,0.0
T017883,0,0,,,0,,,200.04,0.0
T017884,0,0,,,0,,,220.27,0.0
T017885,0,0,,,0,,,574.91,0.0
T017886,0,0,,,0,,,436.11,0.0
T017887,1,0,,,0,,,0.0,1816.49
T017888,0,0,,,0,,,257.8,0.0
T017889,0,0,,,0,,,176.97,0.0
T017890,0,0,,,0,,,235.21,0.0
T017891,0,0,,,0,,,1295.85,0.0
T017892,0,0,,,0,,,166.7,0.0
T017893,0,0,,,0,,,242.82,0.0
T017894,0,0,,,0,,,153.5,0.0
T017895,0,0,,,0,,,171.02,0.0
T017896,0,0,,,0,,,1417.8,0.0
T017897,0,0,,,0,,,97.27,0.0
T017898,0,0,,,0,,,233.59,0.0
T017899,0,0,,,0,,,179.54,0.0
T017900,0,0,,,0,,,155.55,0.0
T017901,0,0,,,0,,,172.45,0.0
T017902,0,0,,,0,,,254.48,0.0
T017903,0,0,,,0,,,657.0,0.0
T017904,0,0,,,0,,,240.12,0.0
T017905,0,0,,,0,,,297.42,0.0
T017906,0,0,,,0,,,945.16,0.0
T017907,0,0,,,0,,,210.97,0.0
T017908,0,0,,,0,,,176.8,0.0
T017909,0,0,,,0,,,157.7,0.0
T017910,0,0,,,0,,,342.52,0.0
T017911,0,0,,,0,,,157.77,0.0
T017912,0,0,,,0,,,154.15,0.0
T017913,0,0,,,0,,,201.4,0.0
T017914,0,0,,,0,,,216.65,0.0
T017915,0,0,,,0,,,356.4,0.0
T017916,0,0,,,0,,,190.88,0.0
T017917,0,0,,,0,,,524.84,0.0
T017918,0,0,,,0,,,188.71,0.0
T017919,0,0,,,0,,,747.45,0.0
T017920,0,0,,,0,,,312.94,0.0
T017921,0,0,,,0,,,214.96,0.0
T017922,0,0,,,0,,,663.43,0.0
T017923,0,0,,,0,,,214.79,0.0
T017924,0,0,,,0,,,1119.09,0.0
T017925,0,0,,,0,,,346.77,0.0
T017926,0,0,,,0,,,517.72,0.0
T017927,0,0,,,0,,,278.64,0.0
T017928,0,0,,,0,,,193.61,0.0
T017929,0,0,,,0,,,333.33,0.0
T017930,0,0,,,0,,,354.3,0.0
T017931,0,0,,,0,,,412.1,0.0
T017932,0,0,,,0,,,174.46,0.0
T017933,0,0,,,0,,,155.04,0.0
T017934,0,0,,,0,,,170.88,0.0
T017935,0,0,,,0,,,166.6,0.0
T017936,0,0,,,0,,,164.69,0.0
T017937,0,0,,,0,,,197.02,0.0
T017938,1,0,,,0,,,0.0,605.56
T017939,0,0,,,0,,,463.89,0.0
T017940,0,0,,,0,,,252.09,0.0
T017941,0,0,,,0,,,155.39,0.0
T017942,0,0,,,0,,,191.09,0.0
T017943,0,0,,,0,,,166.26,0.0
T017944,0,0,,,0,,,562.54,0.0
T017945,0,0,,,0,,,170.41,0.0
T017946,0,0,,,0,,,211.88,0.0
T017947,0,0,,,0,,,422.32,0.0
T017948,0,0,,,0,,,382.65,0.0
T017949,0,0,,,0,,,222.24,0.0
T017950,0,0,,,0,,,353.42,0.0
T017951,0,0,,,0,,,575.52,0.0
T017952,0,0,,,0,,,137.26,0.0
T017953,0,0,,,0,,,358.33,0.0
T017954,0,0,,,0,,,159.24,0.0
T017955,0,0,,,0,,,358.54,0.0
T017956,0,0,,,0,,,166.04,0.0
T017957,0,0,,,0,,,1226.71,0.0
T017958,0,0,,,0,,,191.57,0.0
T017959,0,0,,,0,,,230.73,0.0
T017960,0,0,,,0,,,254.8,0.0
T017961,0,0,,,0,,,206.2,0.0
T017962,0,0,,,0,,,151.79,0.0
T017963,0,0,,,0,,,933.88,0.0
T017964,0,0,,,0,,,208.48,0.0
T017965,0,0,,,0,,,1677.79,0.0
T017966,0,0,,,0,,,163.58,0.0
T017967,0,0,,,0,,,754.23,0.0
T017968,0,0,,,0,,,278.0,0.0
T017969,0,0,,,0,,,492.1,0.0
T017970,0,0,,,0,,,182.47,0.0
T017971,0,0,,,0,,,116.17,0.0
T017972,0,0,,,0,,,362.63,0.0
T017973,0,0,,,0,,,120.31,0.0
T017974,0,0,,,0,,,398.14,0.0
T017975,0,0,,,0,,,257.92,0.0
T017976,0,0,,,0,,,155.84,0.0
T017977,0,0,,,0,,,192.24,0.0
T017978,0,0,,,0,,,134.98,0.0
T017979,0,0,,,0,,,109.18,0.0
T017980,0,0,,,0,,,507.59,0.0
T017981,0,0,,,0,,,334.37,0.0
T017982,0,0,,,0,,,321.77,0.0
T017983,1,0,,,0,,,0.0,1780.28
T017984,0,0,,,0,,,438.96,0.0
T017985,0,0,,,0,,,324.81,0.0
T017986,0,0,,,0,,,188.9,0.0
T017987,0,0,,,0,,,195.02,0.0
T017988,0,0,,,0,,,184.54,0.0
T017989,0,0,,,0,,,761.66,0.0
T017990,0,0,,,0,,,154.42,0.0
T017991,0,0,,,0,,,274.99,0.0
T017992,0,0,,,0,,,243.36,0.0
T017993,0,0,,,0,,,290.84,0.0
T017994,0,0,,,0,,,255.78,0.0
T017995,0,0,,,0,,,458.33,0.0
T017996,0,0,,,0,,,190.44,0.0
T017997,0,0,,,0,,,183.72,0.0
T017998,0,0,,,0,,,271.67,0.0
T017999,0,0,,,0,,,1115.18,0.0
T018000,0,0,,,0,,,132.95,0.0
